时间(s),X坐标(m),Y坐标(m)
445.1,53.9477826672067,-0.3562832605978345
445.2,53.842504227093585,-0.2951711592599671
445.3,53.75594730125874,-0.18064102070654697
445.4,53.64379310994377,-0.11392674028694892
445.5,53.49461052069178,-0.12255344256128808
445.6,53.35077783445576,-0.11291974196842246
445.7,53.09923189896021,-0.06938450883211764
445.8,52.88645621611126,0.04649171890500715
445.9,52.76603650452714,0.1418828114704733
446.0,52.71889426082114,0.20594950723931946
446.1,52.69461739372363,0.2702588522190151
446.2,52.65735989109301,0.3369525611388529
446.3,52.59544092941921,0.3694159850249851
446.4,52.5444000543801,0.3990005188220573
446.5,52.55551190697652,0.5214481477552922
446.6,52.63419245113858,0.7268333255601273
446.7,52.74149440296684,0.9153419438476372
446.8,52.83164528316171,1.0692230223299097
446.9,52.85036043925543,1.2556202968961812
447.0,52.81996025361725,1.4274301969917438
447.1,52.801850931373686,1.517462648747571
447.2,52.78191930069802,1.5647737397993964
447.3,52.760029996010026,1.6066035033656243
447.4,52.733973451204264,1.6202256233091794
447.5,52.66046438921835,1.5411982595235854
447.6,52.54177146185105,1.3704514889113215
447.7,52.40233618037268,1.1718183323547469
447.8,52.28142406580496,0.9661665551316386
447.9,52.22498505677971,0.7272240982592416
448.0,52.23406920138795,0.4565724404872173
448.1,52.25667077672811,0.2396385591768029
448.2,52.25542039040638,0.08153906005408638
448.3,52.25783491997129,-0.09139632191918762
448.4,52.29496578217776,-0.27213761906571504
448.5,52.38626233513837,-0.4132721281259297
448.6,52.529137150656055,-0.48669057897799634
448.7,52.695741469918765,-0.5135832669488773
448.8,52.885228197793936,-0.5292708535949723
448.9,53.0714888243039,-0.5387216886563514
449.0,53.17538545647303,-0.4902152057430074
449.1,53.17736136737232,-0.37114197118457143
449.2,53.147665050134314,-0.21303563555542834
449.3,53.13383865701276,0.009039860913300564
449.4,53.144617182532436,0.2816335527805587
449.5,53.16916442859236,0.549133850984703
449.6,53.180586505501076,0.7774820614130049
449.7,53.17731952939817,0.9460155421968188
449.8,53.15093475097031,1.0413587738032892
449.9,53.082049751202725,1.079557399275896
450.0,52.97741330307284,1.1025318339310357
450.1,52.90536768282925,1.0791671806205405
450.2,52.92444238362891,0.9933605013505834
450.3,52.98612138974765,0.8746973554735608
450.4,53.02153086989575,0.7245767088367505
450.5,53.01004059403897,0.5711347905832426
450.6,52.961342605101066,0.4243916124385329
450.7,52.90169277476891,0.2929825275423943
450.8,52.83026673716761,0.23415165560010098
450.9,52.75416147616402,0.28167353365332326
451.0,52.738665174187986,0.4195815295982166
451.1,52.802627599574244,0.6059992871787582
451.2,52.90697791492294,0.7998329120776614
451.3,53.0095093299557,0.9769193801542067
451.4,53.108098820919444,1.1620080361991634
451.5,53.24338224967203,1.3839988177039093
451.6,53.38771433547882,1.6266457321777261
451.7,53.50448304618494,1.88655914917002
451.8,53.59479317679282,2.159348939341751
451.9,53.674726287578935,2.3901382573505376
452.0,53.73217896384079,2.493325404895083
452.1,53.699071275075084,2.455976509438852
452.2,53.55942243356408,2.3214780953037475
452.3,53.35390311327242,2.1317661754593584
452.4,53.1192464975406,1.9106859737467727
452.5,52.854523349514125,1.6333109296293977
452.6,52.56698190447971,1.3313381323165654
452.7,52.310969167482,1.0548044401073762
452.8,52.10474945247191,0.7637419057923659
452.9,51.93698668219642,0.43836306835246963
453.0,51.807010897458355,0.11196365590920059
453.1,51.73551952115365,-0.1418889635607184
453.2,51.715160087340045,-0.2822219308169298
453.3,51.71984983499901,-0.3367863225578972
453.4,51.69971163348491,-0.33783198564168543
453.5,51.61287848086552,-0.3038028237936389
453.6,51.49683364774448,-0.2526701578484818
453.7,51.364712612631365,-0.24005232582605576
453.8,51.190003591429,-0.2779044822458372
453.9,50.96996409142082,-0.30502308778706905
454.0,50.740834708660806,-0.2879872805269465
454.1,50.51717296909064,-0.25249036243618056
454.2,50.30076307568473,-0.2051775244263668
454.3,50.11149397751499,-0.14970365111207184
454.4,49.98164729481825,-0.12022351149723529
454.5,49.96455684302187,-0.11900796442138885
454.6,50.07119103259856,-0.11563165791755209
454.7,50.24683653704053,-0.08544202733809393
454.8,50.489603853649825,-0.023790884132984046
454.9,50.83227588707564,0.0528543191234343
455.0,51.20762071179576,0.11418429908556321
455.1,51.54037772854044,0.14400583212814566
455.2,51.838849228464206,0.1591251426002563
455.3,52.11399838340551,0.1612316989351391
455.4,52.35731529193743,0.19540362057414215
455.5,52.542863659541815,0.3188946146308033
455.6,52.67618650953336,0.4947255292046847
455.7,52.779147064697305,0.6705839343960303
455.8,52.8485235812712,0.8312202672455715
455.9,52.853899089314126,0.9772297576603655
456.0,52.81644626085347,1.152909734833236
456.1,52.83348439946213,1.4040883231731245
456.2,52.92041895940028,1.6815319259050048
456.3,53.03557048097753,1.931950203389166
456.4,53.14276624015434,2.1001382350319826
456.5,53.236458475104136,2.1111759510342805
456.6,53.2928176341685,1.9750928865815687
456.7,53.27854964548207,1.766387509875291
456.8,53.21340122219689,1.5334590517987154
456.9,53.12379715677451,1.289374948727588
457.0,53.01820133128054,1.015255730002914
457.1,52.863199320472,0.6566081812656206
457.2,52.62154840576686,0.20061937860325676
457.3,52.31134378355041,-0.2850667355147427
457.4,51.98538643202232,-0.7045438871342994
457.5,51.68605079434922,-0.9788431296670392
457.6,51.473614300122,-1.1234628653090328
457.7,51.40242553732566,-1.1988528993505883
457.8,51.401899787057665,-1.2194116284537115
457.9,51.394364156115714,-1.2000245359956325
458.0,51.381988916517685,-1.1494973341592594
458.1,51.372255720809406,-1.0465740767693403
458.2,51.40928643850334,-0.8244863598053809
458.3,51.53629460609387,-0.46357621580723013
458.4,51.779228442234995,-0.0696653929664997
458.5,52.10984700423324,0.24005065309396476
458.6,52.4228791390469,0.47360548603230723
458.7,52.62297417341471,0.6950129271799272
458.8,52.724364198319286,0.9172442008581886
458.9,52.83587674169548,1.1282221083798234
459.0,53.03170861892848,1.3161716878977516
459.1,53.307751184363,1.475031923373746
459.2,53.575792971323246,1.5565194014532566
459.3,53.74669454979037,1.4787943265587027
459.4,53.77015392350738,1.2854206717083048
459.5,53.6162701189465,1.1174747878880709
459.6,53.35706786244669,1.0142655135599927
459.7,53.12223356367692,0.9243271833267422
459.8,52.97104797228551,0.8051100374167762
459.9,52.8691652389937,0.6556119078034496
460.0,52.78189872208566,0.4997362790744454
460.1,52.676394966957155,0.3558528333400617
460.2,52.52393142414287,0.24586636127408132
460.3,52.3944118219847,0.22689527840459417
460.4,52.35443139233487,0.2916074286456415
460.5,52.4417207559806,0.3467136690061338
460.6,52.651961473958266,0.3476211190315445
460.7,52.89404696660211,0.30882325009209316
460.8,53.10171608699607,0.2653911711836425
460.9,53.25105606737529,0.25073250614281695
461.0,53.31014313213074,0.24619488755242266
461.1,53.276709832593355,0.2169148249322521
461.2,53.20783294562025,0.1484934937334799
461.3,53.14574273015111,0.021240382139021463
461.4,53.0843752304629,-0.16534452449248893
461.5,52.99273434072091,-0.37235681495269757
461.6,52.821904813145586,-0.5719276543195679
461.7,52.56996817623838,-0.7559446459422726
461.8,52.27137954578424,-0.9684651000356347
461.9,51.96080937658,-1.2610458801872462
462.0,51.68194778178217,-1.541205221120003
462.1,51.477747025699,-1.7200907524486524
462.2,51.34967602602251,-1.8428797782657136
462.3,51.24021271914537,-1.9398068148950842
462.4,51.131715140418166,-1.9925715268367439
462.5,51.04395847527366,-2.0014491068140825
462.6,50.963104880165446,-1.9802077116218322
462.7,50.913068739799634,-1.9426993861501882
462.8,50.91935388792006,-1.8708507828390937
462.9,50.96065717104197,-1.7060025719209968
463.0,51.00336560227054,-1.4958911678695663
463.1,51.00437874681998,-1.388367485527895
463.2,50.96668346129988,-1.4010233042404776
463.3,50.91442797055493,-1.448944105064651
463.4,50.84983919432122,-1.495151193966401
463.5,50.75972473311938,-1.554184134401308
463.6,50.67587325208631,-1.6292477470690592
463.7,50.64087626883513,-1.7085144434336677
463.8,50.629686000250786,-1.7789335926872796
463.9,50.61616659290748,-1.8590254368530763
464.0,50.6124713967236,-1.967835358134607
464.1,50.64711117161487,-2.035536921158584
464.2,50.721245758825354,-2.030963759901368
464.3,50.808500867650835,-2.0015911807444446
464.4,50.87240747282963,-1.9189824273666998
464.5,50.90386817704264,-1.7569078494295367
464.6,50.94238309117454,-1.5406090530548644
464.7,50.97083358250129,-1.2890644868564545
464.8,51.014350809088654,-0.9990914546660116
464.9,51.13574691264549,-0.6753703661138503
465.0,51.29056246148443,-0.3655081094279929
465.1,51.427277886982104,-0.08733393316275388
465.2,51.52143427738344,0.19735141276076795
465.3,51.57413123328372,0.5176201852303783
465.4,51.64613413031195,0.7974148151932419
465.5,51.79308957716871,0.9394126117534416
465.6,51.9553134416893,0.9652649981595874
465.7,52.05495080320011,0.9269136188100472
465.8,52.08676548870889,0.8344572955738083
465.9,52.013160576048016,0.6797617646546338
466.0,51.86289019711848,0.49564960911435124
466.1,51.73147410508869,0.3454207050676507
466.2,51.68216553373809,0.2248240455423823
466.3,51.74596646675661,0.08334771444064744
466.4,51.86553759541257,-0.09929639603065382
466.5,51.94875246030421,-0.24215239062248123
466.6,52.025504877308826,-0.32391485940417386
466.7,52.20317909137688,-0.4086249249227297
466.8,52.478995306410454,-0.5077519587082253
466.9,52.81322516426422,-0.608826131725188
467.0,53.15012128516623,-0.7027321942194356
467.1,53.408877729518714,-0.8217456996925617
467.2,53.54975424072006,-0.9791258036653666
467.3,53.540602039878536,-1.14271717173233
467.4,53.45805372025722,-1.2812400938309203
467.5,53.419469118725765,-1.3851309634963096
467.6,53.4052895476776,-1.4765729932197293
467.7,53.32334193397098,-1.5440980404259823
467.8,53.13480571134646,-1.5570147265724026
467.9,52.88069400502914,-1.52245057812462
468.0,52.639240118371816,-1.4639717886881423
468.1,52.48766303639352,-1.3968813004925666
468.2,52.43861151262943,-1.3218383855999618
468.3,52.4938191480165,-1.2439494145167684
468.4,52.593726285866886,-1.1799067666159229
468.5,52.6105607373152,-1.152367507137999
468.6,52.465560785689355,-1.2243555916717797
468.7,52.27211788750449,-1.3103413220717668
468.8,52.08667070455187,-1.392127557124821
468.9,51.91592794671717,-1.4303797450495563
469.0,51.75194586744136,-1.4435972616057995
469.1,51.54539940516466,-1.4230913695561902
469.2,51.28417503231123,-1.3693559360543957
469.3,50.986091788089034,-1.2902131352759887
469.4,50.6147819565829,-1.1866982867587739
469.5,50.23152565725891,-1.0357496045555665
469.6,49.905111388817765,-0.8345474824059422
469.7,49.68563722600528,-0.5327524939319027
469.8,49.4882132190309,-0.22313866470146346
469.9,49.276914316424275,0.12178962163111957
470.0,49.064625968855744,0.4638039033510133
470.1,48.88860878125558,0.78013898840697
470.2,48.74621037771487,1.0457451408675522
470.3,48.61030483265998,1.275347208076858
470.4,48.43642721501435,1.446327866110679
470.5,48.26819476239811,1.5458602725311352
470.6,48.11022260501878,1.5862320138668438
470.7,47.93826891337483,1.5898195960643242
470.8,47.74077041214024,1.5581077379663684
470.9,47.5001059209615,1.5217262805635263
471.0,47.22357630696444,1.4442445159605368
471.1,46.90988755654747,1.2952629702984322
471.2,46.55130391312218,1.0920928780457724
471.3,46.14790437466016,0.8629963038175603
471.4,45.683635389297336,0.6302688117567927
471.5,45.19701096492523,0.43217192443150587
471.6,44.71338921673448,0.2838867392465452
471.7,44.24980480547046,0.1723236834608628
471.8,43.803248487991965,0.0862541202883173
471.9,43.34235806628594,0.02472832254757437
472.0,42.89876427126962,-0.029099775353248782
472.1,42.50520012951707,-0.08588079119481941
472.2,42.205515951818874,-0.13526842923110968
472.3,41.99224347441082,-0.16106708898230662
472.4,41.79275788686019,-0.1478627967114498
472.5,41.624463755828536,-0.1146075283516704
472.6,41.482917243348126,-0.08369617833603846
472.7,41.33682138293184,-0.0626285693698116
472.8,41.16650984770616,-0.03642707497044287
472.9,40.976243098113144,-0.003726237488766046
473.0,40.78315990791177,0.02651435170753238
473.1,40.60025290112975,0.04516036758935979
473.2,40.40571188117481,0.06000859665504339
473.3,40.14592730157462,0.07951012703726715
473.4,39.7736465468723,0.09043584656689636
473.5,39.37119147926709,0.0650758246190179
473.6,38.934588272715715,0.0029573375475877924
473.7,38.469416243813136,-0.08078769190877927
473.8,37.986996086127576,-0.20215027802421537
473.9,37.53570190442412,-0.3729187063782341
474.0,37.10910833337911,-0.5753577265842069
474.1,36.705384951006096,-0.7834821927193417
474.2,36.28918241410169,-0.9746707553870028
474.3,35.83689788339746,-1.1436458702857926
474.4,35.32862262675747,-1.3026879764733472
474.5,34.807825994219584,-1.448732317956488
474.6,34.27973024152212,-1.5276354384895996
474.7,33.77105420611629,-1.5196506718528184
474.8,33.27657209066023,-1.4284469835448819
474.9,32.8131421090417,-1.237206939051532
475.0,32.34210772346898,-0.9650757531017908
475.1,31.836614609210542,-0.6583888582955384
475.2,31.297740502413998,-0.36559725931304554
475.3,30.77526362523973,-0.09415158593620837
475.4,30.313312594998887,0.1916241475841053
475.5,29.92280122483926,0.5118534896241029
475.6,29.60246967210585,0.8439391606570137
475.7,29.346678047413846,1.1307059682289986
475.8,29.162069298024495,1.3707516213456628
475.9,29.051574398394447,1.55103574540571
476.0,28.961159884822703,1.6562589712435558
476.1,28.858749727368778,1.6903206134831807
476.2,28.767748185072687,1.6829735765185274
476.3,28.695449324241974,1.6699597871749043
476.4,28.636896006357325,1.6666874530677267
476.5,28.556778349984725,1.6294182148007024
476.6,28.46764250333657,1.5680437120422328
476.7,28.363086995171315,1.5269751734117543
476.8,28.23655374637806,1.5011691091697081
476.9,28.08162028485486,1.45590172268573
477.0,27.912328646496654,1.4187729328006793
477.1,27.78185884149832,1.3975992129278483
477.2,27.727365065494414,1.3804161625952667
477.3,27.74818119657814,1.3604748837769567
477.4,27.80644662931843,1.359723127374451
477.5,27.90230661682175,1.3841909352836925
477.6,28.03241638599836,1.419199698409747
477.7,28.18027119976871,1.4301794675617865
477.8,28.301421324960526,1.3877483076807653
477.9,28.373687116780356,1.2717770735304212
478.0,28.41252466748587,1.1198894804459
478.1,28.397738949908206,0.9545583981260833
478.2,28.266111968875716,0.8108418325259055
478.3,27.99541032607606,0.7053535133082145
478.4,27.60745902823451,0.6245563359712549
478.5,27.137682269663664,0.5337420706303105
478.6,26.60504870122695,0.4346887664636053
478.7,26.04655363964423,0.35544970567826867
478.8,25.498682960429118,0.3133120877071419
478.9,25.012943883137996,0.3364572141108911
479.0,24.585853069947724,0.4594523597170008
479.1,24.165829960089958,0.6663022863954761
479.2,23.760569906946174,0.9113014279372366
479.3,23.416680290648113,1.155050712652088
479.4,23.192942502392075,1.35064401455847
479.5,23.06834345667792,1.5209330093932112
479.6,23.00502089268454,1.66460673607149
479.7,22.943683171566132,1.7586433958846257
479.8,22.8534984257293,1.810106697724521
479.9,22.70569562373396,1.8369908682529306
480.0,22.50406235573397,1.81976546545375
480.1,22.289975930814926,1.7615632783267294
480.2,22.088315595707837,1.6561366726979394
480.3,21.894638767395865,1.5169880917322318
480.4,21.712005159782276,1.3064239126842168
480.5,21.494248386226676,1.0604549811419228
480.6,21.251496306663544,0.7830186001896352
480.7,21.020685909306923,0.5003719065320046
480.8,20.810894726296453,0.22918541543008394
480.9,20.663047305849854,-0.005683324006776251
481.0,20.580523807701425,-0.26532479705782525
481.1,20.526699857903107,-0.5517714322312701
481.2,20.463861288947083,-0.8140265942307973
481.3,20.39345108994274,-1.0406820017167362
481.4,20.357183025652002,-1.2804224529841324
481.5,20.345156717299258,-1.4823121577510447
481.6,20.32319039075038,-1.6216033706729183
481.7,20.258716839263588,-1.697856310413892
481.8,20.1776476264197,-1.7215504198268319
481.9,20.132582737538726,-1.6863037547127782
482.0,20.076512296493313,-1.6111878634938577
482.1,19.98571211943153,-1.4473510439943782
482.2,19.871434120357534,-1.210288942779304
482.3,19.751800793059417,-0.9615473819981407
482.4,19.63293895464872,-0.7497310955645866
482.5,19.4718324667335,-0.5187113387068462
482.6,19.27686106763001,-0.2502674639549349
482.7,19.079074740304478,0.06341948589466347
482.8,18.894527321568034,0.38987121621967996
482.9,18.68964109581598,0.6601237453348446
483.0,18.43325673445452,0.8927543000062003
483.1,18.146174455848424,1.0859368134017815
483.2,17.85417658015834,1.220895116067055
483.3,17.568062562053186,1.3204249499576415
483.4,17.298708932869893,1.3987049794996977
483.5,17.039287726453733,1.474820181648444
483.6,16.78842688938698,1.537139095966237
483.7,16.536067006381227,1.5693176366853185
483.8,16.29924084310592,1.560736479011875
483.9,16.06810674881424,1.489702507472122
484.0,15.838852461397114,1.4101802120854352
484.1,15.613333449898482,1.3014727641198356
484.2,15.378617782534631,1.1691589857250249
484.3,15.125317290795664,1.020724592989602
484.4,14.846005491575653,0.8540574626788373
484.5,14.529922673815589,0.6707368871320489
484.6,14.18124096290663,0.503951649420349
484.7,13.812708307930098,0.37104356221959217
484.8,13.432126904616279,0.25883397770457134
484.9,13.051180306581097,0.16910152600208153
485.0,12.680836087185092,0.12692756388949797
485.1,12.322735665564528,0.11029880018020251
485.2,11.988420921522124,0.10011869434894628
485.3,11.69157815208131,0.0861820873832634
485.4,11.406441049550113,0.08141753383156523
485.5,11.138912336472691,0.084527481989751
485.6,10.904667125434026,0.11539176236577108
485.7,10.71154769297608,0.16710267333851359
485.8,10.537861415635916,0.22790483454789962
485.9,10.3462850473276,0.24792974385064853
486.0,10.116453965423194,0.2150155745927003
486.1,9.835981023078686,0.15431886882755513
486.2,9.475118192841144,0.09756110433263789
486.3,9.01212320654269,0.045240174539681655
486.4,8.505867261344132,0.060762757562812506
486.5,8.004053888055962,0.1384511270210671
486.6,7.4920266926402554,0.26307006522937576
486.7,6.942599848774003,0.3969551615280286
486.8,6.3545321999565525,0.5219825624852668
486.9,5.756634028211315,0.6158589762358685
487.0,5.187717268552981,0.7312761986112499
487.1,4.63863566902982,0.8653761621109759
487.2,4.147780626695365,1.0186077814373866
487.3,3.7681936483194036,1.197674505850843
487.4,3.47030946623556,1.3839057821930798
487.5,3.1478398943163417,1.5031109278346846
487.6,2.824818380982739,1.54319968099883
487.7,2.5393083554303226,1.52514317690202
487.8,2.2781705826108367,1.4596431007235893
487.9,2.0380073439370974,1.3485341341102264
488.0,1.8114173034996879,1.2213298717963808
488.1,1.5709798933780812,1.0802448414531955
488.2,1.288973955449539,0.9314644934855686
488.3,0.9427311678877373,0.7744587146121735
488.4,0.5938608869222839,0.6246395229433133
488.5,0.3062278862211148,0.4953684014993147
488.6,0.09178896609338208,0.41310616098329317
488.7,-0.10018677892632316,0.3973269940501563
488.8,-0.274708088043914,0.4496107304450389
488.9,-0.38846451053173414,0.5527341249215432
489.0,-0.45965633177402787,0.7089192648097421
489.1,-0.493063002239929,0.9088311445720598
489.2,-0.4680410382873273,1.1239193513114474
489.3,-0.35896360544868955,1.3257941690507231
489.4,-0.16305208957558665,1.5617957019660949
489.5,0.039825478192075076,1.8250076466542133
489.6,0.22800136308375632,2.1281015055553785
489.7,0.4288381995047393,2.4469606985067363
489.8,0.6464663804785151,2.755268347489115
489.9,0.8531756211683543,3.001430032402563
490.0,1.0481459845843843,3.206414965685514
490.1,1.235975349829431,3.380921566701311
490.2,1.3838294726085092,3.5566490615137623
490.3,1.4812654944108992,3.7823396640064306
490.4,1.5379784222589328,4.1062736271367815
490.5,1.569075529571608,4.4773813031856005
490.6,1.5596979672308728,4.863958624783653
490.7,1.4942317774043026,5.251537256770461
490.8,1.3662713916659734,5.641535414688205
490.9,1.1867693177875898,6.032174398532205
491.0,0.9522731659873707,6.481058090221115
491.1,0.6401400017491482,7.005461941948716
491.2,0.3064147591935653,7.580655048461979
491.3,0.011678404993953805,8.158584497720415
491.4,-0.261513521685546,8.719453325134175
491.5,-0.5305085102961518,9.226890133656626
491.6,-0.7971096029802985,9.654877344673066
491.7,-1.0276909569392225,10.005737855553901
491.8,-1.208078951679052,10.299074575219002
491.9,-1.3536672153043847,10.535167739297727
492.0,-1.4539230332111048,10.745964019722608
492.1,-1.4730727672968984,10.933482850429847
492.2,-1.4362496791825519,11.078050524349736
492.3,-1.4191647280663087,11.188976336250327
492.4,-1.4487706293423386,11.284844643434774
492.5,-1.4885958101093855,11.382036025488443
492.6,-1.5165615748794776,11.462762673213284
492.7,-1.5361450988478482,11.524893827320485
492.8,-1.5426226840538058,11.59066518074814
492.9,-1.5217743975261548,11.681808606601543
493.0,-1.4643561009552586,11.775536982916396
493.1,-1.3847668605511638,11.833322697664197
493.2,-1.3039529772525398,11.848705381207186
493.3,-1.198234529424048,11.833710189227515
493.4,-1.0663216912115705,11.794385207133315
493.5,-0.9161577346004666,11.716511438368883
493.6,-0.7454558919390432,11.614761545722944
493.7,-0.5702332894827514,11.529254231825826
493.8,-0.4295085434196141,11.474981491151258
493.9,-0.3302245291525187,11.456328035824411
494.0,-0.2645606506424588,11.445872235489237
494.1,-0.23314213664201455,11.458106436545338
494.2,-0.25324186535208953,11.500224699543857
494.3,-0.31748256915124046,11.564624481023555
494.4,-0.38505015169463874,11.627016078948015
494.5,-0.4396133371156477,11.680981314927909
494.6,-0.49485742699460766,11.725373078777515
494.7,-0.5751614297602391,11.725292091982267
494.8,-0.6598238045054244,11.68356443730775
494.9,-0.6797363696856465,11.671749123137932
495.0,-0.6712391409786933,11.680864521352497
495.1,-0.6820478362101449,11.712346679689032
495.2,-0.7083683552526496,11.776403614896639
495.3,-0.7318154986919176,11.887368177278205
495.4,-0.7281261908488907,12.037798273382652
495.5,-0.7320276202534374,12.245659406434168
495.6,-0.7380699246070305,12.50796912764985
495.7,-0.7255311701572196,12.834384492228537
495.8,-0.6793752539888552,13.23783703780537
495.9,-0.6076580612000367,13.734173580424185
496.0,-0.5446310858559934,14.250754666411927
496.1,-0.4782744904254916,14.756417263180754
496.2,-0.39923514106813873,15.224914449602101
496.3,-0.29982500550063745,15.651284104461467
496.4,-0.17873856145377764,16.014385155175464
496.5,-0.06143128358102639,16.323869993384758
496.6,0.05442872915619916,16.5785574751875
496.7,0.17131206129337198,16.783327200448806
496.8,0.28819958013564995,16.942831234376914
496.9,0.3680027328648315,17.132481403201382
497.0,0.3946310581607314,17.328744019270967
497.1,0.3605317329086836,17.517904961162557
497.2,0.2735143405610512,17.688304674085757
497.3,0.14380061391564566,17.85504872637461
497.4,-0.0007832435005663955,18.043327850670217
497.5,-0.16225103714431752,18.279716479965735
497.6,-0.3378681619082862,18.55814054646336
497.7,-0.5287464603930925,18.873778728453882
497.8,-0.7408544828498126,19.208281621864238
497.9,-0.9549802690416371,19.54847371468417
498.0,-1.13004779631663,19.80335427239583
498.1,-1.246141124478329,19.93992427229512
498.2,-1.2966629807134828,20.005391868825257
498.3,-1.2793789433448661,20.06737908276742
498.4,-1.2213929043015512,20.160569080252134
498.5,-1.1525486012919772,20.253668534211926
498.6,-1.0509184636553879,20.354431271018218
498.7,-0.9075006011304118,20.479930889558755
498.8,-0.7576516142840617,20.63443132005742
498.9,-0.606213412534884,20.843628696299866
499.0,-0.4696231222955347,21.116614194601393
499.1,-0.3733108711539348,21.468869147629405
499.2,-0.3255604241307811,21.92566111127326
499.3,-0.31727297290143935,22.458668312586276
499.4,-0.3345518628004719,23.032178220080507
499.5,-0.34205247468418887,23.616698332386736
499.6,-0.36654926237429813,24.201036329320562
499.7,-0.4436700104095909,24.75395791698969
499.8,-0.5556147457679539,25.259682877892885
499.9,-0.6528664458676968,25.71180309411068
500.0,-0.7380732245979107,26.13422103452522
500.1,-0.8212933215528402,26.54462702008067
500.2,-0.8842153562373368,26.90616201077994
500.3,-0.9305654383033933,27.198253496272457
500.4,-0.9458417369996215,27.457675143064304
500.5,-0.947835233102933,27.692766112574933
500.6,-0.9494181662587711,27.91255654496135
500.7,-0.9342266958182143,28.135319269465597
500.8,-0.8953000029567005,28.402124227661105
500.9,-0.8861635838039151,28.698786620458915
501.0,-0.8931723278084444,28.993244090105307
501.1,-0.8927790757952355,29.242019685654984
501.2,-0.9072868973217951,29.472630758182426
501.3,-0.9498321038878873,29.741755543356966
501.4,-0.982520304051651,30.078576284935707
501.5,-1.028963072537058,30.45054530712421
501.6,-1.0969700684042907,30.827764197475254
501.7,-1.1909122399535392,31.181892522677778
501.8,-1.2977700064211022,31.51372876765215
501.9,-1.4042916274623556,31.78842176566255
502.0,-1.5048202674065019,32.027203839247804
502.1,-1.612565507182417,32.292436643929925
502.2,-1.6918484115803152,32.607121257885936
502.3,-1.69722864038752,32.91774307267329
502.4,-1.6190934972745294,33.22510331677909
502.5,-1.5069775213674945,33.527839478680725
502.6,-1.3775336925561474,33.83576957139827
502.7,-1.2368549056675242,34.188478153653236
502.8,-1.0827025623241637,34.578796689215324
502.9,-0.8911660457061331,34.95487081696012
503.0,-0.6575061298993294,35.3511226161553
503.1,-0.36277401780782126,35.785156034075634
503.2,-0.03962003581378976,36.226992679387195
503.3,0.25489286053859617,36.66041530471578
503.4,0.48547567173515493,37.07898736262321
503.5,0.6689686916860743,37.46145364886672
503.6,0.7928470059683378,37.785902557635914
503.7,0.8562310418426612,38.03367264688918
503.8,0.904939902535178,38.213166434365824
503.9,0.9995010820347571,38.32327986358991
504.0,1.094540178952546,38.409897680017124
504.1,1.1605137111061055,38.46860233112123
504.2,1.189842615970621,38.5228672046947
504.3,1.1997012084671563,38.59069951895876
504.4,1.1784775024018486,38.675438979756954
504.5,1.1378177078487102,38.77913207793084
504.6,1.082547794184343,38.91282865521614
504.7,1.0476778791849874,39.09730924474846
504.8,1.0398297464076052,39.35048276999346
504.9,1.028389020489306,39.637882789933286
505.0,0.9628221301739207,39.984933259823215
505.1,0.8537380877603329,40.38927825681001
505.2,0.7225074779974231,40.808132378399485
505.3,0.5804334006044601,41.188862282083235
505.4,0.46582543256919773,41.583200803910444
505.5,0.40847600361305825,42.006433508021715
505.6,0.3928902227719231,42.450273229153595
505.7,0.38726803300656054,42.88503203552859
505.8,0.37626419449837023,43.27763800490795
505.9,0.3872456688581902,43.60092058738371
506.0,0.4350179675475541,43.87766708463603
506.1,0.5083436582076545,44.101692671765505
506.2,0.5948485864847401,44.276465166262966
506.3,0.6880342776984162,44.43127222784865
506.4,0.7898375339912724,44.63467073857534
506.5,0.8517759414073329,44.81557372415857
506.6,0.8581834964797771,44.94790624690091
506.7,0.8217098718026891,45.02856755041354
506.8,0.7680396554548053,45.088190437967555
506.9,0.7524775993879215,45.14879984630813
507.0,0.7495380294223821,45.20590488004288
507.1,0.7437481612682074,45.258715422019264
507.2,0.7402618388751839,45.33970994645046
507.3,0.7589337183379055,45.45356626697731
507.4,0.8102929343080671,45.61816735725032
507.5,0.885810282940875,45.77814415779144
507.6,0.9883571035295641,45.927820785315824
507.7,1.1128812887100399,46.07105163585381
507.8,1.2588267853073911,46.21619812883652
507.9,1.4175996056073576,46.36078267555967
508.0,1.5189817487788035,46.53735470330359
508.1,1.5542989477970908,46.767701703735156
508.2,1.5356986270322261,47.02256269203969
508.3,1.474857705061656,47.27561952120761
508.4,1.3682208900278985,47.50197590832
508.5,1.215594471377607,47.68267251756808
508.6,0.9934829605081904,47.826700052270375
508.7,0.6937281416147347,47.9654762393712
508.8,0.3479762014216767,48.12085002992331
508.9,-0.01647667127643905,48.253453107312545
509.0,-0.3788584648521012,48.35003266280117
509.1,-0.6751183366292332,48.382907412114484
509.2,-0.8773616141261897,48.34000499817426
509.3,-1.0016806761572583,48.241120938415605
509.4,-1.0936637677063041,48.15735985452641
509.5,-1.1568110937985312,48.112472432556366
509.6,-1.2036698479917147,48.097031761542056
509.7,-1.2187151721330458,48.100990946537124
509.8,-1.197934646494302,48.11091940137687
509.9,-1.1283467837405043,48.05770605043806
510.0,-1.0211262900237803,47.97759284103429
510.1,-0.8817464602740489,47.88497727972203
510.2,-0.7495676228801493,47.817643001044004
510.3,-0.6447920664482365,47.79382640719223
510.4,-0.6111260351929936,47.839705243063946
510.5,-0.5916274187334035,47.900767120648034
510.6,-0.5746303308213135,47.97847433095159
510.7,-0.5567163771600755,48.070519945063054
510.8,-0.5521742646901261,48.15797169198654
510.9,-0.5524410698402608,48.259126718738074
511.0,-0.5890671437474555,48.44293682228829
511.1,-0.639919441473042,48.71588414249436
511.2,-0.6790498898137852,49.046714835765854
511.3,-0.702023992409592,49.39683048931224
511.4,-0.7523504756520029,49.73912071341337
511.5,-0.7835207938359414,50.03011668193647
511.6,-0.8210928672194094,50.25776964987456
511.7,-0.8662337139526454,50.414553715002256
511.8,-0.9137155905829336,50.53306953104553
511.9,-0.9465845632401311,50.642740872067705
512.0,-0.9596118940664492,50.71147734117279
512.1,-0.9419045861875031,50.737396061651935
512.2,-0.900562146248717,50.75044622662325
512.3,-0.8739874817866258,50.77263565263819
512.4,-0.9175151141188311,50.83829520873243
512.5,-0.9869139943853485,50.975629669790095
512.6,-1.0723705995597828,51.19231314038574
512.7,-1.1648402748174178,51.47933873833003
512.8,-1.262339097447998,51.80692822953511
512.9,-1.3414372256742557,52.112554906715516
513.0,-1.3999703827618182,52.40200191848308
513.1,-1.4298737768102507,52.70459336903139
513.2,-1.4162269228936475,53.02408882028978
513.3,-1.3678402782596528,53.343875133165064
513.4,-1.3293464492362637,53.59456789699271
513.5,-1.2554633824267745,53.73840639754105
513.6,-1.1647096878371825,53.790503709316006
513.7,-1.0777711532905854,53.79152913811662
513.8,-0.9972330541685444,53.796846903466324
513.9,-0.8573895713962785,53.83247751998253
514.0,-0.6754719831766554,53.9096178544013
514.1,-0.4581509329430016,54.016475590869284
514.2,-0.26437456270093135,54.140334768951874
514.3,-0.14154897178935918,54.2605259711607
514.4,-0.11482767478770799,54.3696685886313
514.5,-0.14143002477906572,54.53843465954049
514.6,-0.1766012232298835,54.77934033500745
514.7,-0.1671577036017079,55.070446181402325
514.8,-0.10398034888465178,55.35675983636548
514.9,-0.01067983463030573,55.5567302918068
515.0,0.030164730625663518,55.69568964113764
515.1,0.0006010580015444934,55.82602891867505
515.2,-0.07793561091390144,55.96340941959886
515.3,-0.15105892819232614,56.102873267598966
515.4,-0.23353320728157526,56.210258801281796
515.5,-0.3072108845699608,56.29599482943925
515.6,-0.35361596595817074,56.336643956489844
515.7,-0.3971205093178277,56.31633678297357
515.8,-0.4640373070289881,56.267603461655405
515.9,-0.5534375549171967,56.22626522926896
516.0,-0.644512514259607,56.226055440316095
516.1,-0.7121812747963591,56.27043411191917
516.2,-0.732369991035609,56.345241732516456
516.3,-0.7165902650562702,56.42473547831818
516.4,-0.6971993314425089,56.49864239238211
516.5,-0.6412983337597533,56.60400225914512
516.6,-0.5433697688517527,56.742497299910276
516.7,-0.40544485769300365,56.931248269355024
516.8,-0.2296237074035047,57.13733433017121
516.9,-0.044159337130682236,57.34122158459836
517.0,0.15752364239214647,57.54204501959277
517.1,0.3805380730291788,57.747698299289986
517.2,0.6125753215817856,57.93331132323362
517.3,0.8369584196923278,58.08155225923754
517.4,1.0292374335179086,58.1969302417341
517.5,1.2073253214572484,58.29645119595032
517.6,1.3739755672921872,58.3550065256514
517.7,1.514154959321884,58.34205032101397
517.8,1.6089302630674363,58.288601465225675
517.9,1.6188933352758703,58.31020470029323
518.0,1.5650292141189388,58.366468024439676
518.1,1.4657752634920085,58.407498519864276
518.2,1.3327370969535444,58.41941980403731
518.3,1.161946839820411,58.41833168176393
518.4,0.9686243827432572,58.446344444497434
518.5,0.779253889449269,58.50102345611105
518.6,0.61381467395262,58.574606527256236
518.7,0.4820478455076508,58.69207202842565
518.8,0.38435587603302585,58.86475893706809
518.9,0.32592975269708,59.04480976120687
519.0,0.3250947039854654,59.17880140592631
519.1,0.37722918290011903,59.309956687657774
519.2,0.47125164473923414,59.48319985406924
519.3,0.6032282400489487,59.7048846571777
519.4,0.7551165835630219,60.00472016166264
519.5,0.9074035183974984,60.33275766258617
519.6,1.0344018285501362,60.65579075016959
519.7,1.1044637624481541,60.93505695888507
519.8,1.1118349537712966,61.17174950422827
519.9,1.0624722369968174,61.38214643778028
520.0,0.9639670597871469,61.58390092568346
520.1,0.8307304547086051,61.7664413751969
520.2,0.6660379191238981,61.92950346368598
520.3,0.4586286829801905,62.0768307727951
520.4,0.22355007821681536,62.20698614112255
520.5,-0.011683179244570503,62.28354048355534
520.6,-0.24306295849377738,62.290260841699755
520.7,-0.4492315447711478,62.24120127275699
520.8,-0.6142725002268571,62.18118841530698
520.9,-0.732423210110419,62.200367296302005
521.0,-0.8113016765285437,62.3022912274032
521.1,-0.8537947562914606,62.491261455762306
521.2,-0.8606007448381097,62.73927620958382
521.3,-0.8289740180886132,63.01890722057508
521.4,-0.7536728215188983,63.26940593301469
521.5,-0.6550226022331255,63.49598670822689
521.6,-0.559235927798719,63.71410438162437
521.7,-0.48230476818012735,63.97405626752841
521.8,-0.4191388757202727,64.29458239382392
521.9,-0.36737330376662825,64.63789753636304
522.0,-0.32972795767294155,64.9103177790226
522.1,-0.29276137908468053,65.07760625853051
522.2,-0.2551969392709466,65.11504047206162
522.3,-0.22224154536803617,65.04026099750308
522.4,-0.25499161715063606,64.84216649329154
522.5,-0.35674211272712375,64.5767038891044
522.6,-0.48937869413317436,64.3194210340526
522.7,-0.5959466467760376,64.10950641494281
522.8,-0.6639142036081396,63.91673681429857
522.9,-0.7205988212842256,63.679256345890145
523.0,-0.7795420280860661,63.416324212652064
523.1,-0.842318096783389,63.13886048428444
523.2,-0.9068792098225711,62.887882923719694
523.3,-0.9883792265108834,62.6880739076772
523.4,-1.1102155010396433,62.5762175298271
523.5,-1.2052909384092374,62.575714798739135
523.6,-1.253851574170707,62.652315752433566
523.7,-1.2761953870471567,62.706899355810826
523.8,-1.2901777003126187,62.70333033149859
523.9,-1.3504879313724836,62.670319944920806
524.0,-1.4391796512413544,62.670929453409826
524.1,-1.5486011111799278,62.7146900156376
524.2,-1.6993672906242425,62.7925870682708
524.3,-1.903266220446654,62.88839938309206
524.4,-2.132382017470521,63.004466963386136
524.5,-2.3690408439112067,63.09986965772414
524.6,-2.5994568491462338,63.16396015607765
524.7,-2.8244727745984624,63.22111943914876
524.8,-3.069385005459449,63.26816139676855
524.9,-3.384836698508711,63.2844664235596
525.0,-3.710775631966385,63.25806942968399
525.1,-4.033274382043234,63.20469316128703
525.2,-4.3234329370998745,63.14475412115988
525.3,-4.560600081366247,63.088075035027266
525.4,-4.688917056426013,63.06777766253863
525.5,-4.737538437208855,63.09580229802262
525.6,-4.7328388579252385,63.123438186549244
525.7,-4.717788225556368,63.116231664687625
525.8,-4.687961560886721,63.08985013226104
525.9,-4.634095412944678,63.113070563594874
526.0,-4.526554292284566,63.189578086642335
526.1,-4.371375025474222,63.31336295935648
526.2,-4.1781636771066,63.45022957300132
526.3,-3.968278028190998,63.57121533076727
526.4,-3.7537146114754125,63.60599621787339
526.5,-3.582228528094663,63.51267209317191
526.6,-3.45813984966608,63.31465499028365
526.7,-3.3598439447448603,63.09193002394366
526.8,-3.2954917565021664,62.885702810522154
526.9,-3.350229608465746,62.73685343134744
527.0,-3.498734940574358,62.59751204607463
527.1,-3.704340959187377,62.45108396263365
527.2,-3.950048805659203,62.31134157056115
527.3,-4.237249702670107,62.212147625194255
527.4,-4.563386686039525,62.170263514693026
527.5,-4.928711950151655,62.25035589239708
527.6,-5.329079320059591,62.43062713132667
527.7,-5.751548683749922,62.65178850447032
527.8,-6.171154269686176,62.893525028080994
527.9,-6.569847357048446,63.144031936727764
528.0,-6.91192885559195,63.368840721284094
528.1,-7.213844583450401,63.58078086403851
528.2,-7.463551042023513,63.789858759593066
528.3,-7.663931728046017,63.97811746317915
528.4,-7.825622824474252,64.08899586101795
528.5,-7.959753860728509,64.10430656903654
528.6,-8.056402352306772,64.06614127621663
528.7,-8.122409556811043,64.03243767586211
528.8,-8.179936815868146,64.00443406962569
528.9,-8.249041056512972,63.95334369786765
529.0,-8.297107545379946,63.88413840936506
529.1,-8.301585265072942,63.79157940238019
529.2,-8.314162028526976,63.67878627372445
529.3,-8.393110797600865,63.54574272674132
529.4,-8.531312214573825,63.39533807297319
529.5,-8.705387902123809,63.27926340915237
529.6,-8.918622801530956,63.19330411830391
529.7,-9.187772442889559,63.0921426438394
529.8,-9.519389463860005,62.99095766386036
529.9,-9.902146210400366,62.91663733646323
530.0,-10.329607930023185,62.88051378151711
530.1,-10.804904182913857,62.88608918079738
530.2,-11.294382307896699,62.92361139353694
530.3,-11.749631403341247,62.97986366794736
530.4,-12.110487897252948,63.07048308094113
530.5,-12.39733863306919,63.1909432543472
530.6,-12.632237672160358,63.33989428840453
530.7,-12.817114521714364,63.53043502730768
530.8,-12.958121788717163,63.72978930421873
530.9,-13.060566885286313,63.85439918151702
531.0,-13.10916190281231,63.907686927215785
531.1,-13.08973469168581,63.926440479890836
531.2,-12.991795927943473,63.92610304719241
531.3,-12.837587904892617,63.90601482738923
531.4,-12.6933708692587,63.87572994887662
531.5,-12.60578876135313,63.82245380698973
531.6,-12.577490660719663,63.706610400763545
531.7,-12.598814322662186,63.482198942095195
531.8,-12.63252768566993,63.14931452898919
531.9,-12.648642288712493,62.810650069511645
532.0,-12.653661114537933,62.53156423720338
532.1,-12.653666836971949,62.31134232624918
532.2,-12.683252167723504,62.1120206928887
532.3,-12.781269607152701,61.915840160192595
532.4,-12.95240305357675,61.71726301077906
532.5,-13.132495677965691,61.50877912164769
532.6,-13.30685132036171,61.27575064223711
532.7,-13.455140233914722,61.05571839191125
532.8,-13.588629998026533,60.91519511732708
532.9,-13.728449041518587,60.906956200016936
533.0,-13.878750021483178,60.947765111333894
533.1,-14.015554663101238,60.97942334008155
533.2,-14.142710202027587,60.98073465370756
533.3,-14.249040801316436,60.972396729476195
533.4,-14.342703557420295,61.00742806607482
533.5,-14.407660227889282,61.09978399871816
533.6,-14.45232749154579,61.221748125719046
533.7,-14.488524027667939,61.35517277956276
533.8,-14.52039177226579,61.479375346543456
533.9,-14.491114811199365,61.581716218091564
534.0,-14.405089490255369,61.62568984658694
534.1,-14.311640942746173,61.64067366561887
534.2,-14.25037150095025,61.66724982002622
534.3,-14.214468878791472,61.71534423262796
534.4,-14.203313566556686,61.78823518902767
534.5,-14.217765297670542,61.83266508630648
534.6,-14.235759600770598,61.8182695549156
534.7,-14.228366082632213,61.750943690321726
534.8,-14.203950691362131,61.68797652234052
534.9,-14.202448197607264,61.747808971513265
535.0,-14.291682396865802,61.89999548826966
535.1,-14.498516625476462,62.09980812402421
535.2,-14.76993202932062,62.298330996524875
535.3,-15.057411948827838,62.48329542988651
535.4,-15.289759839509584,62.61634758723267
535.5,-15.453508829358235,62.68417176470811
535.6,-15.568007688892159,62.73536212636552
535.7,-15.701549665758064,62.821845802410806
535.8,-15.876204411093392,62.930951064325946
535.9,-16.096604842005885,63.00403399686475
536.0,-16.32482284924427,62.94923584410983
536.1,-16.526153880700182,62.780069514762175
536.2,-16.684062178632463,62.538523597537385
536.3,-16.820692779005725,62.26817506779377
536.4,-16.95804079177021,61.96471723271019
536.5,-17.175761466305648,61.66766735466026
536.6,-17.479909610040522,61.38834091346252
536.7,-17.829432357671944,61.09847744033735
536.8,-18.195474308777275,60.78487153197163
536.9,-18.602604326485928,60.47621431365426
537.0,-19.033489642963776,60.19950345975863
537.1,-19.460235041979328,59.97292513435675
537.2,-19.86174536948705,59.81569865639251
537.3,-20.22648541848021,59.71537909539631
537.4,-20.547945993550393,59.62165452341103
537.5,-20.81717484703484,59.54625077054755
537.6,-21.02558130226765,59.48597418415084
537.7,-21.181165026955583,59.43794989910196
537.8,-21.29923457191654,59.41136869508814
537.9,-21.378871439503587,59.39437731397852
538.0,-21.403196414407052,59.38773220766416
538.1,-21.3679824308413,59.3910724266008
538.2,-21.289299778710923,59.39902414408298
538.3,-21.194805038261123,59.40296621719115
538.4,-21.1213071416559,59.40127572419103
538.5,-21.072126144591863,59.43594193347085
538.6,-21.060995277823125,59.52407233884244
538.7,-21.1015578685242,59.6725020895018
538.8,-21.172395893871364,59.82941470926718
538.9,-21.21078032029094,59.9502067012702
539.0,-21.229926466242397,60.0370235318479
539.1,-21.239959139286512,60.09208745548484
539.2,-21.267617310134423,60.12854073610295
539.3,-21.337811619583338,60.13945987357551
539.4,-21.451233528119854,60.12887679467874
539.5,-21.55639115822088,60.102793975081184
539.6,-21.67477351965991,60.040241013638926
539.7,-21.811614409521834,59.90839791173218
539.8,-21.941883347909187,59.72243076547698
539.9,-22.04708890686863,59.5866050934794
540.0,-22.1560831623037,59.531098547388915
540.1,-22.253688282006888,59.536412253578284
540.2,-22.33632756117335,59.541951181475454
540.3,-22.38989127331786,59.51536776061877
540.4,-22.44536329946745,59.47002497140391
540.5,-22.518294894447596,59.40053487272201
540.6,-22.606009062992378,59.3008381599428
540.7,-22.661661789290054,59.18486383101735
540.8,-22.683160034855945,59.07310651288862
540.9,-22.700992750296418,59.01082073144471
541.0,-22.75246653962154,58.92240356377992
541.1,-22.871242662952895,58.770649934035305
541.2,-23.050628076989625,58.558800542198334
541.3,-23.268044040435793,58.3548626698354
541.4,-23.52307903763748,58.213611587062886
541.5,-23.782999248143195,58.11308618493945
541.6,-24.000663300202657,58.04225715121963
541.7,-24.160595360124752,58.00325456996988
541.8,-24.26871327579178,57.99701092471204
541.9,-24.358446551026944,58.03642611503931
542.0,-24.42077207054804,58.04567253210587
542.1,-24.45019804154811,58.022103787238734
542.2,-24.46319915586885,58.01279983042685
542.3,-24.491060128775075,58.048723279434604
542.4,-24.525550218101966,58.112831080780026
542.5,-24.547951092891513,58.171538637553176
542.6,-24.556307424353168,58.216950247355136
542.7,-24.583947647997434,58.25088370632622
542.8,-24.654302253540525,58.299779765856854
542.9,-24.80516512732961,58.37750322855016
543.0,-24.990626219562774,58.4668205728828
543.1,-25.18620064100089,58.59483525056708
543.2,-25.366762809364165,58.7935161860885
543.3,-25.493612143152234,59.04245667205466
543.4,-25.58170529712711,59.23336294016065
543.5,-25.653858332472268,59.3707073558926
543.6,-25.72865609532647,59.48185015643414
543.7,-25.80393290875402,59.60047212161958
543.8,-25.890289621291288,59.722847083899275
543.9,-25.976957542066103,59.77045622163755
544.0,-26.046638186604653,59.75512014358472
544.1,-26.11727234982641,59.698049005492564
544.2,-26.198672537055394,59.5770744840398
544.3,-26.30797533485012,59.36897074527719
544.4,-26.470886436035833,59.04893000118686
544.5,-26.66222365858022,58.709976975693046
544.6,-26.874662996086204,58.412461251065764
544.7,-27.09971292292859,58.17191297959254
544.8,-27.329204521892617,57.94207608410977
544.9,-27.54739311994692,57.6806735632782
545.0,-27.74955964709593,57.4417412604281
545.1,-27.920378259272113,57.23905085550552
545.2,-28.074395125994364,57.091504098639525
545.3,-28.23595487109122,57.00973076998862
545.4,-28.41210742793156,56.93353662540433
545.5,-28.574740108471794,56.883424616093265
545.6,-28.696187732122965,56.85849805985899
545.7,-28.777648755830718,56.811345998249074
545.8,-28.8491452985732,56.72074051408387
545.9,-28.90705556095767,56.57518986915546
546.0,-28.968879667131294,56.412680769789475
546.1,-29.058931913373844,56.252008666578426
546.2,-29.165581513819735,56.08861703129085
546.3,-29.246856423983182,55.88366080183758
546.4,-29.298811544166984,55.6205220040606
546.5,-29.33562923203459,55.38349013351697
546.6,-29.381410411398598,55.20449397129119
546.7,-29.459759657251663,55.110286112188646
546.8,-29.571966347762125,55.082496165902505
546.9,-29.66152570070151,55.05622646151713
547.0,-29.73017804091464,55.06071013477237
547.1,-29.776916745547716,55.11969282135612
547.2,-29.821152005627404,55.22866060498165
547.3,-29.883815481194645,55.35903205905636
547.4,-29.99708009938604,55.490140996468476
547.5,-30.146185169302555,55.63113438569524
547.6,-30.28968371648604,55.76435064207583
547.7,-30.386851853027668,55.86513165045677
547.8,-30.438457814803026,55.91667063410702
547.9,-30.450951145484613,55.90808248525902
548.0,-30.450535137656118,55.88664553480282
548.1,-30.4525681556357,55.87804042527875
548.2,-30.46764810718137,55.87810253057649
548.3,-30.48313687627133,55.86650683581426
548.4,-30.507474514139837,55.83473417577245
548.5,-30.51275540210236,55.80628960361143
548.6,-30.507490029172928,55.76849769697744
548.7,-30.52438456843107,55.71038090055326
548.8,-30.568269050082165,55.62781987981686
548.9,-30.65012459511771,55.498380826692944
549.0,-30.79263563703055,55.38034541313445
549.1,-31.003393577407998,55.30494043012963
549.2,-31.248740785326117,55.246024641611854
549.3,-31.50013358855995,55.1835280544995
549.4,-31.77422094059724,55.093534929715226
549.5,-32.071326441401446,54.987092754256
549.6,-32.37332063240902,54.859539855695196
549.7,-32.66245501904493,54.72667040981646
549.8,-32.950775520197226,54.60941570250129
549.9,-33.22772590809296,54.53986465369835
550.0,-33.46025558481043,54.50741127290833
550.1,-33.63905367016883,54.464816121998346
550.2,-33.81096726084232,54.40388588876001
550.3,-34.017466664293266,54.34346851305277
550.4,-34.21454474814295,54.289336176409506
550.5,-34.36003907144373,54.25775764217454
550.6,-34.471303712885586,54.25994609873772
550.7,-34.584123647624075,54.30273939945703
550.8,-34.69547070713286,54.388465500380335
550.9,-34.7546983916525,54.498951835049155
551.0,-34.79808130983983,54.59014450272482
551.1,-34.85647813977816,54.672320235951226
551.2,-34.91957428432382,54.75673947701694
551.3,-34.93645653388168,54.81912086819285
551.4,-34.90477321442484,54.835142121183345
551.5,-34.88561325149657,54.8103937850735
551.6,-34.87899085932552,54.768484672287784
551.7,-34.84703940987703,54.69791871394937
551.8,-34.800743844253894,54.56016035271404
551.9,-34.775880399051395,54.318788536483794
552.0,-34.7989142153763,54.015198545527255
552.1,-34.865560855124436,53.70477011556388
552.2,-34.955281152010485,53.40976254547692
552.3,-35.05645141796188,53.12604974608703
552.4,-35.18633051412203,52.87850395778543
552.5,-35.34191773661508,52.682761459669265
552.6,-35.49876283128045,52.525427759076685
552.7,-35.66430105321586,52.3923873170327
552.8,-35.820734381701094,52.28337255799997
552.9,-35.960012074742764,52.239737390845974
553.0,-36.085567539720245,52.27514805804722
553.1,-36.207530797897576,52.35941362489297
553.2,-36.29803378269316,52.47994814178994
553.3,-36.353434150323544,52.635650692746815
553.4,-36.44097100465003,52.79762912371883
553.5,-36.562052241913236,52.934464894066195
553.6,-36.65437196901309,53.00421400418789
553.7,-36.684249938404285,52.98641595064053
553.8,-36.699648809937806,52.90358873532986
553.9,-36.77597364895789,52.77734035769884
554.0,-36.86583158008585,52.615581242955955
554.1,-36.9328593794689,52.43691506381238
554.2,-37.00332501680247,52.21940710843823
554.3,-37.11459326472687,51.928618951721994
554.4,-37.29825755925624,51.58402003576908
554.5,-37.479937768889535,51.22998427940101
554.6,-37.64976696308308,50.86320817238871
554.7,-37.85514944722178,50.511627906002076
554.8,-38.13883520864267,50.21315135055733
554.9,-38.513809139066716,49.98920039514864
555.0,-38.922113788915,49.80013964805673
555.1,-39.36241825583722,49.62304359063121
555.2,-39.81412954744787,49.47998815518417
555.3,-40.24986855757164,49.402396121931275
555.4,-40.66692872644537,49.37912703115894
555.5,-41.03222959259594,49.37403749929603
555.6,-41.35633376074145,49.365618645750054
555.7,-41.62584976839943,49.35240770603919
555.8,-41.83894676268352,49.32601278242789
555.9,-42.03365698703088,49.28046147245648
556.0,-42.180800491152915,49.185289755939465
556.1,-42.29368124669612,49.066150802969325
556.2,-42.388363588478846,48.930569969301835
556.3,-42.493879579709485,48.75718586552864
556.4,-42.65496957816997,48.510065670853805
556.5,-42.87934169568051,48.207373602634746
556.6,-43.142148312673584,47.859891799958
556.7,-43.421675597189875,47.48244865410069
556.8,-43.721018795780374,47.10874860729495
556.9,-44.06613862936296,46.791951006698746
557.0,-44.429886557913925,46.51604112744381
557.1,-44.78376591917199,46.24606209154356
557.2,-45.11725288111388,45.93821689624573
557.3,-45.44711816926172,45.57976107724529
557.4,-45.81932960352173,45.21144613154006
557.5,-46.18546415091556,44.86645512136376
557.6,-46.52303028616125,44.5443276121296
557.7,-46.85891702661533,44.24501687502584
557.8,-47.23101017285872,43.96577415790328
557.9,-47.62183362090065,43.68980119113825
558.0,-48.00103660210487,43.376183108781
558.1,-48.35796055731343,43.02425720634612
558.2,-48.712042433044196,42.65520337455195
558.3,-49.07604910720023,42.31014963902812
558.4,-49.41944108330581,42.04252060051399
558.5,-49.691648291226514,41.811809065786456
558.6,-49.900453972449505,41.589258176010574
558.7,-50.05384040612971,41.34463577047437
558.8,-50.165758375116326,41.070412624664975
558.9,-50.228756222159085,40.80915048996528
559.0,-50.28148178260984,40.552792179363074
559.1,-50.34007125475285,40.29298476871669
559.2,-50.39014013103431,40.033799992756194
559.3,-50.41280353712995,39.778814710155025
559.4,-50.43814180024424,39.55019155118799
559.5,-50.49663051282718,39.298351828956655
559.6,-50.61689073875925,39.01488949670314
559.7,-50.81430358207993,38.71177059225252
559.8,-51.081536101990764,38.388239958505594
559.9,-51.334652339249736,38.05371729990454
560.0,-51.55796385578049,37.71943908713525
560.1,-51.7479499900487,37.40588612414122
560.2,-51.93040341578546,37.092526402660674
560.3,-52.131964218801926,36.7806209156852
560.4,-52.41092332550129,36.52802937656796
560.5,-52.736927469509304,36.317786363189285
560.6,-53.048014472982715,36.110683657866474
560.7,-53.278655956652436,35.87804697856581
560.8,-53.43169258913094,35.655776297414164
560.9,-53.493530901064744,35.522158638249756
561.0,-53.53586870618128,35.445347062517165
561.1,-53.59445586218969,35.352125663461905
561.2,-53.68173893745215,35.22271836518577
561.3,-53.76687917149152,35.09241814941437
561.4,-53.86577982289166,34.96958276932541
561.5,-53.93290412461801,34.80444419015092
561.6,-53.967948670508456,34.57944825025649
561.7,-54.026690265142584,34.33746757979713
561.8,-54.11947824640128,34.1204628095847
561.9,-54.23159642691482,33.91110093843236
562.0,-54.395809927552676,33.65426063095407
562.1,-54.62547035953508,33.377816843389446
562.2,-54.8982600919371,33.113111099181324
562.3,-55.191729262721374,32.86450610814864
562.4,-55.485702548840116,32.65107766404055
562.5,-55.75266153405264,32.46933389182272
562.6,-55.96308503531479,32.31902793191568
562.7,-56.0882838355492,32.2119184737831
562.8,-56.137937297561955,32.166580803975414
562.9,-56.16503544382287,32.122316027511694
563.0,-56.16654376745528,32.06797811839659
563.1,-56.14105284388158,32.017731322852896
563.2,-56.08544685079442,31.97956566291157
563.3,-55.99319743526034,31.94369339485012
563.4,-55.85400199685046,31.87007593067759
563.5,-55.69419687419702,31.719300768134985
563.6,-55.56768323128254,31.529226541112585
563.7,-55.5359282148457,31.30985132447032
563.8,-55.581500104739526,31.064510733534373
563.9,-55.66217411937317,30.769468020037188
564.0,-55.78110772120119,30.45463832332359
564.1,-55.94206544494859,30.13524375244322
564.2,-56.111106685246334,29.84662332666819
564.3,-56.27320982245752,29.587513395454412
564.4,-56.418980284284096,29.37491244248408
564.5,-56.558527289886506,29.260731144897566
564.6,-56.70147111603999,29.248215594904423
564.7,-56.814635789818176,29.299741745672886
564.8,-56.88006547685102,29.350133226700812
564.9,-56.8918975026714,29.33156899909509
565.0,-56.89283039689292,29.296928351197096
565.1,-56.884543403656465,29.30733043909735
565.2,-56.883379886190376,29.36395463858399
565.3,-56.9122877420921,29.426715676519827
565.4,-56.958480841279474,29.431643856560015
565.5,-57.03253885911511,29.348584408065822
565.6,-57.11734174794588,29.168297143547093
565.7,-57.19740937222557,28.910767970144082
565.8,-57.29984516468673,28.601461165487787
565.9,-57.41402734904777,28.29493634173568
566.0,-57.570972222308775,28.042504990524616
566.1,-57.76168020285957,27.801742410042195
566.2,-57.97291371676222,27.510959247258032
566.3,-58.18633782690358,27.13797074643296
566.4,-58.35813886159306,26.674933162221077
566.5,-58.50145042649688,26.198133631013942
566.6,-58.63951407912991,25.749112206960998
566.7,-58.80482853207689,25.351346077587138
566.8,-59.00203754330992,24.991912772897855
566.9,-59.17585479502511,24.648860653607304
567.0,-59.30189981282088,24.33892886702769
567.1,-59.3799548203712,24.078492089070707
567.2,-59.41933016427109,23.850159825875302
567.3,-59.4179257761464,23.674814223617986
567.4,-59.41293492733171,23.575531735608493
567.5,-59.44300363413259,23.55798602754036
567.6,-59.51500261438232,23.592470905896736
567.7,-59.594795356166465,23.648315782344376
567.8,-59.64322251180929,23.714666779139147
567.9,-59.70282011742062,23.778397389440258
568.0,-59.772255821479924,23.806792381094283
568.1,-59.846765706176825,23.74555746867372
568.2,-59.93418988398828,23.614590156271603
568.3,-60.030775090522916,23.451023306771557
568.4,-60.17199394191614,23.24717533126115
568.5,-60.33149225869029,22.978448553721055
568.6,-60.45444294204429,22.65734589519032
568.7,-60.492535581258515,22.297099068835085
568.8,-60.453276059128115,21.913346986691156
568.9,-60.45514405984812,21.498194406600092
569.0,-60.47546395486427,21.065638631154243
569.1,-60.50239928127785,20.652837410655483
569.2,-60.51941697887848,20.305545776499926
569.3,-60.535733476737285,20.0007518257623
569.4,-60.54677413697189,19.74394732193941
569.5,-60.49949632571152,19.55072331223598
569.6,-60.37243226493491,19.412908054656388
569.7,-60.22039419536025,19.294956637094703
569.8,-60.10634843858573,19.182979776894847
569.9,-60.101641607337676,19.084137101583668
570.0,-60.11590785486949,18.97737595404625
570.1,-60.10724415939604,18.865192206345437
570.2,-60.0763096148188,18.738450418920113
570.3,-60.059333115427236,18.577414618815265
570.4,-60.08777536238808,18.345605143432298
570.5,-60.16321267802767,18.025311531714554
570.6,-60.28622533930761,17.63102140494527
570.7,-60.45681654527652,17.2089460499885
570.8,-60.681808543362074,16.782423927306887
570.9,-60.94793523697478,16.34702427929979
571.0,-61.19341398022818,15.897252720502381
571.1,-61.39357982229257,15.45104504929484
571.2,-61.53203593677503,15.00015666194495
571.3,-61.62594964207953,14.546870366278684
571.4,-61.70144079976835,14.105974269053899
571.5,-61.72919722312293,13.704298558198133
571.6,-61.7434372944141,13.367812678533395
571.7,-61.77327638347401,13.108858226281116
571.8,-61.7888821436053,12.901197866141922
571.9,-61.77625406034721,12.690343080845757
572.0,-61.729934866243504,12.487637860308752
572.1,-61.64655764843547,12.268299295628422
572.2,-61.56386041300454,12.035349543264687
572.3,-61.52576769006465,11.810901910407871
572.4,-61.55586829973201,11.62344574127632
572.5,-61.64388816256962,11.459818052048725
572.6,-61.78218538086128,11.30732859768729
572.7,-61.931718581425464,11.111719463334829
572.8,-62.070124064438666,10.837499532094137
572.9,-62.24660300321685,10.499850465850358
573.0,-62.47233558802484,10.139318286376842
573.1,-62.73263478727842,9.731453061101421
573.2,-62.99461016623525,9.274158637926387
573.3,-63.23361781135139,8.76219918863485
573.4,-63.43650921440983,8.25284529753501
573.5,-63.57942418024281,7.7313474580726025
573.6,-63.6418108225073,7.163669648965411
573.7,-63.635661216626815,6.537816061484756
573.8,-63.61436488694694,5.8798463899415365
573.9,-63.60817232124533,5.252479336088357
574.0,-63.59608021625972,4.672472598152955
574.1,-63.55730459230792,4.1526256140036475
574.2,-63.49774067828048,3.6955496172904905
574.3,-63.449880713949774,3.3065651138651657
574.4,-63.4479417687867,3.0128148425855823
574.5,-63.49177172237225,2.740206193165181
574.6,-63.565667467978116,2.4688829490296316
574.7,-63.65308652307972,2.222860862917945
574.8,-63.751342377595556,2.026786139374849
574.9,-63.82719614912892,1.8903885953016009
575.0,-63.84030756490018,1.7647490967737391
575.1,-63.778286557464504,1.6152461231399047
575.2,-63.65782214652867,1.4163557601688497
575.3,-63.498698132259456,1.1862071842426396
575.4,-63.33935402711405,0.9569792190222508
575.5,-63.16603334669192,0.697335072036929
575.6,-63.014165174352044,0.43927201190119525
575.7,-62.922782993946456,0.21141847827425442
575.8,-62.85735540806116,0.0212006548820893
575.9,-62.81948406179804,-0.14114547581045517
576.0,-62.819080896503145,-0.3121517906229368
576.1,-62.86893404545215,-0.5084142780944396
576.2,-62.98813176428167,-0.6981697591078191
576.3,-63.187226734956774,-0.8440208663212295
576.4,-63.430046593224795,-0.9680073393315966
576.5,-63.65293240302353,-1.1055057666187365
576.6,-63.852137668424305,-1.2513134085742759
576.7,-64.01156360878826,-1.4258974357730483
576.8,-64.13889346307737,-1.6457587548618624
576.9,-64.25344685887345,-1.91423833534999
577.0,-64.35784167469332,-2.206524754657451
577.1,-64.43605352266314,-2.4909380470986062
577.2,-64.47872824922193,-2.7483507289885787
577.3,-64.482004013073,-2.997676332614832
577.4,-64.42915381095301,-3.270680003605416
577.5,-64.35300172948554,-3.534378281559098
577.6,-64.28260606211336,-3.765121926881832
577.7,-64.21240104522093,-3.951371867752514
577.8,-64.14096181474427,-4.079157554037063
577.9,-64.06360251521517,-4.180035966249764
578.0,-63.99333751581576,-4.263694322431736
578.1,-63.93335309702898,-4.337321806335269
578.2,-63.879407292297856,-4.420313614331967
578.3,-63.82898803999597,-4.534080560063444
578.4,-63.77407520325603,-4.678426558265474
578.5,-63.74765885933263,-4.817933612517724
578.6,-63.736641431373734,-4.974139810281735
578.7,-63.729844183292286,-5.17008041096033
578.8,-63.72130523899337,-5.42874104824729
578.9,-63.740342865024154,-5.752874871886732
579.0,-63.77751021808317,-6.0812308922696445
579.1,-63.84358254643973,-6.380964248438744
579.2,-63.928118516827084,-6.660725330197153
579.3,-64.03782565267691,-6.914719386596956
579.4,-64.1243382935628,-7.184020543438336
579.5,-64.1876319078049,-7.477538021918277
579.6,-64.21728007982819,-7.752896897462143
579.7,-64.2340621960415,-7.94803384120059
579.8,-64.23896858526733,-8.08153963901089
579.9,-64.25164095280152,-8.177620580036464
580.0,-64.25324761150036,-8.241495569718014
580.1,-64.23608329142547,-8.319954892870662
580.2,-64.17884950086672,-8.450856243603415
580.3,-64.06734641767717,-8.630013119010464
580.4,-63.88204570381724,-8.790844168633102
580.5,-63.68845903236668,-8.873943705506916
580.6,-63.515094813039404,-8.879225211711873
580.7,-63.365160192749116,-8.86082542000563
580.8,-63.23094666947232,-8.836304794452609
580.9,-63.15592286892847,-8.81591812542863
581.0,-63.09118309679928,-8.810283156094414
581.1,-62.979630476014535,-8.842452530553308
581.2,-62.83881126202923,-8.88762167162268
581.3,-62.724005683318744,-8.922315468116448
581.4,-62.64215131793196,-8.945135240861244
581.5,-62.591931885270135,-9.013636230930462
581.6,-62.56327606454809,-9.146005064166578
581.7,-62.541651917775496,-9.345429968287913
581.8,-62.53114944102783,-9.61780937525208
581.9,-62.52846344203942,-9.984585070968505
582.0,-62.50177559091523,-10.40356811646222
582.1,-62.484764334121856,-10.82436213935798
582.2,-62.49995645620488,-11.220403889522428
582.3,-62.52235526412482,-11.595716806022715
582.4,-62.57112256931282,-11.955709492855853
582.5,-62.65943215584071,-12.309929332603474
582.6,-62.794642319658244,-12.660080110383113
582.7,-62.97388218175421,-12.989261613086786
582.8,-63.159256551030516,-13.290317772738748
582.9,-63.30727959350917,-13.561509011154238
583.0,-63.448915637620686,-13.777392054377156
583.1,-63.59537690080431,-13.943978094149163
583.2,-63.72218958469128,-14.104378053082913
583.3,-63.828779677920075,-14.280716766272503
583.4,-63.91036943564325,-14.462171877427899
583.5,-63.92831085442563,-14.645053846014132
583.6,-63.87642931171335,-14.797244114009315
583.7,-63.75907705432052,-14.911601829804283
583.8,-63.622549337524745,-15.000419340833298
583.9,-63.482224444475904,-15.077721712232194
584.0,-63.31582651700674,-15.176833168513696
584.1,-63.094212297695655,-15.35463556824505
584.2,-62.857226866456195,-15.591631052956386
584.3,-62.64332225284973,-15.840846869455033
584.4,-62.47515414085004,-16.042698259853488
584.5,-62.373543649201444,-16.21024115162251
584.6,-62.283974830194936,-16.391974561953738
584.7,-62.16928002097397,-16.65159243564876
584.8,-62.0247581536249,-16.982305343537465
584.9,-61.828965412469664,-17.371449888183026
585.0,-61.63467825626865,-17.781924913896315
585.1,-61.52313514262435,-18.14602125773607
585.2,-61.4865670631413,-18.410366171068905
585.3,-61.45359699343209,-18.589910802021777
585.4,-61.32683758585681,-18.72525210441524
585.5,-61.0863624168838,-18.87536743787257
585.6,-60.761087297998984,-19.08699440006534
585.7,-60.428454648499375,-19.346486700241368
585.8,-60.118861613692545,-19.62136192928296
585.9,-59.89283233356839,-19.86847275868542
586.0,-59.708155542503896,-20.095754292589742
586.1,-59.502364136276086,-20.32794118344452
586.2,-59.227935646227756,-20.613492730423093
586.3,-58.89519402841818,-20.987210115199428
586.4,-58.54315264624397,-21.489919186540202
586.5,-58.267995635826765,-22.09652223515864
586.6,-58.111007036760064,-22.734513112750694
586.7,-58.06291184901426,-23.31367809046185
586.8,-58.08569931981488,-23.80580674565928
586.9,-58.13446930548637,-24.191198252072933
587.0,-58.160778929924476,-24.54518851447248
587.1,-58.17885417071198,-24.897003223570188
587.2,-58.183876063562735,-25.26900852291518
587.3,-58.17652239405222,-25.646899078845422
587.4,-58.16296655408161,-25.992065009345776
587.5,-58.129511233739294,-26.253547838745284
587.6,-58.03097351228436,-26.42282885479532
587.7,-57.821542942006204,-26.555196368526286
587.8,-57.49360079268058,-26.71347750002453
587.9,-57.08786537117217,-26.916263463463746
588.0,-56.65837637370465,-27.149209190076473
588.1,-56.215438025061445,-27.38710295368513
588.2,-55.81494753657751,-27.609392268472153
588.3,-55.51062160244849,-27.79454777683006
588.4,-55.23837568637241,-27.948895480209693
588.5,-54.95896632197452,-28.115946400110207
588.6,-54.72292967042229,-28.31273594391179
588.7,-54.60292962055541,-28.546174378099185
588.8,-54.59248496629212,-28.8028859700647
588.9,-54.66368968843994,-29.09240181929022
589.0,-54.785940828875795,-29.38469497497798
589.1,-54.92615101719801,-29.698735640510414
589.2,-55.04022442946677,-30.0490380625287
589.3,-55.08452452253082,-30.428494165877645
589.4,-55.05218673921366,-30.81016602280461
589.5,-55.01873609777076,-31.181800429509906
589.6,-55.0264692919674,-31.540491470492096
589.7,-55.02276290960022,-31.889645658264143
589.8,-54.95177865009673,-32.2396544240801
589.9,-54.81946970197148,-32.61353734428158
590.0,-54.64876376066209,-32.979233743557934
590.1,-54.450819578764644,-33.33252054056295
590.2,-54.24404952197629,-33.653589574157884
590.3,-54.04792163585958,-33.928296542194246
590.4,-53.88578381335817,-34.144462249896044
590.5,-53.75615876975621,-34.32769938372891
590.6,-53.641899149827275,-34.50992449109167
590.7,-53.51845003122244,-34.70509930780479
590.8,-53.383715498466536,-34.89111462790196
590.9,-53.286417871001454,-35.02098296911884
591.0,-53.23905107654559,-35.11398462539424
591.1,-53.22513531878295,-35.204643106576604
591.2,-53.251388245944256,-35.322599344317744
591.3,-53.336040586969176,-35.49696767027799
591.4,-53.47527370530411,-35.719602611415645
591.5,-53.6426154654601,-36.00474534264247
591.6,-53.798217435811836,-36.31475281927487
591.7,-53.93099781124511,-36.60425218526829
591.8,-54.047209614199325,-36.868891843869946
591.9,-54.153220753968256,-37.11201449419663
592.0,-54.23300074939236,-37.364300173672625
592.1,-54.29019719650723,-37.605438983617375
592.2,-54.30646599727399,-37.805983316132924
592.3,-54.26374880084409,-37.94135615123517
592.4,-54.13303002199557,-37.967153465113284
592.5,-53.91911440549155,-37.89241361127759
592.6,-53.63581103682913,-37.75868842908206
592.7,-53.32441479337093,-37.62947922709917
592.8,-53.03587607555949,-37.492798908930915
592.9,-52.83247532489987,-37.31657073957258
593.0,-52.651887143658705,-37.123065241775436
593.1,-52.44824665992599,-36.934357084565356
593.2,-52.24626014105717,-36.767842945962876
593.3,-52.07771329623643,-36.626441686953186
593.4,-51.9297876013579,-36.50773528945263
593.5,-51.82247585966168,-36.45582819483082
593.6,-51.75557696834628,-36.47093826634444
593.7,-51.71593975170745,-36.49901440372697
593.8,-51.705046519764466,-36.51379130247388
593.9,-51.72416670184747,-36.565173390024334
594.0,-51.7185481073395,-36.67486607513226
594.1,-51.73365791215851,-36.86095638905175
594.2,-51.76550162913242,-37.142465211675876
594.3,-51.773841443069756,-37.50941973337413
594.4,-51.757077817774594,-37.86502506350831
594.5,-51.74059842279175,-38.20124284830608
594.6,-51.73380763160005,-38.5230012935238
594.7,-51.74474171392755,-38.84958033215158
594.8,-51.769629316283385,-39.19169259938795
594.9,-51.790397033425194,-39.54244602375084
595.0,-51.78898375395966,-39.875783773553735
595.1,-51.762757702994186,-40.16770431091734
595.2,-51.71057433841491,-40.37806152016699
595.3,-51.66165766907166,-40.471802774902926
595.4,-51.62744098198059,-40.4286035213253
595.5,-51.59765562230386,-40.3485464852754
595.6,-51.55382084001204,-40.256497627707404
595.7,-51.480295177438165,-40.16657281703762
595.8,-51.35508295511824,-40.091776440063406
595.9,-51.179173956742694,-40.012337177535144
596.0,-50.97394614474153,-39.93081219372085
596.1,-50.72608114961131,-39.87565435802111
596.2,-50.44330377525893,-39.8568770765435
596.3,-50.14283799132946,-39.87036869229799
596.4,-49.81940796566375,-39.91804225442656
596.5,-49.46276233245489,-40.016407402368785
596.6,-49.07824949845842,-40.18665110350265
596.7,-48.68589496175884,-40.42850405567281
596.8,-48.31513491742555,-40.70593898417806
596.9,-47.98840049867469,-40.97604638814228
597.0,-47.70007833340838,-41.254109396031964
597.1,-47.42981388968588,-41.54472701582586
597.2,-47.166996182404404,-41.84452855249099
597.3,-46.89491742309058,-42.16761131325214
597.4,-46.640009763304505,-42.49786832709397
597.5,-46.41723059416376,-42.839709817207186
597.6,-46.24126873789081,-43.17696914089832
597.7,-46.10188500177822,-43.48282269014327
597.8,-45.974783708161404,-43.747885953673354
597.9,-45.82775120005102,-43.98730838736836
598.0,-45.652095703055316,-44.215282906509614
598.1,-45.45829729097506,-44.43872436945271
598.2,-45.26103619663317,-44.67289814998306
598.3,-45.081583280932136,-44.90358121181486
598.4,-44.90799830685169,-45.10136200381944
598.5,-44.694139169516184,-45.29650675698877
598.6,-44.44772575307252,-45.48433004053823
598.7,-44.181892368606505,-45.68038223950069
598.8,-43.91259004042416,-45.89861186985608
598.9,-43.61560979650059,-46.12587939116269
599.0,-43.28772283404517,-46.337218811394514
599.1,-42.94226244921145,-46.53252516250737
599.2,-42.61713560942533,-46.731438129515915
599.3,-42.3171935880463,-46.92626466598261
599.4,-42.054474857548264,-47.075642335612436
599.5,-41.84893166014779,-47.1945398942059
599.6,-41.687824112972585,-47.3230369215717
599.7,-41.53872289103281,-47.490969184239184
599.8,-41.38194631620773,-47.681465666808116
599.9,-41.18903919653533,-47.860721130075014
600.0,-41.016934164628566,-48.06621787721543
600.1,-40.91842657781732,-48.327062426594246
600.2,-40.88995862014498,-48.61437433875489
600.3,-40.879564510488656,-48.88737131569255
600.4,-40.82999865512605,-49.153914321189625
600.5,-40.73619856163696,-49.45426087349634
600.6,-40.57555996973745,-49.762332140923284
600.7,-40.35007892483084,-50.01910448873243
600.8,-40.07597044095224,-50.22060597517118
600.9,-39.76497422456806,-50.41192186606305
601.0,-39.42368021032549,-50.615182400948136
601.1,-39.04951718149005,-50.80121289069607
601.2,-38.64539429314761,-50.955578606004956
601.3,-38.21753371107535,-51.1115728319229
601.4,-37.74169162285011,-51.29194035470635
601.5,-37.25890900758571,-51.471323242184965
601.6,-36.76879274709618,-51.67351057057817
601.7,-36.303770574789795,-51.94066747277846
601.8,-35.898217290609274,-52.254332866806045
601.9,-35.54074895496437,-52.57457376539491
602.0,-35.22474174047136,-52.86061414067471
602.1,-34.99327498728223,-53.102790632379474
602.2,-34.84613374207122,-53.31586531700786
602.3,-34.731746107958074,-53.51768302012074
602.4,-34.59765810588135,-53.73185942547209
602.5,-34.48592240088487,-53.958191306694296
602.6,-34.40314667122066,-54.18166605254539
602.7,-34.34208142112702,-54.36131702130005
602.8,-34.26769884367072,-54.488016552171636
602.9,-34.14945860985222,-54.6115341782523
603.0,-34.02267084774929,-54.75337379560054
603.1,-33.90829023953085,-54.920857983666906
603.2,-33.760876450802535,-55.10857759410391
603.3,-33.55475516329612,-55.300980394762746
603.4,-33.23984700066458,-55.4682494765497
603.5,-32.85854269125113,-55.59013745108911
603.6,-32.42155746592297,-55.6751280557185
603.7,-31.93773562024436,-55.760614897300826
603.8,-31.413898747507357,-55.88046114732165
603.9,-30.930627562796666,-56.054869586307355
604.0,-30.472468946111466,-56.265386912270536
604.1,-29.996245493628884,-56.48369261209341
604.2,-29.51718005258713,-56.69100544764426
604.3,-29.06815436349156,-56.895091225469926
604.4,-28.63582399728832,-57.113866189931734
604.5,-28.26722799721929,-57.36513546222907
604.6,-27.98965635138328,-57.648145176256456
604.7,-27.80587193658927,-57.94104212500295
604.8,-27.70000161875308,-58.21199641128998
604.9,-27.669387128884377,-58.43384615395667
605.0,-27.661757194460446,-58.60416465554676
605.1,-27.687495788110997,-58.72265180964114
605.2,-27.72067619139609,-58.771035877818605
605.3,-27.710996538785846,-58.76088069043178
605.4,-27.665761465203136,-58.71430504233152
605.5,-27.61703279520987,-58.6117385296224
605.6,-27.549652187458946,-58.451906683404175
605.7,-27.41494219556591,-58.234147276492244
605.8,-27.19412798785353,-57.988498248841005
605.9,-26.893992127537885,-57.78509970594016
606.0,-26.53365624337214,-57.61777833193663
606.1,-26.133860868834358,-57.44627805994606
606.2,-25.72749853175669,-57.26742673158494
606.3,-25.362287032908117,-57.12013519091347
606.4,-25.065882898560464,-57.034592310395674
606.5,-24.805230567385298,-57.000725139354955
606.6,-24.547851533331155,-57.0276251077928
606.7,-24.302824146025593,-57.12259482203066
606.8,-24.087825131174938,-57.27571575249373
606.9,-23.92775735020725,-57.474468995450664
607.0,-23.816709823596316,-57.65658857537405
607.1,-23.743987915971868,-57.81557635160921
607.2,-23.72989037948111,-57.97368781800978
607.3,-23.775232372866558,-58.15107660078092
607.4,-23.81600387266843,-58.3415206656366
607.5,-23.83199721350569,-58.52450687502949
607.6,-23.82174228050436,-58.67375679868642
607.7,-23.803528305863814,-58.778892489855714
607.8,-23.80505951471241,-58.84979423512371
607.9,-23.822463601951576,-58.910745405466514
608.0,-23.831150434244297,-58.95317208841923
608.1,-23.85343138323483,-58.964344060096366
608.2,-23.861512989225968,-58.946552016910346
608.3,-23.794577891647087,-58.90204735397713
608.4,-23.6048899063826,-58.847285356766996
608.5,-23.367773973192595,-58.79050712589959
608.6,-23.10036299850274,-58.76791971935405
608.7,-22.818856549978747,-58.82436972701721
608.8,-22.505131343758954,-58.94298704357845
608.9,-22.10572105787366,-59.08400796206824
609.0,-21.647994287186343,-59.23495361754355
609.1,-21.18246203525278,-59.403642560299865
609.2,-20.710455652966022,-59.59604415075966
609.3,-20.23546828566957,-59.815285584864455
609.4,-19.707614789236604,-60.056728483595585
609.5,-19.152997451289266,-60.30550563812184
609.6,-18.594217513264745,-60.55443551921658
609.7,-18.049331543467336,-60.76430546278946
609.8,-17.51889226795793,-60.9122808811718
609.9,-16.99782536888068,-61.01147201033791
610.0,-16.486198850940312,-61.08262675731039
610.1,-15.97420999697656,-61.114730568115526
610.2,-15.474307497888288,-61.113071016945334
610.3,-14.980903426356837,-61.105101160608044
610.4,-14.437285220926485,-61.119598944017724
610.5,-13.917796384087131,-61.143583572746486
610.6,-13.418985607167388,-61.17970431111643
610.7,-12.8993643324139,-61.24207491519059
610.8,-12.336448238797402,-61.327235599452344
610.9,-11.734731444752898,-61.444149559477324
611.0,-11.140843490458385,-61.61743283954045
611.1,-10.610292110763362,-61.83805126994261
611.2,-10.12825425040861,-62.08804947338885
611.3,-9.629545430971998,-62.34857555646492
611.4,-9.097624362470107,-62.675232947537864
611.5,-8.606438492839821,-63.05916649183656
611.6,-8.132179830693959,-63.45214510683286
611.7,-7.6771170669939615,-63.78191973116072
611.8,-7.2579469508535475,-64.02673604967744
611.9,-6.872630902000695,-64.25593664986114
612.0,-6.507433241920956,-64.46120824779085
612.1,-6.1453501582412295,-64.60568221655512
612.2,-5.754486996740721,-64.67641281665493
612.3,-5.3264315203690575,-64.69915358821981
612.4,-4.863892560494148,-64.71199392491414
612.5,-4.349621458670828,-64.64648646576616
612.6,-3.7991066189416802,-64.46960026609086
612.7,-3.2333208784499274,-64.22260958358157
612.8,-2.650749727826338,-63.98258658199058
612.9,-2.04889170396319,-63.829735459556154
613.0,-1.4163599948667545,-63.696862218360906
613.1,-0.7545389675490317,-63.54442037276502
613.2,-0.07113196586059513,-63.3659743021406
613.3,0.6116488215388156,-63.19352993299889
613.4,1.297784053683776,-63.069174217733
613.5,1.9742286117028038,-62.94840516351949
613.6,2.6407360422744364,-62.85316768009022
613.7,3.326964168027546,-62.822934476524644
613.8,4.020953741678017,-62.87427713791144
613.9,4.679730169745728,-62.9652207973345
614.0,5.3116804412178285,-63.03951452641226
614.1,5.918088928569376,-63.09385848422357
614.2,6.501619613506577,-63.11828814803171
614.3,7.06497423199757,-63.12356934924123
614.4,7.637006263396734,-63.11312407556065
614.5,8.210167547522259,-63.0548486199951
614.6,8.757933075054254,-62.953211657636594
614.7,9.231041340373595,-62.7866145486029
614.8,9.641306980855942,-62.56225998871263
614.9,10.020572283807278,-62.300911762188186
615.0,10.408227497993627,-62.01941474350656
615.1,10.816493515360138,-61.70119465327934
615.2,11.224260458379291,-61.37039892009764
615.3,11.620874627690043,-61.080877023228226
615.4,12.016533824968304,-60.86350032388755
615.5,12.389225775475738,-60.70608270533694
615.6,12.728775922466422,-60.60003998864525
615.7,13.07025283770609,-60.54648311285563
615.8,13.436002482144234,-60.539984205072415
615.9,13.80473317135934,-60.51659112835485
616.0,14.158116628439338,-60.449651148039585
616.1,14.490213040773414,-60.36455027086334
616.2,14.801674924245601,-60.29430813138172
616.3,15.111059184013278,-60.22592231983639
616.4,15.42685106503839,-60.161494163670994
616.5,15.73269393881239,-60.089653400467704
616.6,16.029348565044344,-60.01410702870901
616.7,16.32265643804667,-59.93367684008233
616.8,16.640626522200147,-59.84381941658972
616.9,17.001622760986972,-59.77936919299982
617.0,17.395484960758576,-59.78735133628956
617.1,17.841164699757147,-59.88210848854972
617.2,18.35964359560238,-60.04177595040064
617.3,18.937637026997578,-60.23392121261147
617.4,19.526551867662878,-60.39890872766191
617.5,20.13397209418716,-60.52124473411424
617.6,20.783831450421925,-60.60729026818765
617.7,21.477383297462396,-60.66260587979826
617.8,22.203193975257367,-60.672521815045094
617.9,22.93821441704209,-60.65197501126693
618.0,23.673219671594566,-60.55133810898636
618.1,24.425919908044094,-60.35692833824433
618.2,25.172501544008636,-60.10989545709368
618.3,25.885709744980996,-59.83883011832497
618.4,26.527562206747042,-59.51323126313471
618.5,27.13983291409758,-59.188065504886644
618.6,27.743697115567443,-58.857204353673644
618.7,28.35174913252683,-58.50498617772137
618.8,28.93729445586026,-58.14317918153848
618.9,29.46287487121191,-57.8236891012921
619.0,29.94667964275784,-57.549628723685395
619.1,30.394997892890554,-57.34932317009927
619.2,30.807968441841272,-57.208721575500796
619.3,31.19684250017689,-57.067749309747335
619.4,31.576400528707225,-56.858620740891844
619.5,31.98054063908943,-56.6157928813579
619.6,32.40279566953355,-56.338072303494506
619.7,32.807533809631074,-56.03861400315969
619.8,33.18773648312816,-55.72825924552874
619.9,33.594454948305724,-55.394330995528406
620.0,34.04210079714558,-55.004405354803886
620.1,34.50047634289116,-54.53531407223968
620.2,34.969511771685085,-53.97687398610557
620.3,35.44507591457003,-53.361339916647495
620.4,35.927845516695825,-52.708997036968306
620.5,36.421351662054256,-52.06044312759115
620.6,36.90293274828646,-51.43768969796934
620.7,37.35814911704766,-50.861764352804244
620.8,37.773378326922995,-50.31461002746103
620.9,38.134895302571465,-49.804361916459406
621.0,38.416089993834504,-49.33485182264148
621.1,38.64884756964433,-48.9147007551023
621.2,38.874308406092645,-48.5364955912373
621.3,39.10252456130167,-48.18653497964223
621.4,39.32372271227077,-47.8953538544316
621.5,39.51355694862635,-47.6760952986966
621.6,39.69678137292107,-47.51767096261886
621.7,39.926254049451124,-47.380659022285776
621.8,40.22635921535423,-47.231506685645975
621.9,40.585088055279556,-47.107431137293425
622.0,41.0049639088304,-47.00524445613326
622.1,41.49255539876669,-46.902587976507554
622.2,42.02004627282611,-46.76904392532993
622.3,42.53864828241974,-46.62542543157819
622.4,43.04921008069334,-46.47455370963332
622.5,43.57800127256147,-46.270005810694855
622.6,44.143922576106085,-45.97836469438134
622.7,44.70960555861156,-45.60311691389237
622.8,45.244801361759045,-45.184329508704664
622.9,45.72094128433346,-44.76823729865095
623.0,46.161624451394175,-44.31084441219388
623.1,46.564148499465745,-43.77500336202622
623.2,46.92998185475703,-43.19317954533562
623.3,47.28768943648879,-42.60298525930603
623.4,47.666724835611696,-42.03706110755621
623.5,48.051080216045605,-41.50595666526312
623.6,48.40307634104511,-40.99801364712337
623.7,48.71672918081358,-40.51120505495866
623.8,48.999362160147435,-40.061425310984575
623.9,49.21192346520289,-39.64204062498195
624.0,49.407341806646016,-39.20828392600293
624.1,49.60866615126647,-38.762378514745414
624.2,49.79746964577793,-38.31543404301572
624.3,49.95358971886057,-37.84875937522725
624.4,50.12857697095958,-37.3768639548992
624.5,50.317557590249294,-36.8590125746095
624.6,50.52385480531515,-36.3120699172479
624.7,50.76886710446088,-35.76362892370568
624.8,51.04448349900409,-35.2286249072369
624.9,51.32004404251825,-34.704933827322975
625.0,51.645891533206715,-34.197444196578516
625.1,52.015068740689344,-33.73319619178318
625.2,52.42454065700495,-33.32052166501719
625.3,52.88395278448402,-32.968887526050686
625.4,53.3914405142054,-32.68765478564761
625.5,53.881163370292256,-32.43955103681135
625.6,54.335935750293515,-32.222041146783496
625.7,54.73555526560044,-32.00659018213661
625.8,55.10104006694812,-31.781987792688938
625.9,55.45546620468015,-31.53900602224056
626.0,55.81163241683458,-31.251827169606326
626.1,56.17576273903292,-30.903443286820842
626.2,56.57770178286159,-30.52071815483073
626.3,57.02696715715718,-30.12838241583859
626.4,57.45184756494239,-29.710193550436067
626.5,57.845743759603494,-29.269872146170034
626.6,58.23094149975724,-28.803093142835163
626.7,58.62733115204203,-28.318991475364626
626.8,59.05176344165964,-27.813192787311824
626.9,59.515613917291006,-27.299857681814387
627.0,60.006007193735165,-26.835624425148612
627.1,60.517051888784174,-26.450435380823208
627.2,61.00774404504928,-26.08488624905742
627.3,61.420140822129476,-25.678169683514508
627.4,61.69935265557515,-25.215812522622095
627.5,61.93343785934946,-24.72472345034912
627.6,62.148889902955425,-24.21701140984692
627.7,62.35327893948695,-23.723383992568106
627.8,62.528186811982934,-23.254170789290278
627.9,62.6626329503461,-22.845436324049288
628.0,62.716251384627775,-22.475038470861115
628.1,62.670064322132994,-22.07015608591399
628.2,62.530402685243935,-21.621773990254333
628.3,62.33151176331153,-21.195903243289624
628.4,62.124301677935435,-20.8278415465806
628.5,61.949785299557604,-20.500578442857393
628.6,61.800101427676005,-20.19355481023081
628.7,61.67084843498091,-19.8634252810098
628.8,61.55844303333054,-19.497130671008804
628.9,61.48641407016116,-19.09838398575592
629.0,61.4446318947248,-18.645341566223887
629.1,61.42258024006991,-18.13935942544992
629.2,61.449905443708126,-17.56490308305393
629.3,61.54458961474061,-16.903494830152447
629.4,61.706972003213494,-16.211728236208028
629.5,61.88860582371189,-15.504064585613305
629.6,62.0806252102353,-14.765452557827654
629.7,62.27018124757155,-13.983271423887192
629.8,62.44602526753395,-13.178862817275181
629.9,62.614385425415236,-12.397232296442253
630.0,62.76604899016793,-11.625271259335474
630.1,62.91399401724215,-10.8813122901624
630.2,63.07760445811614,-10.19025612916228
630.3,63.256068304360674,-9.59552557575332
630.4,63.43326443013911,-9.048839899247325
630.5,63.60029180673166,-8.46928499132056
630.6,63.763417877921306,-7.8515785341025
630.7,63.92746008685867,-7.249587530095366
630.8,64.09718974281431,-6.709705142924786
630.9,64.2564551109438,-6.25349661989306
631.0,64.38464008247993,-5.799007654896216
631.1,64.466073712881,-5.322672336034133
631.2,64.48024152601978,-4.838267212232539
631.3,64.41667024815887,-4.351859367605292
631.4,64.33411420793345,-3.836602737464628
631.5,64.25249636275598,-3.3636988440054036
631.6,64.16030500297762,-2.941479999784644
631.7,64.04185097414761,-2.547940588966083
631.8,63.901646857802824,-2.131365750285937
631.9,63.76253940822159,-1.6591383644856217
632.0,63.65073258247255,-1.1525703912585439
632.1,63.588967453607786,-0.6779951156684182
632.2,63.59325403185349,-0.26130385243307674
632.3,63.6816747946251,0.13204891146093997
632.4,63.8392015363258,0.558754455782877
632.5,63.9970416957001,1.0009011419014355
632.6,64.10409676491781,1.4441085624693057
632.7,64.14474907843638,1.870864333647433
632.8,64.13726983230919,2.2781648648792263
632.9,64.1294290373786,2.646609039035778
633.0,64.1118953529503,2.9777269563978193
633.1,64.06559043062617,3.346878850581314
633.2,63.9607074555244,3.8151240176331886
633.3,63.79926191273039,4.385869966924278
633.4,63.59729164054365,4.99162221155015
633.5,63.380815993745934,5.579372464293575
633.6,63.15824719005214,6.162308626932415
633.7,62.97472810963311,6.76769797585651
633.8,62.85374424513732,7.395880081304603
633.9,62.77392732254184,8.080903420091756
634.0,62.689234456088,8.815601724642677
634.1,62.592642672077325,9.56458071554809
634.2,62.493155925274,10.259342726542235
634.3,62.39691435309376,10.867389213984355
634.4,62.31572635250314,11.42361420684182
634.5,62.23852798625074,12.011061207539099
634.6,62.17069477035048,12.623436893731961
634.7,62.10986178252813,13.235278482479396
634.8,62.05351597248486,13.8613196202221
634.9,62.00933699894565,14.52232656410717
635.0,61.98582720517722,15.17134145462628
635.1,61.969286766630766,15.765720417120678
635.2,61.94334091423702,16.321754612359054
635.3,61.90488521413597,16.89093238533134
635.4,61.851490228584204,17.49320003241187
635.5,61.7637037332155,18.072635552138987
635.6,61.63347663009624,18.645529003451745
635.7,61.43942870341572,19.253714055181675
635.8,61.18638947098944,19.868982221729777
635.9,60.873557770920456,20.43263751557803
636.0,60.49612814975508,20.951743520768265
636.1,60.077179071991665,21.463199820966285
636.2,59.64571517505854,21.995833579988243
636.3,59.21913354952728,22.540338849437116
636.4,58.82636408112447,23.10733123859599
636.5,58.47534348588147,23.693097520701212
636.6,58.15018398690194,24.289224651751283
636.7,57.845639706200245,24.832275339815684
636.8,57.563132916391716,25.312871637996718
636.9,57.339600971683474,25.770223349195934
637.0,57.175486359371504,26.240735744790864
637.1,57.07076857080137,26.699823135232883
637.2,57.01680596742713,27.113740965076044
637.3,56.99800210825895,27.489057849862547
637.4,56.95321543374277,27.84477192100129
637.5,56.8516093008617,28.16556852604828
637.6,56.707902878180676,28.463244506404347
637.7,56.55069417597254,28.790903574042854
637.8,56.38884602068526,29.160471743028417
637.9,56.23597804909573,29.573514087051866
638.0,56.06062357415839,30.02155266464571
638.1,55.85615294652477,30.48539568596202
638.2,55.5997843624425,30.96219211618911
638.3,55.27777993775528,31.46881800630592
638.4,54.894645335447755,32.00874898190894
638.5,54.51185436796095,32.56886350246885
638.6,54.12234637040203,33.12569937567904
638.7,53.701528367997575,33.656424737234666
638.8,53.2584423868515,34.179230202824186
638.9,52.82556318740276,34.680941883284824
639.0,52.38751285707537,35.13503655291982
639.1,51.93030473662307,35.53115943774806
639.2,51.4878246982083,35.89353207619056
639.3,51.100669964969434,36.23949485242226
639.4,50.71068521586196,36.57483684979718
639.5,50.28609969992929,36.895775068358645
639.6,49.878260636049156,37.25157247167138
639.7,49.54380537513207,37.68579066012479
639.8,49.2855835114696,38.16424221765564
639.9,49.06267382250333,38.6010818347253
640.0,48.845666611552126,39.03919226324184
640.1,48.63431027054317,39.508624560302195
640.2,48.425920509962204,40.003542517691024
640.3,48.1945912029983,40.50447364848375
640.4,47.93737132174069,41.00327283993866
640.5,47.729087632251655,41.495769031341304
640.6,47.60327627202881,41.97248666249972
640.7,47.52540603582617,42.38353556925232
640.8,47.44630979819689,42.71258833667257
640.9,47.31693558255845,42.991059879606276
641.0,47.16523401451979,43.25992385080806
641.1,47.00917424935698,43.50955047429933
641.2,46.86080970226727,43.74823536231449
641.3,46.71867049483142,44.0013015827193
641.4,46.57626134447687,44.22593188661245
641.5,46.42712923437058,44.41705460505255
641.6,46.27461209832081,44.611944691108285
641.7,46.112109673204884,44.859238058180985
641.8,45.90770402798116,45.155602450211305
641.9,45.598492347793155,45.45918207843756
642.0,45.25095200329696,45.76890583517624
642.1,44.89199607340101,46.08454566305597
642.2,44.510483149504935,46.41814507000702
642.3,44.094828282099456,46.755700235106865
642.4,43.697872062060405,47.09979249524985
642.5,43.3465461577764,47.50429651533181
642.6,42.99548022633459,47.977936936084
642.7,42.60794247743623,48.485288156711455
642.8,42.18810656159922,48.9931176932479
642.9,41.75974553022455,49.45061082131763
643.0,41.35381274116432,49.896587717003165
643.1,40.95614264077596,50.37993843289448
643.2,40.58239501472259,50.915559643571164
643.3,40.24536073318754,51.472365545576466
643.4,39.884619053714935,51.98152451147271
643.5,39.439003694348564,52.440989752525894
643.6,38.88587547813625,52.85889015227053
643.7,38.26609576652717,53.240388190981314
643.8,37.62277353518483,53.56301564104588
643.9,36.967169344172056,53.809986618855994
644.0,36.319328376182675,54.04301193678935
644.1,35.73073743480612,54.25889240475237
644.2,35.17426556510418,54.42388474881236
644.3,34.589286112194536,54.52604711050515
644.4,33.96668280105395,54.56371172745614
644.5,33.383178727369035,54.60074219053442
644.6,32.87085008223793,54.667030071872865
644.7,32.443089001552764,54.78977887993804
644.8,32.08280155044262,54.95360055330703
644.9,31.75580795244756,55.11358217234038
645.0,31.4185471514971,55.284630386590976
645.1,31.03221771358689,55.479354060709255
645.2,30.60570065617676,55.69835001083331
645.3,30.17359423799205,55.93100588891488
645.4,29.742114078769955,56.18079541111272
645.5,29.309719220406055,56.46540637117059
645.6,28.86241327528925,56.7607377567555
645.7,28.37742561398228,57.018464993752964
645.8,27.843720091304593,57.237447991570974
645.9,27.273329894551924,57.41068540356696
646.0,26.708650227208203,57.590129049165355
646.1,26.196383237119893,57.788937692910174
646.2,25.74961952340523,58.03515868824816
646.3,25.346325836826864,58.333331356953
646.4,24.914695287405518,58.62262315332159
646.5,24.449481126076012,58.87986652575573
646.6,23.985446403984245,59.12693380611242
646.7,23.55938555608176,59.405177743578435
646.8,23.165948708313387,59.72216907869117
646.9,22.796206072870266,59.97362472401059
647.0,22.434030485585087,60.16986454654591
647.1,22.03025319270913,60.34690814795159
647.2,21.549110651614754,60.51394955306041
647.3,20.984020816019548,60.62504006002148
647.4,20.32393687192517,60.6791035085048
647.5,19.633722910991878,60.745524168115324
647.6,18.94378316110162,60.84281606000993
647.7,18.232958624153625,60.94800399670016
647.8,17.47100319404997,61.03907929985737
647.9,16.678522521648592,61.06398853726785
648.0,15.876576462783374,61.09913898249394
648.1,15.100057097151126,61.186154250758705
648.2,14.363930747967038,61.33399769388324
648.3,13.672698346224127,61.52037708865003
648.4,13.004663064233274,61.70542023551673
648.5,12.375827402078839,61.87721205737947
648.6,11.785351786707754,62.035841313939294
648.7,11.21727743570728,62.187091559087754
648.8,10.667024354345289,62.3269788906641
648.9,10.175832546355318,62.441310583828
649.0,9.742721811581456,62.58286314062373
649.1,9.344365008944152,62.73997836482206
649.2,8.956795625183538,62.865813284249114
649.3,8.589582893244797,62.92176697931639
649.4,8.223308017585573,62.8943717020361
649.5,7.873068352005097,62.83110289279227
649.6,7.5951786532795476,62.75595616849391
649.7,7.441374848015241,62.691505602934825
649.8,7.404372461790706,62.646713460441475
649.9,7.416517753629528,62.59550466151117
650.0,7.433222668248759,62.53333192518969
650.1,7.449405747090079,62.443316460054554
650.2,7.463617544238733,62.3339134868533
650.3,7.477043428937083,62.2214049662233
650.4,7.526162653459668,62.138040906815284
650.5,7.653000296787251,62.08746042422762
650.6,7.821296796624668,62.08709165995831
650.7,7.942630264787158,62.12435871947081
650.8,7.968274675749556,62.16074737880304
650.9,7.84829997121856,62.13644033001496
651.0,7.6500194975593265,62.100193443483185
651.1,7.409852975532428,62.091449031369855
651.2,7.178018698011465,62.12394372930482
651.3,6.981713314485878,62.18911804429681
651.4,6.78938180366633,62.3309525431046
651.5,6.556296038953445,62.53227667095404
651.6,6.28372944289024,62.788952888468316
651.7,6.03013257174723,63.068823595527896
651.8,5.833012847017451,63.34217296176466
651.9,5.675915657497739,63.60496272997259
652.0,5.5940088103214745,63.9048041046803
652.1,5.590100878228022,64.23795438571356
652.2,5.648824394651903,64.61564024315065
652.3,5.70907512519528,65.0504132839121
652.4,5.73688400289112,65.44944189193491
652.5,5.76800599907725,65.74683491564187
652.6,5.815936565948804,65.93514669808648
652.7,5.869151750653386,66.03088974149352
652.8,5.906723615939412,66.05256981115748
652.9,5.881023994824954,66.0357306847897
653.0,5.820686724702685,65.97469409473474
653.1,5.769204102476094,65.86824402128913
653.2,5.716317857597789,65.71224914187414
653.3,5.642088405945779,65.47591530205533
653.4,5.527521996475972,65.11461809717186
653.5,5.403280919105558,64.73560521659978
653.6,5.268492059644377,64.37130678498464
653.7,5.107819094865043,64.03445896748634
653.8,4.902756189712647,63.74572732529554
653.9,4.690650089539702,63.5071664581296
654.0,4.496426982793958,63.31226527170443
654.1,4.29358506700875,63.16756894939369
654.2,4.080487623104348,63.02350498467028
654.3,3.8669573642352586,62.85058547624354
654.4,3.6116537832825086,62.661215904674286
654.5,3.3216206880411763,62.49332429429701
654.6,2.9703299028253904,62.372774555496974
654.7,2.55748766391126,62.31463431739458
654.8,2.10126658335758,62.28194905511504
654.9,1.653733584510607,62.25069634463714
655.0,1.184384311121976,62.20186735608434
655.1,0.6913927345406682,62.09119219298165
655.2,0.16914520941834746,61.919073134077856
655.3,-0.4064031047920091,61.74310670292311
655.4,-0.9964596751271837,61.66288942457903
655.5,-1.5405462378868862,61.67117221307747
655.6,-2.025350246151223,61.74681638860996
655.7,-2.443099033046565,61.83569466521977
655.8,-2.773737166128076,61.895136943987296
655.9,-2.9914390127545802,61.929807706904676
656.0,-3.1466488899233,61.962360914057605
656.1,-3.2579196824921866,62.017881938249076
656.2,-3.3393903965722753,62.11908815708784
656.3,-3.385156266883129,62.271217628464086
656.4,-3.4236008647253544,62.50190497852779
656.5,-3.504192853994589,62.72184322250805
656.6,-3.640123615394023,62.89568385466907
656.7,-3.8270328846988138,63.01061290260515
656.8,-4.078844805496531,63.09258855771234
656.9,-4.388268227874409,63.190133037007264
657.0,-4.766418099237909,63.30351120083367
657.1,-5.189664318997379,63.38142499029723
657.2,-5.640242005303683,63.41775481728154
657.3,-6.086901362986928,63.44024180874585
657.4,-6.558849797686786,63.451635059440946
657.5,-7.042315560945366,63.41011679007582
657.6,-7.51625119782861,63.30453217627069
657.7,-7.962328630464396,63.152246426030246
657.8,-8.380048795965875,62.97633624900083
657.9,-8.745996093373522,62.802079996773024
658.0,-9.093051263349933,62.61031146169266
658.1,-9.46144925267165,62.42769860257174
658.2,-9.886567323069269,62.281320256371764
658.3,-10.376656557385411,62.15944123561467
658.4,-10.921080224911838,62.060947741117275
658.5,-11.460217433215336,61.99366041561638
658.6,-11.98641463502618,61.943098252595476
658.7,-12.517824640185102,61.90773831782365
658.8,-13.057101716886267,61.905539443087584
658.9,-13.604091329668995,61.97819734583138
659.0,-14.149267167579938,62.08426547560088
659.1,-14.68458918965304,62.2040653543593
659.2,-15.200582776410567,62.323228337094434
659.3,-15.670659082123075,62.43921634060864
659.4,-16.076295621805674,62.50966393567387
659.5,-16.438390181490742,62.51873371557942
659.6,-16.74095545268382,62.47010205909395
659.7,-16.95136118027133,62.39048523482848
659.8,-17.06517595557541,62.324718570297
659.9,-17.11905257980087,62.3085953222025
660.0,-17.131234894945585,62.3017275762951
660.1,-17.12857819842118,62.30407926265293
660.2,-17.10219163111197,62.29433642226272
660.3,-17.04174058694378,62.26512860255945
660.4,-16.952096621531837,62.2129435701286
660.5,-16.853096810973533,62.19047123999219
660.6,-16.719132454665974,62.196574628289724
660.7,-16.57319568911221,62.22703915757824
660.8,-16.46019131187579,62.265432523746675
660.9,-16.48942595852733,62.24368721872657
661.0,-16.633486121865356,62.127216214687884
661.1,-16.858809981402302,61.93697187122572
661.2,-17.134879101185444,61.69833679207508
661.3,-17.462443894944233,61.438006608117924
661.4,-17.813213580500296,61.15438700487295
661.5,-18.179055055463774,60.84658514603734
661.6,-18.57354692767954,60.5333500086668
661.7,-19.023915739308205,60.234303834635064
661.8,-19.523073536293474,59.92899597654344
661.9,-20.091427619132332,59.62524701325372
662.0,-20.651638675242967,59.36297191013985
662.1,-21.177443660143442,59.15494517787187
662.2,-21.647421843304095,59.02159318655452
662.3,-22.084328068418518,58.95571112765288
662.4,-22.510614407595202,58.93362398228369
662.5,-22.95905106337464,58.974708596575056
662.6,-23.397431239648846,59.06428346964154
662.7,-23.778654890643473,59.1645806441066
662.8,-24.11579752404443,59.2764840152124
662.9,-24.474261421977886,59.408359812823534
663.0,-24.80165387240379,59.55157068828978
663.1,-25.06163163527608,59.69481751997107
663.2,-25.25615214648344,59.81246975464353
663.3,-25.40981733193974,59.87183119372903
663.4,-25.5537249030226,59.83606084761263
663.5,-25.672094634079613,59.71771916394557
663.6,-25.767241071251746,59.5342128141972
663.7,-25.879187771820025,59.32745231112827
663.8,-26.043845489347927,59.10775721672986
663.9,-26.234457821124025,58.86825476545436
664.0,-26.39321602421677,58.607566808486666
664.1,-26.513070025064312,58.33602550303663
664.2,-26.59543705785801,58.080623723018
664.3,-26.669494666603967,57.85134949819908
664.4,-26.732919923798864,57.64815700147497
664.5,-26.750108725185406,57.50337090368917
664.6,-26.746526199175438,57.424634425530265
664.7,-26.74183040739579,57.38438519183446
664.8,-26.703515767485484,57.34577257526866
664.9,-26.581814728924652,57.29375348022325
665.0,-26.399194139928863,57.24271920660995
665.1,-26.201104149489183,57.211934072761544
665.2,-26.04871767316838,57.18466953760692
665.3,-25.967383208065016,57.141823058748194
665.4,-25.952618596074263,57.06484255188155
665.5,-26.01900165077093,56.96429850433824
665.6,-26.162733444663036,56.842397419961024
665.7,-26.35726598966983,56.71568753862055
665.8,-26.606627461003086,56.5847463491214
665.9,-26.91238968820335,56.45534864875588
666.0,-27.307120964832883,56.34149833725184
666.1,-27.756385076342795,56.21172230983387
666.2,-28.1916103258427,56.05123588463175
666.3,-28.55830415272375,55.87544084267222
666.4,-28.841898936186286,55.682806968716086
666.5,-29.046706517981633,55.477221253931496
666.6,-29.184444537557383,55.3066056261413
666.7,-29.27040903770135,55.20527065080321
666.8,-29.28457922747704,55.134635730921
666.9,-29.191734930189906,55.045638432179295
667.0,-29.029223436686603,54.973040806511676
667.1,-28.80023629055403,54.92531524841893
667.2,-28.532579883554448,54.89205210203277
667.3,-28.272525960546684,54.87468619870349
667.4,-28.05324424603447,54.903848335945966
667.5,-27.870926886995367,54.993500570257766
667.6,-27.753592412329184,55.11467499407795
667.7,-27.709652696118955,55.18035166316738
667.8,-27.740638202738044,55.17155527624082
667.9,-27.83996586646176,55.14349021418566
668.0,-27.995301379618766,55.12206944284903
668.1,-28.19987773236469,55.063157332256466
668.2,-28.469442779898166,54.97247049146543
668.3,-28.791396754034988,54.87667943454965
668.4,-29.157209611276873,54.80429863224442
668.5,-29.5536307604232,54.71156390364923
668.6,-29.976161670205855,54.589908711952035
668.7,-30.39245877187924,54.47198071336466
668.8,-30.768848610301756,54.382441898485645
668.9,-31.044796335467677,54.304014815786225
669.0,-31.268535508964625,54.20958152996389
669.1,-31.48385861125557,54.11918628155029
669.2,-31.69839780605419,54.01123568524682
669.3,-31.898060917683434,53.85330631900554
669.4,-32.04134760019553,53.67669073323805
669.5,-32.12627201077528,53.47445141059636
669.6,-32.165847188221086,53.2322821319151
669.7,-32.18862210873966,52.92818442556308
669.8,-32.21874973048824,52.587826488504874
669.9,-32.27359698636949,52.27936576929285
670.0,-32.3675892712286,52.01015148412293
670.1,-32.47889159590217,51.76076501024863
670.2,-32.609909862826015,51.53375336756654
670.3,-32.755073468123946,51.381480693419775
670.4,-32.910310366545254,51.334787013726924
670.5,-33.11912198448375,51.33476108687846
670.6,-33.40012562766194,51.350113504818495
670.7,-33.7536415630741,51.391772486507186
670.8,-34.1481835734554,51.487130454100104
670.9,-34.521608563143054,51.6666404014174
671.0,-34.88568000553741,51.83411112962328
671.1,-35.28652327971756,51.92604711755066
671.2,-35.73671794403867,51.930201594505235
671.3,-36.21635431182762,51.85390730374041
671.4,-36.70724453115299,51.73376335798516
671.5,-37.20779351014593,51.569567044957736
671.6,-37.73485579943742,51.34974300761983
671.7,-38.28417629614378,51.06591710147523
671.8,-38.8236086883248,50.72816633558984
671.9,-39.34040372500032,50.40549851318206
672.0,-39.90317562160659,50.07151241058928
672.1,-40.51846909437892,49.72646140509875
672.2,-41.14882597119952,49.36275926871304
672.3,-41.761535560679086,48.99700882090021
672.4,-42.316797558235,48.60680589499554
672.5,-42.83239615107271,48.130481548481264
672.6,-43.31996369212276,47.62329195306743
672.7,-43.75784424027427,47.165859948864096
672.8,-44.12027855581737,46.76878763629947
672.9,-44.41279720534033,46.426407387784735
673.0,-44.63500036888838,46.07605974356208
673.1,-44.74309689336018,45.674029013878936
673.2,-44.74491963027177,45.21590514820378
673.3,-44.684045353380526,44.7577549919512
673.4,-44.59310176398794,44.40695305433696
673.5,-44.50645992740997,44.20008046980546
673.6,-44.41706721484226,44.117077000143425
673.7,-44.32916317112583,44.07072266124458
673.8,-44.28500951206192,44.02635986292634
673.9,-44.29593598817912,43.98062593651487
674.0,-44.38230972737799,43.93163797057196
674.1,-44.57952298816087,43.85812364724606
674.2,-44.86800224543669,43.7704425593749
674.3,-45.19638115293636,43.69932326379585
674.4,-45.56922158407547,43.682233953113354
674.5,-45.96811718794324,43.62635289610153
674.6,-46.38716163391483,43.5092914741293
674.7,-46.816575134830714,43.36004954431491
674.8,-47.241226444997956,43.200554551923055
674.9,-47.61930816486721,43.02432113235057
675.0,-47.93018917012653,42.839980529376405
675.1,-48.14578173834056,42.652662291651836
675.2,-48.289551845776764,42.49463842725947
675.3,-48.418337988492745,42.39154325976691
675.4,-48.543849558465645,42.337248046716816
675.5,-48.639416175662745,42.27994336313373
675.6,-48.69780356116251,42.204198170398065
675.7,-48.71351741564026,42.0954270829773
675.8,-48.67928553040192,41.94363194831096
675.9,-48.63403667521222,41.79568960719482
676.0,-48.59921028398779,41.65595555136422
676.1,-48.589488078409616,41.523645848908025
676.2,-48.57697629278785,41.40647712994675
676.3,-48.51684324487121,41.291625700444186
676.4,-48.46245301878857,41.1643551525596
676.5,-48.43837165855811,41.02958092379615
676.6,-48.42793929354825,40.84034787732343
676.7,-48.43077517159936,40.554974459739604
676.8,-48.476605718987756,40.21768800467154
676.9,-48.57204096546498,39.94445133036724
677.0,-48.67273202413389,39.67845824034973
677.1,-48.76727039386483,39.375949014037545
677.2,-48.89925724775403,39.00018166786766
677.3,-49.1240920735413,38.541328118384776
677.4,-49.438732829119616,38.08575649019924
677.5,-49.76040011274579,37.65186523669574
677.6,-50.07771707152158,37.22464666347932
677.7,-50.4089237125586,36.84722361397219
677.8,-50.7375425063901,36.548847258042315
677.9,-51.01474477802065,36.356358300987615
678.0,-51.27220764049689,36.1784782730222
678.1,-51.54870980300871,36.0159039464518
678.2,-51.85100030339186,35.88460661729743
678.3,-52.13907684339854,35.83024123060077
678.4,-52.39346501227774,35.83515120995247
678.5,-52.629601876593114,35.796401893443175
678.6,-52.85136959420943,35.71316857928214
678.7,-53.05449500219429,35.61604762088857
678.8,-53.255898496602384,35.54044029641596
678.9,-53.44153524267054,35.56154180364796
679.0,-53.65815404291607,35.612852128459856
679.1,-53.897215384125005,35.67442183831883
679.2,-54.11015110494779,35.75385283068279
679.3,-54.27090730271743,35.865197797012556
679.4,-54.38347979986865,35.96689959633502
679.5,-54.460709316401974,36.08833917208177
679.6,-54.49182159751872,36.229589806898225
679.7,-54.46859461582542,36.36632348170278
679.8,-54.39626468348758,36.47259143378903
679.9,-54.29836671804467,36.51954074322703
680.0,-54.1868328499311,36.484060273124115
680.1,-54.05268954394021,36.38737236236855
680.2,-53.93779034145464,36.21742221165975
680.3,-53.877382367600624,35.965982822500564
680.4,-53.87230214333602,35.65806715283525
680.5,-53.913534157726275,35.34037058915905
680.6,-53.990591680798566,35.00056103569379
680.7,-54.10984078683288,34.6386540603952
680.8,-54.28122516031949,34.285126288490304
680.9,-54.494720479605185,33.994428451285536
681.0,-54.709269428657514,33.750994042706864
681.1,-54.93532712688046,33.51996348227822
681.2,-55.14986561430403,33.32416465143635
681.3,-55.304629561595,33.19779654401133
681.4,-55.41678762402498,33.12982340565557
681.5,-55.504654451501885,33.094621033287794
681.6,-55.56276134997797,33.07960315774624
681.7,-55.58765878055383,33.09036130567557
681.8,-55.57812188324778,33.10320386747151
681.9,-55.570229336125834,33.094143236210115
682.0,-55.572189084363366,33.05857506078781
682.1,-55.57065707002516,33.04648331863034
682.2,-55.56653629536302,33.04235747519263
682.3,-55.57420938838209,33.00358868247728
682.4,-55.60688207803453,32.87480242063776
682.5,-55.618370663248015,32.674715456865265
682.6,-55.61378911875793,32.427655569690906
682.7,-55.60642898354137,32.16026685476305
682.8,-55.6201295825817,31.8707194602375
682.9,-55.653834758667564,31.619405452390808
683.0,-55.6797706755985,31.39498772726537
683.1,-55.694720424497206,31.144021274073555
683.2,-55.6804718319223,30.864365934318847
683.3,-55.63838062615321,30.59359051442616
683.4,-55.646136492725375,30.315477188363662
683.5,-55.70840006442781,30.06133918845262
683.6,-55.798702413049426,29.84117339351963
683.7,-55.87114222661096,29.64202433246121
683.8,-55.9209033428886,29.480058290753323
683.9,-55.96084112881845,29.37865955986132
684.0,-55.990499771241915,29.29601954954865
684.1,-56.017205727138524,29.209334517923786
684.2,-56.108318589677424,29.08490660136173
684.3,-56.32683344728985,28.892020153944475
684.4,-56.591433383343954,28.701083681139252
684.5,-56.79610220494769,28.55916443307656
684.6,-56.97391947611903,28.448998802423922
684.7,-57.205508149743984,28.334475269875064
684.8,-57.505394052807766,28.181447716176624
684.9,-57.845333400319085,27.971174228918564
685.0,-58.20239776341834,27.706454052401412
685.1,-58.571842434833044,27.39384749836854
685.2,-58.90216646502249,27.044812789124247
685.3,-59.11293247960603,26.7090951742172
685.4,-59.20618758035471,26.40912632654317
685.5,-59.2966465136253,26.04960952192072
685.6,-59.40778430056978,25.614451083204923
685.7,-59.49016239534661,25.128644688115436
685.8,-59.50808410830257,24.629237322897605
685.9,-59.441254246192415,24.195328541874826
686.0,-59.32418999076776,23.794407071240425
686.1,-59.17694482921883,23.36711705670142
686.2,-59.04665360576037,22.894808849791513
686.3,-58.978846180045316,22.404740535256753
686.4,-59.006062392812574,21.96095491350333
686.5,-59.10255101927848,21.551541536916798
686.6,-59.232240600715926,21.17091357022076
686.7,-59.379904602770424,20.803077800581676
686.8,-59.56207216898011,20.447948101862107
686.9,-59.82701334423793,20.08153345117998
687.0,-60.21717094246289,19.651839410000978
687.1,-60.71531522694779,19.19527021101544
687.2,-61.235134325809604,18.772222147839006
687.3,-61.719489592553735,18.408306124942616
687.4,-62.120087360333066,18.093423630626866
687.5,-62.41475472587549,17.770913315066085
687.6,-62.599401620858025,17.421819462795597
687.7,-62.70254188378718,17.045984267261886
687.8,-62.76087589822776,16.680946029469144
687.9,-62.805306149385885,16.35771104426599
688.0,-62.760218804880544,16.100014833505934
688.1,-62.573510931544405,15.903704503579108
688.2,-62.261498763808774,15.736810579570186
688.3,-61.90436870955985,15.57725528898857
688.4,-61.60671667746431,15.374902135768291
688.5,-61.42811307081543,15.128785262715468
688.6,-61.36812533652365,14.889564906364946
688.7,-61.428385642719014,14.722101374378703
688.8,-61.579604996806964,14.60784739801586
688.9,-61.72044189199256,14.435650434577507
689.0,-61.81280307871077,14.160671939883759
689.1,-61.89999409216518,13.778654414834206
689.2,-62.030572936617865,13.322846908142475
689.3,-62.19621398163369,12.814603112019244
689.4,-62.36831976520909,12.274441683190304
689.5,-62.45008102461288,11.762076967605463
689.6,-62.45521302236803,11.290105494435046
689.7,-62.40245279584792,10.813806158664146
689.8,-62.292239482449304,10.28503372972101
689.9,-62.15793424467631,9.728823791168134
690.0,-62.085785072862635,9.247818735353531
690.1,-62.075384774525446,8.878729168507057
690.2,-62.12906683576276,8.608703148359565
690.3,-62.252054243710866,8.394171608470632
690.4,-62.41008505715308,8.18055462409729
690.5,-62.60874471490843,7.958843682410548
690.6,-62.877261140907194,7.722006082733544
690.7,-63.19998230132731,7.473481859647574
690.8,-63.55598854549276,7.23931423621216
690.9,-63.9070794134276,7.031244051078962
691.0,-64.23446839028502,6.8223003607054045
691.1,-64.53647889001039,6.568691417088117
691.2,-64.7954818057177,6.267334947282208
691.3,-64.98513755450504,5.938015139361879
691.4,-65.10874089829461,5.595506419956686
691.5,-65.22019938027188,5.2786823205476585
691.6,-65.28831522143874,5.0044406109321535
691.7,-65.27426389474402,4.793110141293284
691.8,-65.18044673195735,4.606052962319117
691.9,-65.04289422689804,4.392441908607131
692.0,-64.89220863931084,4.1743647282696745
692.1,-64.7360147907465,4.003264237363496
692.2,-64.57919457729199,3.9096471026889685
692.3,-64.42729785980097,3.8804004525075757
692.4,-64.2651635691325,3.891224923336622
692.5,-64.07966724289821,3.9343693916687004
692.6,-63.86843434863494,3.9965363505394023
692.7,-63.677468592963876,4.039540446572944
692.8,-63.51152513362796,4.053595269386341
692.9,-63.37607295063855,4.096723876807785
693.0,-63.26770226340934,4.183160693061793
693.1,-63.179139902589846,4.278297387972181
693.2,-63.07159510602316,4.354292782426654
693.3,-62.935066071028515,4.405619724807678
693.4,-62.82346160623254,4.380673652273367
693.5,-62.75990481013219,4.292232960380399
693.6,-62.738876837050405,4.170973430234542
693.7,-62.737222233015785,4.056771748349167
693.8,-62.754654627307715,3.9549641961607604
693.9,-62.821126989000874,3.86803964206431
694.0,-62.89616118353694,3.7694901058932517
694.1,-62.94393070144917,3.6454065202405115
694.2,-62.99785802189061,3.4594744889843496
694.3,-63.107055946115565,3.207554136310526
694.4,-63.27635247484736,2.9355371853508356
694.5,-63.44853248318957,2.700518250525585
694.6,-63.61964811834587,2.503682624261566
694.7,-63.798924386665455,2.3220707143986052
694.8,-63.989305763468295,2.140349245945195
694.9,-64.1632724974355,1.946319422070283
695.0,-64.31335513202565,1.7041814174463426
695.1,-64.45455791046376,1.4057637421670122
695.2,-64.58429368962581,1.0949092594318948
695.3,-64.67723085052232,0.8284909310102115
695.4,-64.71483452357151,0.6269542503743305
695.5,-64.6970708151502,0.4418036623024845
695.6,-64.6309462274194,0.270559983294933
695.7,-64.51987618656541,0.10687416408616329
695.8,-64.37886622966647,-0.05530615427450936
695.9,-64.20252162191152,-0.23708995933201846
696.0,-64.0246327358679,-0.4214894764438078
696.1,-63.89340571856505,-0.5811959876801973
696.2,-63.82945370345078,-0.6917487344276249
696.3,-63.831250617885296,-0.7770347757056144
696.4,-63.881489389747344,-0.8753448970416102
696.5,-63.98979980812039,-1.0032688956925795
696.6,-64.14369823105466,-1.1787695537170486
696.7,-64.33530770674386,-1.4266383888994676
696.8,-64.56900815048711,-1.7402513985603938
696.9,-64.8258739536935,-2.098469774953958
697.0,-65.09012678410282,-2.4727106968099943
697.1,-65.3258659116463,-2.8370191183380986
697.2,-65.51922377902157,-3.186130660481321
697.3,-65.67361986329006,-3.5400947844762345
697.4,-65.74333518333175,-3.9126530114453617
697.5,-65.74907889510949,-4.279032714140133
697.6,-65.71229895657986,-4.644776801842042
697.7,-65.66069652863447,-5.001410483193183
697.8,-65.57926208888748,-5.313679791994132
697.9,-65.45510625510461,-5.548345265222029
698.0,-65.32503526625342,-5.736593428233575
698.1,-65.223860314172,-5.9004020580781
698.2,-65.1282774383725,-6.083067023483423
698.3,-64.98740269952303,-6.307153785235403
698.4,-64.77761430557452,-6.521167556015916
698.5,-64.55020067985282,-6.699819590268561
698.6,-64.31063900949539,-6.875261376679134
698.7,-64.03728861486348,-7.0548804381634795
698.8,-63.71012548571636,-7.238558636377985
698.9,-63.41908089324357,-7.435912102876293
699.0,-63.151240958837846,-7.658824240922116
699.1,-62.85533103942771,-7.895299629597026
699.2,-62.53511144111872,-8.138202082538962
699.3,-62.24075709566416,-8.361058399581017
699.4,-62.00743039602144,-8.569435473090307
699.5,-61.843566157795955,-8.828955898297455
699.6,-61.75003962667579,-9.14023064112522
699.7,-61.720523823891384,-9.46359987161869
699.8,-61.76441498887672,-9.77174054972056
699.9,-61.906410205504564,-10.04880131055135
700.0,-62.08676087892493,-10.303970243216927
700.1,-62.31431695776004,-10.564726235301363
700.2,-62.572669199463824,-10.834364971024385
700.3,-62.84324415649375,-11.111380654658534
700.4,-63.065788011802766,-11.394996157116985
700.5,-63.216208008090796,-11.677157315690993
700.6,-63.306532058733886,-11.950233131176022
700.7,-63.358589540862575,-12.239531646627738
700.8,-63.37747039250451,-12.54506918600473
700.9,-63.3307498107858,-12.887103849765138
701.0,-63.187269699737264,-13.281925957627312
701.1,-62.93629866725076,-13.727491405444702
701.2,-62.62580550690118,-14.22418089087148
701.3,-62.30836596410109,-14.77638375500866
701.4,-61.973429243154605,-15.34982481697237
701.5,-61.66493393772901,-15.935978093364525
701.6,-61.42365671821551,-16.521243367937824
701.7,-61.261084925656036,-17.082716270192822
701.8,-61.14656708224834,-17.60775995283655
701.9,-61.06507090040923,-18.16538925412772
702.0,-61.03233055752699,-18.73629000900517
702.1,-61.04952710124726,-19.29940630627721
702.2,-61.092146635771634,-19.83807922847896
702.3,-61.11322661397733,-20.342916548437636
702.4,-61.11629910709326,-20.810215289660672
702.5,-61.128597865110144,-21.275162518248127
702.6,-61.12215082456157,-21.726246090736144
702.7,-61.029475879891834,-22.150589803561175
702.8,-60.84209402141741,-22.55962563578411
702.9,-60.66732226436393,-23.009212433305585
703.0,-60.51667588002526,-23.443766960306537
703.1,-60.36572697210242,-23.831541005084805
703.2,-60.20628557747925,-24.149201744631615
703.3,-60.068048806751975,-24.415311434604178
703.4,-59.93972719916713,-24.640961784909994
703.5,-59.79725604215389,-24.832246702987902
703.6,-59.616648181328486,-24.986475800739125
703.7,-59.419991736923045,-25.132606838744326
703.8,-59.23173538515326,-25.315667868269735
703.9,-59.0973893443518,-25.554187342475412
704.0,-58.93094697437629,-25.767443439837596
704.1,-58.686505826467744,-25.93319703343848
704.2,-58.34575981266332,-26.071163784278667
704.3,-57.92885994371385,-26.20321220112305
704.4,-57.520085180119736,-26.33350941978839
704.5,-57.14249131951041,-26.462853442538698
704.6,-56.825750339728536,-26.615658350606
704.7,-56.60848512677705,-26.814090529300014
704.8,-56.494829164202685,-27.013360324735274
704.9,-56.49166610733815,-27.163810437241242
705.0,-56.52533160104105,-27.278458812383633
705.1,-56.57670281923617,-27.39833492582767
705.2,-56.65590800210291,-27.518974246484163
705.3,-56.79603577471107,-27.64453605737594
705.4,-57.02311876735077,-27.781862302450918
705.5,-57.262438760362414,-27.920324315732213
705.6,-57.47220716194431,-28.061346051618603
705.7,-57.594165406871475,-28.178456329742538
705.8,-57.61321301516446,-28.264638731965462
705.9,-57.562926937553065,-28.408161401501676
706.0,-57.4484580771488,-28.60805429552189
706.1,-57.286621257331646,-28.79423065315111
706.2,-57.10578318620148,-28.955123061014913
706.3,-56.9467978017088,-29.127696064948044
706.4,-56.76716571246257,-29.321450410208296
706.5,-56.53313595613925,-29.52182836293987
706.6,-56.26621105478846,-29.717575298880032
706.7,-56.03259253885831,-29.891914038578705
706.8,-55.83500840140723,-30.0577352903745
706.9,-55.62208294409937,-30.18519442615309
707.0,-55.38021622347903,-30.23550173236516
707.1,-55.1221522356152,-30.23417256319323
707.2,-54.86915489167338,-30.21312249025558
707.3,-54.615566740226406,-30.167276769556096
707.4,-54.34617060895601,-30.129656594358526
707.5,-54.12439826158459,-30.104962214224756
707.6,-53.94404528092757,-30.084254344057367
707.7,-53.771976818152545,-30.06443599218139
707.8,-53.600789760356854,-30.076726612540188
707.9,-53.39334467142757,-30.14034376594733
708.0,-53.194033116950884,-30.265296428773297
708.1,-53.04385853530493,-30.44045954322942
708.2,-52.97548726474886,-30.685536214679033
708.3,-52.957893441316166,-31.022456331485227
708.4,-52.89901460876131,-31.430197866885013
708.5,-52.78730326279351,-31.85448961317385
708.6,-52.62680463739739,-32.28099331291543
708.7,-52.431225703677796,-32.72593230775428
708.8,-52.21256602908697,-33.18494310149806
708.9,-51.94455733881678,-33.61790507481618
709.0,-51.68021417730691,-34.005165434436385
709.1,-51.456290027499044,-34.36312084424685
709.2,-51.25788487512907,-34.66815256968176
709.3,-51.03077114233283,-34.884540620832304
709.4,-50.722458703287884,-35.094393915068224
709.5,-50.42990334548328,-35.33385658951055
709.6,-50.19117835608575,-35.598580887258635
709.7,-50.007507298334716,-35.88352769108126
709.8,-49.850855495999596,-36.19843861303029
709.9,-49.70053082204481,-36.56917656634711
710.0,-49.56611181429166,-37.017157567424164
710.1,-49.47582480863275,-37.52900226811732
710.2,-49.40584953435252,-38.094165642942784
710.3,-49.31810767497978,-38.7379795985801
710.4,-49.17603724505764,-39.431322268789344
710.5,-49.02876467316606,-40.07279430668602
710.6,-48.85781527063069,-40.6446437941455
710.7,-48.6504433857337,-41.14408667288104
710.8,-48.409822372279116,-41.57995129155377
710.9,-48.16415276369955,-41.96761089067282
711.0,-47.928015299640585,-42.29215018680122
711.1,-47.718528367952764,-42.55792708886032
711.2,-47.525062987038176,-42.77984435209611
711.3,-47.330180775817595,-42.96202274952683
711.4,-47.068159534164124,-43.11778462100589
711.5,-46.78498165296005,-43.29809227590392
711.6,-46.499128115327785,-43.53061440679682
711.7,-46.226890769375665,-43.845218420708754
711.8,-45.95566306984194,-44.253994836887564
711.9,-45.67217122239306,-44.7484288622019
712.0,-45.36246889591402,-45.31156586847255
712.1,-44.9975093007689,-45.95318457583386
712.2,-44.56026163925822,-46.68194361573444
712.3,-44.05515871471072,-47.48741934399457
712.4,-43.45785890175668,-48.305570591940246
712.5,-42.82751817929913,-49.11615220134675
712.6,-42.172919267788664,-49.92406393819899
712.7,-41.49591219907002,-50.72534053334728
712.8,-40.802201754912204,-51.510751486654925
712.9,-40.09767689589966,-52.2236546541684
713.0,-39.382095287798116,-52.86109909357362
713.1,-38.669088695663085,-53.42734196287708
713.2,-37.94842087692828,-53.93624579229982
713.3,-37.200166001468205,-54.37059720574689
713.4,-36.42142776227418,-54.7303778834362
713.5,-35.64920946955939,-55.081728479494544
713.6,-34.90221155211402,-55.427768688781065
713.7,-34.174638396194275,-55.74921671813093
713.8,-33.441449224438124,-56.00283929617781
713.9,-32.682291541902956,-56.16659284851076
714.0,-31.917648142673773,-56.32895224510955
714.1,-31.160896161360856,-56.53664848478933
714.2,-30.424132359191688,-56.77431528090417
714.3,-29.741469480504154,-57.01585820625424
714.4,-29.123052999789646,-57.242433642319504
714.5,-28.555591586345372,-57.44236099162447
714.6,-28.04254612211365,-57.619655225210046
714.7,-27.578106385803437,-57.78662149266745
714.8,-27.1556836870825,-57.975412868332846
714.9,-26.77649024324346,-58.2353878643103
715.0,-26.413934096148964,-58.558700830800056
715.1,-26.036741098421217,-58.886090990096676
715.2,-25.646872285310454,-59.1729537385223
715.3,-25.23971288043782,-59.43196241228557
715.4,-24.801349460545794,-59.69172438466651
715.5,-24.344972605744257,-59.97698058804137
715.6,-23.854483370968765,-60.29497867747802
715.7,-23.30935116310799,-60.63980487967952
715.8,-22.70896645544788,-60.96397582110072
715.9,-22.011619921647597,-61.22186666528665
716.0,-21.242514600303323,-61.41615447021002
716.1,-20.45372927998906,-61.589921950984746
716.2,-19.677186032064338,-61.78612245140943
716.3,-18.899383113913593,-62.02156961210505
716.4,-18.106309012493412,-62.244175378916495
716.5,-17.30307273533077,-62.4262106787012
716.6,-16.5213758926665,-62.552269421549084
716.7,-15.819953126248935,-62.612210857198804
716.8,-15.209644733824138,-62.643146198336034
716.9,-14.610584529953218,-62.68741925146264
717.0,-14.06411479956938,-62.73473731494072
717.1,-13.589538821887754,-62.76219061988138
717.2,-13.169268291643151,-62.76440680603918
717.3,-12.768325193170869,-62.72698784561977
717.4,-12.333623082715631,-62.62226813611107
717.5,-11.875777196691564,-62.50834623677745
717.6,-11.404448866672196,-62.40966038605031
717.7,-10.88781852459897,-62.35136223574181
717.8,-10.28716558972976,-62.320588985912195
717.9,-9.564777372544171,-62.24345522635868
718.0,-8.788031198812432,-62.133970807703825
718.1,-7.970048722699093,-62.048578039352044
718.2,-7.121847476582675,-62.01151890382917
718.3,-6.253136909010184,-62.006331727316386
718.4,-5.372613106750877,-62.00147972127804
718.5,-4.521901846767174,-62.02198646317449
718.6,-3.7116331959276994,-62.05885490198182
718.7,-2.946497691682625,-62.098513990364495
718.8,-2.220898246995265,-62.14254795525717
718.9,-1.488828250957514,-62.22070717258007
719.0,-0.7907452251714346,-62.35596912352885
719.1,-0.15116386250698105,-62.54519428095175
719.2,0.414041849477151,-62.77491481852373
719.3,0.9434619462645845,-63.015517029448574
719.4,1.4783436412868662,-63.187811486730425
719.5,2.024055812962404,-63.30362545888327
719.6,2.561387352220879,-63.39000618525033
719.7,3.108405159743555,-63.46178633942468
719.8,3.680687359525383,-63.50249588164931
719.9,4.278322739517634,-63.51939312391848
720.0,4.863137494113169,-63.527801348484736
720.1,5.4207517056703445,-63.541862705634166
720.2,5.979983149835263,-63.50789351023657
720.3,6.592220578934971,-63.39734104145352
720.4,7.263332427022436,-63.234798769336905
720.5,7.937290116767827,-63.118314059299685
720.6,8.642756333037244,-63.052768019042226
720.7,9.410903183698288,-63.00839739043419
720.8,10.239308572799727,-62.97151438012833
720.9,11.048626520737447,-62.96360815701764
721.0,11.815862842139298,-62.92859044452576
721.1,12.541440492866064,-62.79667117777314
721.2,13.264008591885846,-62.57255247115536
721.3,13.96929421365512,-62.31637229721191
721.4,14.626595661856964,-62.08441955315675
721.5,15.254674953318373,-61.85069131703519
721.6,15.869954160255771,-61.5944666405808
721.7,16.426007187072774,-61.32815979793759
721.8,16.906821851196547,-61.0453887619303
721.9,17.30724227657628,-60.752519546420814
722.0,17.718680536659214,-60.45989781529447
722.1,18.212894129249875,-60.20711976693111
722.2,18.790986378800792,-60.02896101590025
722.3,19.417910912757716,-59.91264069915275
722.4,20.04726405571152,-59.84032463198329
722.5,20.69679125859651,-59.76759097706188
722.6,21.36120255766232,-59.68308690894864
722.7,22.07162374513307,-59.57335333184092
722.8,22.81629458322612,-59.46502117834969
722.9,23.553400133357812,-59.39949891593162
723.0,24.29812061183686,-59.33789748550583
723.1,25.046293533281823,-59.23497120926054
723.2,25.77959071038513,-59.08614962834374
723.3,26.4971676198626,-58.9078726592945
723.4,27.132019278740316,-58.68662353997031
723.5,27.71637045578483,-58.426677230540754
723.6,28.260867045758904,-58.17666664105638
723.7,28.76560116475669,-57.9879321150275
723.8,29.224905211441037,-57.83714120497705
723.9,29.684082864439436,-57.62156215871921
724.0,30.165699498487946,-57.330945110634886
724.1,30.648369492634558,-57.02003079541284
724.2,31.120716008831348,-56.705266167279476
724.3,31.556035011435142,-56.36980281302678
724.4,31.942588331002458,-56.0223305593999
724.5,32.36759655007328,-55.685762757593395
724.6,32.869139489778775,-55.32639474704275
724.7,33.45293590712744,-54.88229686965599
724.8,34.098245285501385,-54.3418903262187
724.9,34.73778669739783,-53.73124532191207
725.0,35.35734450614189,-53.13394693059301
725.1,35.967680596472206,-52.556618172373184
725.2,36.52850477396721,-52.00792945088026
725.3,37.01601335066659,-51.50583761581688
725.4,37.46239139771955,-51.02864155941388
725.5,37.875472239209095,-50.55970217845775
725.6,38.25059340935325,-50.09693861872525
725.7,38.567698967553646,-49.67842722178232
725.8,38.81913152287386,-49.30904147866267
725.9,39.00982750048696,-48.95309406711172
726.0,39.19114395068129,-48.63846724793063
726.1,39.35414592647344,-48.36328926307104
726.2,39.53271614375576,-48.09229315610448
726.3,39.789909036282396,-47.79432137366559
726.4,40.14507662107647,-47.44222813686417
726.5,40.54514193287157,-47.05938901541137
726.6,40.99203783189687,-46.65717101890059
726.7,41.48335818212211,-46.24404808276619
726.8,42.001426512397956,-45.842303866898355
726.9,42.54549077510851,-45.46629292345275
727.0,43.09907579789388,-45.09939423532526
727.1,43.645717015852576,-44.69979775200975
727.2,44.17441730407628,-44.25682798100569
727.3,44.656911988791634,-43.777807225126814
727.4,45.15377366829846,-43.302988666912626
727.5,45.680887261556045,-42.861360455624585
727.6,46.19485055623629,-42.45597851441648
727.7,46.63852731417724,-42.05644283162998
727.8,47.03904587679406,-41.62515770029863
727.9,47.43548931387845,-41.148947437273435
728.0,47.82318467306622,-40.63794135886632
728.1,48.22779125807008,-40.12712553805016
728.2,48.679275171306536,-39.64228472146718
728.3,49.1891124412688,-39.192078823954596
728.4,49.744472041502966,-38.800700274250474
728.5,50.267302737736685,-38.43228778967255
728.6,50.75428978947821,-38.04426727159725
728.7,51.27390362512435,-37.61956316788747
728.8,51.84175092941609,-37.19898151494531
728.9,52.40960840980465,-36.87935258840257
729.0,52.95933077348901,-36.64678624190423
729.1,53.5068182413791,-36.458177650487784
729.2,54.07720970802051,-36.23848407685261
729.3,54.66434410452016,-35.96405138872979
729.4,55.19191336890095,-35.590285096332686
729.5,55.66854234976438,-35.086891970190635
729.6,56.098249902439925,-34.48583648119004
729.7,56.472888209225815,-33.853323043086796
729.8,56.81512106341191,-33.225246046207126
729.9,57.17431744691605,-32.55402757192346
730.0,57.56472459818203,-31.744408762626982
730.1,57.995707662861335,-30.78712813937701
730.2,58.43139880215265,-29.73736534188214
730.3,58.8272852974108,-28.671819617533366
730.4,59.10112368532132,-27.678362893369357
730.5,59.328172040832605,-26.80776355818871
730.6,59.555659106891945,-26.06709005723304
730.7,59.827408216930046,-25.416562674472278
730.8,60.11236742377425,-24.80343044018274
730.9,60.34445297188188,-24.159656224287833
731.0,60.520625799950224,-23.509658291500088
731.1,60.636240228956716,-22.91507029408883
731.2,60.67523181293395,-22.450130740304818
731.3,60.65767043237186,-22.10955603115662
731.4,60.62780613180569,-21.819349061199794
731.5,60.66756024875088,-21.497580667858088
731.6,60.780041291308386,-21.12221447391647
731.7,60.9312006602724,-20.67937147530445
731.8,61.08121224911759,-20.177546263004864
731.9,61.246772546274876,-19.670058115343167
732.0,61.45368836268423,-19.209083908317822
732.1,61.68010552349649,-18.818805446280805
732.2,61.93919322976999,-18.492588724650677
732.3,62.233864363272694,-18.162890736693303
732.4,62.535309725392125,-17.736891754630435
732.5,62.81246734497929,-17.282589092321544
732.6,63.04195887725478,-16.773868434474256
732.7,63.19783109581797,-16.20108473642866
732.8,63.281516982065824,-15.600990843210091
732.9,63.33416862937797,-14.970370365313624
733.0,63.37785125843183,-14.290489965121367
733.1,63.42466871878815,-13.58148319865277
733.2,63.46718165945402,-12.81632727624109
733.3,63.4987495107496,-11.957964512235295
733.4,63.507891873049516,-10.976157787325551
733.5,63.504298359269086,-9.941569925570384
733.6,63.51083437558073,-8.905443499015403
733.7,63.56388626249495,-7.941269447456114
733.8,63.695330649668946,-7.028564888428266
733.9,63.92589180752191,-6.139542762596131
734.0,64.18594600861815,-5.286032698019393
734.1,64.41587507558171,-4.468963071838448
734.2,64.59083422948179,-3.6630720753353034
734.3,64.73173916744503,-2.8630765737616537
734.4,64.83618470131589,-2.1146181443191843
734.5,64.91439766851876,-1.45554703351338
734.6,65.01045267811094,-0.8617288410748997
734.7,65.12877973080197,-0.2529403952889513
734.8,65.22931588387493,0.3951873903940811
734.9,65.26743410051539,0.9954340550566851
735.0,65.21327566924322,1.5546495839593264
735.1,65.07554506350955,2.117451826551024
735.2,64.86870898375679,2.723174477575976
735.3,64.60714458209489,3.361903951867721
735.4,64.38753907600587,3.9765444284608704
735.5,64.23511230732744,4.602663981718031
735.6,64.10618472611637,5.2733701009299585
735.7,63.939681317634175,5.980758344917382
735.8,63.72221195867143,6.703039566553493
735.9,63.43546049657218,7.422680965442525
736.0,63.11236532838052,8.161177751432223
736.1,62.78421983272878,8.901472735097347
736.2,62.506848713210545,9.611424985323742
736.3,62.31883607812052,10.259618923036852
736.4,62.19837604244422,10.829623437938325
736.5,62.03349107978591,11.374940315074845
736.6,61.81605895743942,11.937942930055444
736.7,61.5904217378801,12.524204172410391
736.8,61.37296110207123,13.089739458740826
736.9,61.159738456661074,13.620929577793463
737.0,60.99258010823559,14.151280994917498
737.1,60.8943256460753,14.692548429430854
737.2,60.87088575680186,15.251042353778566
737.3,60.891503887467614,15.835543781583995
737.4,60.875687876999045,16.448887361183196
737.5,60.852372962189406,17.1088803127287
737.6,60.83541934911427,17.785546452666242
737.7,60.820626843754575,18.429019822194235
737.8,60.8033812646001,19.027055410313
737.9,60.79250466054066,19.593690423533516
738.0,60.79566416034344,20.14769004818581
738.1,60.8125780115979,20.707463345210368
738.2,60.78766562212756,21.29431671730547
738.3,60.66910305446128,21.903270116627947
738.4,60.42347473764849,22.480570090119613
738.5,60.127718278460925,23.015409857761178
738.6,59.81580873703205,23.49966293244644
738.7,59.51101055792322,23.948149870166947
738.8,59.19978712295399,24.38205658717918
738.9,58.90620097077046,24.814374835295144
739.0,58.63253139573364,25.234303550987228
739.1,58.35404123477096,25.637542412756638
739.2,58.06081886066394,26.007856572087586
739.3,57.78279243218169,26.329336479002517
739.4,57.57572105128368,26.554935484599763
739.5,57.47291709903225,26.73648164021879
739.6,57.47257035627963,26.921732150112636
739.7,57.54434464848653,27.14531618397187
739.8,57.65273181312098,27.391325204610563
739.9,57.727604312424916,27.668398741612076
740.0,57.75689530126761,27.95949327928093
740.1,57.74958974943632,28.257460358900904
740.2,57.70426440844334,28.515703169843814
740.3,57.622306750285674,28.72261528040699
740.4,57.52697093742372,28.86836689459352
740.5,57.38120992162292,29.00626264507963
740.6,57.16970263023993,29.127698265022342
740.7,56.88803192790358,29.197840071535676
740.8,56.54969642947515,29.210229061003396
740.9,56.144536519219145,29.233835999073474
741.0,55.747282532101956,29.260806321679706
741.1,55.37842860450058,29.279034363800406
741.2,55.081533348696674,29.306676859073317
741.3,54.880799716599874,29.38209991365958
741.4,54.72176017639647,29.546645106601524
741.5,54.563548776824604,29.8223133826929
741.6,54.42093980753818,30.177028914397667
741.7,54.318115386452114,30.590912723254938
741.8,54.25567654093565,31.048696166673633
741.9,54.215291646184006,31.566237225547017
742.0,54.19826600890135,32.088420013071946
742.1,54.19765753997989,32.57346476766978
742.2,54.214214601388555,33.00917469886782
742.3,54.21103819419972,33.41178688100459
742.4,54.161085234993195,33.78208420689071
742.5,54.11668559624773,34.075022930602955
742.6,54.09211282422297,34.31333827695574
742.7,54.06293911454004,34.54560646673153
742.8,54.012951161795314,34.78776619707364
742.9,53.935972028008266,35.06351755992706
743.0,53.83396333079829,35.33993383571922
743.1,53.72569382480116,35.607638803996174
743.2,53.60863803951979,35.88142528095835
743.3,53.44419546379013,36.177576491965745
743.4,53.21191193840272,36.51776941251777
743.5,52.937012121578505,36.899593787611416
743.6,52.627307418128524,37.30104076600341
743.7,52.2875325008851,37.672913045227546
743.8,51.9347576795453,38.00377667719615
743.9,51.57480442954911,38.2864159693257
744.0,51.22369659710937,38.514159820204675
744.1,50.884823618938,38.70551083484493
744.2,50.55050078645061,38.89320658808721
744.3,50.231627378011105,39.08715964047156
744.4,49.94806697740398,39.310089245145534
744.5,49.7002845679001,39.54454604902036
744.6,49.49665826932376,39.777301392780885
744.7,49.35799897782775,40.020710476315806
744.8,49.275554963199376,40.296797394930586
744.9,49.17665156130375,40.62491264630998
745.0,49.05792876166243,41.019699172531006
745.1,48.92390280409195,41.475786960775324
745.2,48.789460331953066,41.95949425893336
745.3,48.66513364631202,42.45595349490754
745.4,48.56865931594098,42.93387552553343
745.5,48.49114474481933,43.35937902267881
745.6,48.399743500733614,43.737905726284666
745.7,48.24713074486581,44.09495641724118
745.8,48.01763033506431,44.44192384267098
745.9,47.739141061931555,44.785171106239105
746.0,47.47958398665314,45.09413561150504
746.1,47.25430871412952,45.365674666383875
746.2,47.053454795759286,45.58537573027279
746.3,46.85210351705748,45.75311042726614
746.4,46.65285099358327,45.86198219334231
746.5,46.4393279257663,45.9540172482486
746.6,46.20371612913746,46.03466941982827
746.7,45.96687619091814,46.0913445717838
746.8,45.759490736393566,46.11086304182334
746.9,45.63364267043902,46.10079939756232
747.0,45.557475879919814,46.070775343661005
747.1,45.50786210983718,46.042892937161895
747.2,45.454636255596256,46.03274736106826
747.3,45.39646712031104,46.06090187836451
747.4,45.337585231557064,46.117957853486494
747.5,45.27609927982093,46.21759949004389
747.6,45.18082721727824,46.35710302981211
747.7,45.03258710040193,46.540802263597875
747.8,44.84683076798262,46.768113701666266
747.9,44.690342625577664,47.016485398214265
748.0,44.53770878645967,47.26008239194109
748.1,44.38109101788812,47.47694727417186
748.2,44.1709641202744,47.6940501653726
748.3,43.90354379502812,47.91741835500417
748.4,43.59030653277544,48.09505473462334
748.5,43.23427745494604,48.22921308373495
748.6,42.85817648431145,48.33098666020396
748.7,42.51573385415616,48.408242229871256
748.8,42.24833705144372,48.46583226546787
748.9,42.06844794035613,48.53618497499097
749.0,41.859888854324446,48.63571945505637
749.1,41.55918305468762,48.76951909453383
749.2,41.20877903508105,48.929033110954926
749.3,40.88978388162576,49.069794825633316
749.4,40.62574658419648,49.205989794238505
749.5,40.4109182354554,49.38858958371068
749.6,40.26097541945845,49.60435825581715
749.7,40.16184507383033,49.815281949011634
749.8,40.08018091868258,50.00682724920496
749.9,39.98804715614655,50.17717342568713
750.0,39.889714122336684,50.3078807087965
750.1,39.8367009021709,50.40745105335447
750.2,39.85202968993302,50.481330249009424
750.3,39.90818040924674,50.540843601784374
750.4,39.978994910166016,50.60969344213783
750.5,40.04742649599558,50.655749697255466
750.6,40.09650766131109,50.661349443530135
750.7,40.100920236282484,50.6369028598978
750.8,40.06241668770367,50.58468516454459
750.9,39.98580599812629,50.550765483765275
751.0,39.87665639729729,50.541677732942
751.1,39.70848451321484,50.52920975177331
751.2,39.473430286544435,50.48055150795992
751.3,39.18561742699161,50.39916538364051
751.4,38.90620986305486,50.33459103340097
751.5,38.64802229703072,50.26269807753745
751.6,38.404875585704225,50.201496097583224
751.7,38.173173826464506,50.18035667819924
751.8,37.94605645703415,50.24014741625631
751.9,37.75255669369946,50.381736142488826
752.0,37.59480749258012,50.53984511430203
752.1,37.4619787904942,50.69597905620467
752.2,37.35739073261776,50.88000942282477
752.3,37.2886342788202,51.13333929276228
752.4,37.24409928126267,51.45412199061274
752.5,37.1647722669709,51.79036245309241
752.6,37.032182005212256,52.11441914812579
752.7,36.85177170060141,52.38775261261351
752.8,36.65322424815438,52.617912380706656
752.9,36.463995059688905,52.792550306922365
753.0,36.247252487030075,52.92770958070048
753.1,36.01556284791954,53.05445590663425
753.2,35.78268784616272,53.173706849191085
753.3,35.5508199267419,53.25837619582139
753.4,35.28872454556667,53.30831935726304
753.5,35.003013917505896,53.35258570694627
753.6,34.736543121834195,53.37816794532018
753.7,34.539603370702096,53.41223672663127
753.8,34.41083537072325,53.465373061221904
753.9,34.29592826481694,53.49163765795256
754.0,34.177622088219536,53.513651111481856
754.1,34.03925399094274,53.55482516543057
754.2,33.887106289723164,53.59927961407736
754.3,33.734547076840805,53.6459858050647
754.4,33.53239655990922,53.689543410508286
754.5,33.29516671843202,53.71398682271328
754.6,33.08331213722903,53.73138452219118
754.7,32.90328545778244,53.76861226818749
754.8,32.717378553503664,53.8121432577479
754.9,32.47688950693527,53.87592044434696
755.0,32.20531310132957,53.958846241040014
755.1,31.921034081615005,54.01230800444352
755.2,31.64980752972372,54.041374255593745
755.3,31.375832086366163,54.07007457377315
755.4,31.12924749930095,54.120189499054895
755.5,30.976674593884958,54.198711287407676
755.6,30.914401881804928,54.31430748913813
755.7,30.86993561407797,54.43924750714112
755.8,30.79316041911322,54.57389537514987
755.9,30.64162121866245,54.71810072492181
756.0,30.480945538114725,54.87578445442648
756.1,30.348452931077055,55.070623668455326
756.2,30.23100400858796,55.30311225742052
756.3,30.100944361721073,55.543826770602614
756.4,29.972783646449592,55.80831489731523
756.5,29.81099723798575,56.08852929938006
756.6,29.58505657164774,56.37856981997624
756.7,29.297458345155608,56.669077981785684
756.8,28.960705139746782,56.9532912830879
756.9,28.60785074076666,57.20082695272069
757.0,28.298497311466473,57.416963336061556
757.1,28.028059692145067,57.60342059056973
757.2,27.78077195888466,57.77277399681905
757.3,27.564384494966564,57.938710068050206
757.4,27.375763892931058,58.11683430589131
757.5,27.19812682866375,58.28179056280192
757.6,27.00475231950751,58.41466694746932
757.7,26.795111624279958,58.51350879053264
757.8,26.563223727322068,58.57540296326124
757.9,26.299359873471758,58.61828100074252
758.0,25.97710711963222,58.67477684955002
758.1,25.586560218267298,58.76080455166761
758.2,25.11759835404177,58.87802294570658
758.3,24.55998397210078,59.02310066542255
758.4,23.948984133754585,59.16287645353976
758.5,23.301978742253013,59.271152669710666
758.6,22.622041746055697,59.34943833387226
758.7,21.931984584438197,59.41993681254065
758.8,21.270791319136137,59.50979851027553
758.9,20.66239857746443,59.62350341779058
759.0,20.141412625730165,59.74704811348606
759.1,19.707502755685116,59.86113664263715
759.2,19.33023015594936,59.94433210571556
759.3,19.010082490392417,59.97867275793623
759.4,18.756250039745968,59.97277892334475
759.5,18.53541823875383,59.96660251482474
759.6,18.322967831115392,59.99626606868849
759.7,18.108843799536313,60.07232397092521
759.8,17.912921996732333,60.18590720106899
759.9,17.73494916701293,60.294563413973556
760.0,17.544135409260477,60.38837258879136
760.1,17.292150915079663,60.45855550615601
760.2,16.979460174884423,60.536521817850115
760.3,16.638932624607207,60.65055226586232
760.4,16.305461568255648,60.8121539926718
760.5,15.966152925720756,61.00834754029349
760.6,15.62944253611285,61.2288602567097
760.7,15.32578253531126,61.45140754851489
760.8,15.059524818319277,61.661719783988524
760.9,14.80838851436131,61.843498942873296
761.0,14.542727492611528,62.05026813399754
761.1,14.260083587791128,62.301118681163075
761.2,13.956839042559766,62.54916765775031
761.3,13.625878546417466,62.744639772808156
761.4,13.28839688100391,62.91786524314252
761.5,12.919219341260105,63.06363457944324
761.6,12.5507887828908,63.182522030644456
761.7,12.17885103844996,63.27970905693296
761.8,11.780773300064391,63.3334009185821
761.9,11.358964218743784,63.30152777210824
762.0,10.952429072847488,63.20935828160595
762.1,10.578177705132088,63.065777511718764
762.2,10.24482470278562,62.91284021702217
762.3,9.978008405826499,62.81587130056746
762.4,9.815841994026723,62.813699087870035
762.5,9.729181613997271,62.867324688668866
762.6,9.712983600805627,62.92700275339205
762.7,9.747092494180414,62.951675342251086
762.8,9.819035305535788,62.95757154000481
762.9,9.950860383075895,63.00021766564336
763.0,10.120702602406391,63.108872320313814
763.1,10.264942371379833,63.27920138144907
763.2,10.381725985136676,63.49379895533543
763.3,10.501310042271895,63.71204154934937
763.4,10.633449558989865,63.83545961315176
763.5,10.741157032198407,63.833637633642255
763.6,10.79348476814932,63.75339921007255
763.7,10.769654738350608,63.68014511486031
763.8,10.681885512962477,63.665538894400036
763.9,10.532740757714668,63.701733585026886
764.0,10.320750353436203,63.72167551381676
764.1,10.078261277669164,63.705894241529265
764.2,9.816616822714122,63.63753131830404
764.3,9.51940943891393,63.50081931540047
764.4,9.20385249746596,63.317893191345405
764.5,8.878578677745233,63.19549542480192
764.6,8.553080967510367,63.135632216531455
764.7,8.26468146262312,63.07784604213934
764.8,8.013407836075528,62.98636796748488
764.9,7.784270765000074,62.85320036118756
765.0,7.57765434759089,62.67978735644492
765.1,7.374106979575976,62.52178491467564
765.2,7.15653083628672,62.421194297028045
765.3,6.940846279794605,62.3863957947272
765.4,6.716619029891911,62.40327115180514
765.5,6.450631803456966,62.439770858516425
765.6,6.147764888955902,62.484593947471126
765.7,5.817174987635333,62.55439164783467
765.8,5.472347358337135,62.64546308549856
765.9,5.145440354380215,62.74031914749751
766.0,4.829115987149281,62.85958799461723
766.1,4.522698859278457,63.01313503998228
766.2,4.2518545371213,63.16432005067838
766.3,4.032105704501205,63.28931245540733
766.4,3.880248590978413,63.39056482264811
766.5,3.8106190926861543,63.4973813632919
766.6,3.8094585141655197,63.591634942528415
766.7,3.837205359214634,63.65278456867604
766.8,3.853008105056226,63.66674058949814
766.9,3.8409742549054426,63.66562411456536
767.0,3.8080246177015393,63.676564446270625
767.1,3.7576244439225395,63.67740206018239
767.2,3.679159858471585,63.6530179276949
767.3,3.5606781207097353,63.62234377053089
767.4,3.3888095339956523,63.56270523271673
767.5,3.15057789530604,63.46402824611805
767.6,2.859811167331945,63.34462853436905
767.7,2.5415640025571595,63.2572559008546
767.8,2.2074013115511857,63.22156078512907
767.9,1.9060151183363843,63.23869039129268
768.0,1.6361482150135926,63.26679655424578
768.1,1.3841496641984656,63.27776255392446
768.2,1.1550810215502108,63.27724186489006
768.3,0.9580211217345855,63.27065881531171
768.4,0.8072078283056535,63.259849321021605
768.5,0.7057660161664672,63.27303310858543
768.6,0.6296643079978599,63.5589010849345
768.7,0.5851737128500976,63.81948999191568
768.8,0.5663637520514224,64.02835912875142
768.9,0.5446548096048413,64.21715858319826
769.0,0.4959491092309806,64.39598401889963
769.1,0.4268110662823879,64.58463679703881
769.2,0.3463852826947036,64.7983631125689
769.3,0.25508539278199405,65.02673648203934
769.4,0.13518266261314085,65.23817158736206
769.5,-0.03028035737062436,65.42833704335108
769.6,-0.24934761811645892,65.60862091269087
769.7,-0.5164347289310605,65.54533391450906
769.8,-0.8463744341747013,65.50317488309089
769.9,-1.1867095733819752,65.50528220447273
770.0,-1.4996429974256067,65.51514960796364
770.1,-1.7675898406219352,65.5050114133818
770.2,-1.983064319385536,65.44923465665448
770.3,-2.156165515814615,65.34995205389083
770.4,-2.284933032047335,65.25392775025448
770.5,-2.3519743475964052,65.18406236167267
770.6,-2.3427638007054408,65.15745050305452
770.7,-2.2288451851126188,65.18529291720002
770.8,-1.9962879563125662,65.26169573200004
770.9,-1.6675850387925573,65.36176713450912
771.0,-1.2951935930179934,65.46236873869094
771.1,-0.9036957981416347,65.51230670752724
771.2,-0.5352586989998467,65.48815288418174
771.3,-0.20746716127623718,65.41767294883631
771.4,0.140122946432865,65.39823480170905
771.5,0.5055512262656076,65.38307429763633
771.6,0.8572086781237656,65.3587437157454
771.7,1.1489606401528027,65.29470072025445
771.8,1.3662814505963838,65.17385069625442
771.9,1.4667099480436436,65.01569979472714
772.0,1.4727390569817913,64.84513982861804
772.1,1.3925719306690196,64.6381594215271
772.2,1.2589939015162637,64.42194103407257
772.3,1.0965871486762735,64.24767850327265
772.4,1.0290931769853835,64.2504396322545
772.5,0.996067855039956,64.33285652079998
772.6,0.94505194278901,64.45244023887271
772.7,0.8551952002799094,64.5801495773091
772.8,0.7581066276108309,64.72943225698184
772.9,0.6616641320181006,64.8659826109091
773.0,0.6083288749126529,64.97029448810909
773.1,0.6044868490654055,65.01300217778176
773.2,0.6483208939890687,64.98875134552715
773.3,0.7316278564254687,64.92155336774539
773.4,0.8723036852545636,64.9233659716363
773.5,0.946606875640007,64.85912135407266
773.6,0.9470820958726979,64.71279178250897
773.7,0.9187332542945328,64.51083845443623
773.8,0.9140195909563701,64.29575029989077
773.9,0.8951799938363622,64.00887323981803
774.0,0.8543365556981674,63.68451294119982
774.1,0.8036115508908931,63.35465764494529
774.2,0.7487412609927017,63.080661302763524
774.3,0.683339693232702,62.89188962545452
774.4,0.5735743074726918,62.78949924952724
774.5,0.4015491548326675,62.661532447781774
774.6,0.19978313906903697,62.50602193159995
774.7,0.008250495647235482,62.337028144909034
774.8,-0.16559344372367596,62.1705788202545
774.9,-0.36747585039640907,62.016587685054496
775.0,-0.5596356123491399,61.933708818363606
775.1,-0.7146431625054674,61.921830503418185
775.2,-0.8171912081381606,61.948852782545465
775.3,-0.8794020235963323,61.98278741483637
775.4,-0.8842433907345036,62.01367252363638
775.5,-0.7978827694144723,62.04035147243638
775.6,-0.6189416137380548,62.04908202614545
775.7,-0.3785602815634785,62.02808923829087
775.8,-0.10925767664713323,61.97934039749088
775.9,0.0588328536510302,61.86285780469086
776.0,0.17143848068372647,61.66872773247265
776.1,0.2643997281673681,61.43740623025447
776.2,0.3461275527418851,61.20946106421811
776.3,0.38919238733094924,60.98500395112719
776.4,0.4014047945600398,60.772575921672654
776.5,0.365732556283665,60.582138852509026
776.6,0.26726236538544074,60.404089659563574
776.7,0.0897023688508333,60.2425674938545
776.8,-0.1683259792183024,60.11131459047271
776.9,-0.46081659901102634,60.040152412981804
777.0,-0.6576361431673649,60.06905866043639
777.1,-0.7425593880763869,60.20922560654554
777.2,-0.7352016338436104,60.43138947560013
777.3,-0.6714034041854201,60.695094218181936
777.4,-0.6032993034217848,60.97560546665466
777.5,-0.5386998941781505,61.2643821903274
777.6,-0.5091771513200144,61.53119373385464
777.7,-0.5313897425964187,61.75541252596371
777.8,-0.5904243608909356,61.946641650727344
777.9,-0.571603348050925,62.15424884880008
778.0,-0.5209327838872709,62.34841265661826
778.1,-0.4826640492763971,62.513295638981866
778.2,-0.5172737487055583,62.62186808698182
778.3,-0.6409871057856011,62.66293772690904
778.4,-0.7988591188946892,62.649754290763596
778.5,-0.9387551837128639,62.607052146181765
778.6,-1.0513967259492036,62.50591447305444
778.7,-1.0959331964473102,62.34765510661804
778.8,-1.0407926203417939,62.16250470221807
778.9,-0.8876119759599689,62.04127903970898
779.0,-0.7510689214545113,61.93461037843627
779.1,-0.6649841669381946,61.806833877454416
779.2,-0.6189270416472913,61.63812213101803
779.3,-0.5686461647054349,61.444312574327135
779.4,-0.47775333505088985,61.2849030079635
779.5,-0.40119355430543885,61.14664369992715
779.6,-0.3407379599236299,61.03677375643626
779.7,-0.30743626365092863,60.99144910381815
779.8,-0.3105670397782301,61.039586562181846
779.9,-0.3919465855564225,61.141859097345474
780.0,-0.5499379226582687,61.20745092945456
780.1,-0.7639997017746498,61.25082076723638
780.2,-0.9797698634837201,61.322092160363695
780.3,-1.1634276976727767,61.456929949781916
780.4,-1.2743629124218596,61.67821288981829
780.5,-1.3489637087927524,61.92644317989104
780.6,-1.3810425598545377,62.20139233345469
780.7,-1.3626408012217641,62.49559275774562
780.8,-1.2919872954399414,62.80180534654559
780.9,-1.174623428850841,63.054526625018305
781.0,-0.9687329042035386,63.293083627345574
781.1,-0.6863369668216871,63.520917348618305
781.2,-0.3599982113380307,63.72701007520009
781.3,-0.010257987061662015,63.89690309836371
781.4,0.3516000988001577,64.06142255156372
781.5,0.6849657543274253,64.1976896804728
781.6,0.9920380354765078,64.29906607440006
781.7,1.268828471272849,64.35914180920003
781.8,1.509149534785533,64.37814537141817
781.9,1.6611172075855238,64.35715132054544
782.0,1.7302728760145867,64.36166313141818
782.1,1.7078541349018004,64.38812136923637
782.2,1.597119824399917,64.4295256041091
782.3,1.410091189832628,64.48243484094547
782.4,1.2331889217817251,64.51057676061819
782.5,1.077696627454464,64.48312522967272
782.6,0.9361225425308334,64.39206979585448
782.7,0.798775846734474,64.2360384175999
782.8,0.6634574841090095,64.02166950559989
782.9,0.5227679121817381,63.7787973853817
783.0,0.42859114938174997,63.50634749745441
783.1,0.3764245080872208,63.19447882025438
783.2,0.37052770584725764,62.83690976701798
783.3,0.4196631478327653,62.43719977254525
783.4,0.5234806442327645,62.06024949516345
783.5,0.5955595044654837,61.74233125399982
783.6,0.6101060018145241,61.50514162065443
783.7,0.5488181738835558,61.378387618981805
783.8,0.419187784992635,61.37007970123639
783.9,0.316248564392644,61.4354048367273
784.0,0.24740005455629713,61.544528699927326
784.1,0.17289258158172197,61.698991419818256
784.2,0.0574791591889608,61.910174146945586
784.3,-0.094337525000127,62.1879179028729
784.4,-0.23501733237467073,62.54859216534564
784.5,-0.3642100731237573,62.92729627603656
784.6,-0.46500777595645454,63.28642210007288
784.7,-0.4947087428654699,63.566664930981894
784.8,-0.42751924713451045,63.74632819716366
784.9,-0.27022143526541165,63.86095106436366
785.0,-0.11784903650904123,63.95534656327275
785.1,-0.02665797236002141,64.06411716414551
785.2,-0.013154490410974067,64.22032520825465
785.3,-0.03758891676002874,64.42243056661826
785.4,-0.017797981981845915,64.57034286047279
785.5,-0.0013218246873002084,64.64769261207277
785.6,0.00980190215996925,64.6532864848
785.7,-0.003372425694604235,64.62353927690909
785.8,-0.05775277954191471,64.59605912327275
785.9,-0.12542635767281737,64.55032591800001
786.0,-0.1996110135855397,64.45080049534545
786.1,-0.30199143116738403,64.30280969087269
786.2,-0.39799637281098116,64.07707786989079
786.3,-0.4313699170218195,63.73900256214527
786.4,-0.37679031602545354,63.316523988581636
786.5,-0.31642083924726805,62.90973252796345
786.6,-0.252374185087266,62.51854037589073
786.7,-0.18472539898180626,62.14405306458164
786.8,-0.11143682796726112,61.78746393065441
786.9,-0.04489364692362623,61.429504902690766
787.0,-0.013008657559999233,61.090696086581666
787.1,-0.03145551577094695,60.824407328872645
787.2,-0.09422319356369827,60.67868164054548
787.3,-0.17962700705095724,60.648192186036425
787.4,-0.23838048592004554,60.71321393385461
787.5,-0.29580537794549716,60.84580666305464
787.6,-0.3233944646218187,61.00324792916371
787.7,-0.29052782904357866,61.142903092109144
787.8,-0.19509277281085674,61.26485995629098
787.9,-0.16262159323268788,61.37937166025461
788.0,-0.18072911542907596,61.50570627541825
788.1,-0.21754354827997754,61.69824787207287
788.2,-0.22551944477085473,61.958010673963805
788.3,-0.188983149007184,62.231624834545556
788.4,-0.13629760562173437,62.45857330465465
788.5,-0.11674928492720137,62.65858111578193
788.6,-0.12970832337449323,62.82627482083646
788.7,-0.20305207592001304,62.999003417200136
788.8,-0.3652877610691663,63.21948934934562
788.9,-0.6091965382400784,63.47702396243653
789.0,-0.8092461101237077,63.761354117927446
789.1,-0.9496308500582148,64.08841574338203
789.2,-1.046416922501839,64.41976069607291
789.3,-1.1314761185745723,64.70100490570918
789.4,-1.239120160465485,64.86596793003646
789.5,-1.3409861035418509,64.97516681821826
789.6,-1.4306664269200249,65.0622510545819
789.7,-1.5023834732654684,65.16624357054557
789.8,-1.5567671061272679,65.29251781320009
789.9,-1.627213249214549,65.40045195883646
790.0,-1.720940743109108,65.500754662291
790.1,-1.827159316618203,65.59528448058191
790.2,-1.9508843252109564,65.6699640431637
790.3,-2.107921395549155,65.70885742247276
790.4,-2.3237703062582553,65.73221775938185
790.5,-2.564119335149179,65.80622549614552
790.6,-2.7888102331600537,65.91148398636369
790.7,-2.9640922721127425,65.9949470993091
790.8,-3.0963729728909217,66.02296535065453
790.9,-3.2679963028472945,65.95443303123633
791.0,-3.4455663382727604,65.82997196476357
791.1,-3.575830701654518,65.66014967836355
791.2,-3.6163272866726315,65.45367514214534
791.3,-3.577846364519891,65.20868979909079
791.4,-3.5072944516835234,64.99580840345443
791.5,-3.3791717695380514,64.79477781436354
791.6,-3.1685388596107145,64.60762872869083
791.7,-2.890614512490681,64.45578848970905
791.8,-2.585556977239808,64.35865374381815
791.9,-2.296827956279803,64.2727480671636
792.0,-1.9420834822579642,64.23917716890907
792.1,-1.5084531578215474,64.28877666658187
792.2,-1.0363189631306373,64.44181465058195
792.3,-0.5789332756979685,64.68772359378198
792.4,-0.2792059467525352,64.98576216432743
792.5,-0.09023045980712711,65.2653156079638
792.6,0.024043294585577687,65.48972027018193
792.7,0.07472596740005782,65.62028179960004
792.8,0.03687810016363313,65.65496949934546
792.9,-0.08643826689091653,65.63521834679999
793.0,-0.25176143134183937,65.60450476581818
793.1,-0.4744410140437018,65.56698089283636
793.2,-0.78269703320378,65.49596324676358
793.3,-1.1893998861747341,65.36061621007262
793.4,-1.6282345180474573,65.08940473912713
793.5,-1.9562910775928828,64.72307016578165
793.6,-2.1407351213927837,64.28578653541798
793.7,-2.18478231547633,63.83839154792708
793.8,-2.124482769290856,63.41754885781804
793.9,-2.0269177170108525,63.120067735999875
794.0,-1.8951491988690228,62.90451320509082
794.1,-1.7178274938798972,62.69955607785441
794.2,-1.468253260203465,62.429715030617984
794.3,-1.1310768769852386,62.09083792694526
794.4,-0.7569047029088778,61.75778499679981
794.5,-0.4120517928834327,61.502091283818004
794.6,-0.10973785679255776,61.35051814839989
794.7,0.1039829520618961,61.3056529055636
794.8,0.19627619026182072,61.34332150992726
794.9,0.22567656049091622,61.48088354774546
795.0,0.25926529692364897,61.62152974810911
795.1,0.24503863940722087,61.73410533516364
795.2,0.11964310680348182,61.85878472029096
795.3,-0.12827102187291686,62.066897090727394
795.4,-0.4466678761274696,62.43366408792742
795.5,-0.7849410972765724,62.88422548192745
795.6,-1.1248559562147458,63.412165268982044
795.7,-1.4349580139528972,63.98430608494571
795.8,-1.7020275606074073,64.57388656941839
795.9,-1.8835530506219422,65.07207605832747
796.0,-2.0380691866801075,65.46151496541835
796.1,-2.2005119683674046,65.77524654967289
796.2,-2.353813635116459,66.07746884592744
796.3,-2.4459704267745646,66.39933663003653
796.4,-2.3751616203454557,66.6867629703638
796.5,-2.193423086323594,66.86452622545467
796.6,-1.9465560246654066,66.94023473592735
796.7,-1.6985963644326938,66.92791284614547
796.8,-1.4677788347308798,66.8339765598545
796.9,-1.1823112274072298,66.67378151872724
797.0,-0.8847050880181228,66.55615838683633
797.1,-0.614572285639976,66.49893518723638
797.2,-0.376588689763615,66.48689668400003
797.3,-0.13581830080359417,66.48699961814546
797.4,0.10787010660731039,66.36703311752727
797.5,0.2526558094727379,66.18108411378176
797.6,0.2875950004872189,65.94494621276357
797.7,0.24754507230173495,65.66680467970897
797.8,0.17830722487265555,65.33905117399989
797.9,0.18746163928357956,65.01351183156352
798.0,0.20321610738177787,64.67483101072716
798.1,0.15797671849806721,64.3177785115635
798.2,0.023761431039835967,63.91929611109072
798.3,-0.15981788591650942,63.46155578625433
798.4,-0.33547454832014856,62.92209140272705
798.5,-0.5033397815383314,62.43311383265432
798.6,-0.6527699312619524,62.03526324021802
798.7,-0.762177535876461,61.75338618374538
798.8,-0.820618788076423,61.5716890573818
798.9,-0.8215105200873285,61.55705899712727
799.0,-0.8724329129927909,61.657669867054594
799.1,-1.0194300371201455,61.84377531585463
799.2,-1.2409520521274404,62.0908591921456
799.3,-1.469405047345559,62.4041516958547
799.4,-1.6189981966219207,62.76051523730926
799.5,-1.747018184007368,63.18241595083655
799.6,-1.8485103431600765,63.687455282945706
799.7,-1.9291636620473378,64.2525945159639
799.8,-1.9996217949782553,64.83719348570934
799.9,-2.011790006927331,65.44720345996389
800.0,-1.972251465669122,66.01573730272753
800.1,-1.9198698716218636,66.51052436389112
800.2,-1.8474648548763661,66.92904034465472
800.3,-1.7089923451053877,67.3010315963274
800.4,-1.4598616769199253,67.64388692181832
800.5,-1.1858636764726391,67.98074391080014
800.6,-0.879573698083519,68.25401488341824
800.7,-0.5385217624143966,68.38851071330902
800.8,-0.16766253580714147,68.36662995396351
800.9,0.20714829808013657,68.2284898115635
801.0,0.5378160042219501,67.9681390183271
801.1,0.7922564595782551,67.58245909370885
801.2,0.9772492415273158,67.10060220727242
801.3,1.1316580504873253,66.55483900912697
801.4,1.3024244119127812,65.92607131090877
801.5,1.4449576604145942,65.19691030970873
801.6,1.5692419868036873,64.40248310836326
801.7,1.6778369362109502,63.63550448956332
801.8,1.7633178629563597,62.9535621331634
801.9,1.7383777778399825,62.45307233945434
802.0,1.6288723645199494,62.09391790225438
802.1,1.459991581407204,61.8206553256362
802.2,1.2890095099526764,61.58095959421804
802.3,1.14801027319635,61.37794918854538
802.4,1.0997742828109072,61.302223688472665
802.5,1.0973600133418384,61.37288128236362
802.6,1.0997003410327242,61.57686447080005
802.7,1.0557439513163154,61.86598865152735
802.8,0.9555066533817462,62.20512672170919
802.9,0.8231792266690175,62.48175153472735
803.0,0.7460686603781196,62.59944679029093
803.1,0.7220009739490496,62.57134856159996
803.2,0.7236122284108657,62.46603641778176
803.3,0.7257124653526938,62.338953854763595
803.4,0.7616494091308809,62.35399522694544
803.5,0.7686426480726977,62.420560954472755
803.6,0.7251040580944785,62.483254947636354
803.7,0.6505126388690262,62.499738616145436
803.8,0.5859355141526901,62.483069459418125
803.9,0.61933824249816,62.507073259199956
804.0,0.7265300444654649,62.684277162109105
804.1,0.8486770205454335,63.02297794767283
804.2,0.9291192517890317,63.5183363222184
804.3,0.9700307187563137,64.15721621254573
804.4,1.0285793355199517,64.87654741181846
804.5,1.0714173777235863,65.51243556563664
804.6,1.0831116065744688,66.03203091505473
804.7,1.069816907363552,66.45787979083651
804.8,1.0531214041744794,66.84537828269107
804.9,0.9595468552180937,67.18753603069105
805.0,0.7011277019416706,67.41052725309102
805.1,0.31821367432344677,67.48281379487274
805.2,-0.09001159814926138,67.36456072149075
805.3,-0.46471421596739776,67.04747125341794
805.4,-0.7747466526292126,66.61291228461793
805.5,-1.0772768222073894,66.123954021927
805.6,-1.3248832671818636,65.61714699959975
805.7,-1.4547112912399294,65.16189151083618
805.8,-1.451327655588999,64.79103731458167
805.9,-1.3978721481635383,64.43562879025438
806.0,-1.2208665271744132,64.10265629778166
806.1,-0.8953133309670442,63.80648560672714
806.2,-0.4365648278651454,63.59302064167268
806.3,0.11502925215305139,63.49379955763641
806.4,0.655946124040318,63.550750595709154
806.5,1.155038261294848,63.682506861927365
806.6,1.644099183433048,63.86075489887282
806.7,2.107500952451188,64.02063071487278
806.8,2.4978221108292704,64.12558377567274
806.9,2.7432790778401714,64.13404338738182
807.0,2.9270116414183316,64.1149651705818
807.1,3.065482522952863,64.08099705865453
807.2,3.1501569821782636,64.03042121541813
807.3,3.1560375574400124,63.948871871309045
807.4,3.0532583947163685,63.83280718690903
807.5,2.945342279054542,63.64029892112719
807.6,2.849145249047282,63.3868695595999
807.7,2.749729823770895,63.11635504538172
807.8,2.6153024837090437,62.85706883589082
807.9,2.398634808679942,62.58751682501809
808.0,2.1715103794108384,62.34926970665446
808.1,1.9386356633999207,62.146855875527194
808.2,1.6882544067562533,61.972155792981745
808.3,1.4039038880908006,61.81252152563632
808.4,1.1105820955417072,61.71144252519996
808.5,0.8381548831308,61.67246063109089
808.6,0.5987962139235509,61.68316298738182
808.7,0.38782401239265263,61.715614252509106
808.8,0.18838223994537853,61.754291940836374
808.9,0.02891929260356979,61.7367821616
809.0,-0.043336409450946425,61.68457902090907
809.1,-0.04876188151274332,61.613568409854516
809.2,-0.012440606374536084,61.53510782479996
809.3,0.060920948465496956,61.444668871018145
809.4,0.21359918997459762,61.4031982696727
809.5,0.42059613001461976,61.36720656905454
809.6,0.6501275329891563,61.312661093963605
809.7,0.8582352002364014,61.22794202512723
809.8,1.032745168690935,61.12546221847267
809.9,1.2224109640618506,61.02401143698176
810.0,1.3987841903273084,60.98600357141814
810.1,1.5476548115927438,61.01855858312728
810.2,1.6751898072581979,61.11291054236367
810.3,1.8017661926181971,61.25317355803642
810.4,1.9324719407272892,61.45680413829098
810.5,2.0250306446181905,61.66285556196372
810.6,2.0515819548981367,61.85423499240006
810.7,2.0160497577708316,62.03788226814554
810.8,1.9502182888326685,62.23783006440009
810.9,1.846186313930837,62.47602282487282
811.0,1.6552003073562582,62.73367078658192
811.1,1.372329868028926,62.98664940316373
811.2,1.0068546307634092,63.203714166909144
811.3,0.5729846314543184,63.37774511647276
811.4,0.1215533186397689,63.605347528581866
811.5,-0.35252728073478573,63.869064895090986
811.6,-0.8264614907784054,64.11566639069095
811.7,-1.2495932862074364,64.30901402672727
811.8,-1.594062317629208,64.46620063985455
811.9,-1.8554581763746554,64.5914960686909
812.0,-2.025879628290991,64.66295586952725
812.1,-2.093739062316381,64.67358364807266
812.2,-2.0425184663090112,64.64050755639992
812.3,-1.8672874391889487,64.58785214087266
812.4,-1.607563205407127,64.58847886309084
812.5,-1.314179213501661,64.54578244632721
812.6,-1.0099076425634914,64.40683618247259
812.7,-0.7403163475744464,64.17194418872708
812.8,-0.5282010044253808,63.89433729039983
812.9,-0.3554950168690198,63.64555213141802
813.0,-0.226608793574487,63.42131887316348
813.1,-0.15521250215452823,63.21265137168166
813.2,-0.16656392128369235,63.01755987730894
813.3,-0.2722506620237427,62.843040784336246
813.4,-0.45152019902677715,62.710784217018066
813.5,-0.6648553078419406,62.54792871375443
813.6,-0.7827420016861426,62.39275115824985
813.7,-0.9183704728290226,62.22561229027767
813.8,-1.0470821415076133,62.114800841312466
813.9,-1.165912663808701,62.084457133785676
814.0,-1.3030435596634795,62.043664524549946
