时间(s),X坐标(m),Y坐标(m)
468.8317,-0.932248429,3.268604493
469.0317,-0.937290731,3.25960436
469.2317,-0.942297544,3.250583065
469.4317,-0.947268779,3.241540746
469.6317,-0.952204348,3.232477545
469.8317,-0.957104164,3.223393601
470.0317,-0.961968139,3.214289057
470.2317,-0.966796188,3.205164053
470.4317,-0.971588223,3.196018732
470.6317,-0.976344161,3.186853234
470.8317,-0.981063916,3.177667704
471.0317,-0.985747404,3.168462283
471.2317,-0.990394541,3.159237115
471.4317,-0.995005245,3.149992343
471.6317,-0.999579433,3.140728112
471.8317,-1.004117023,3.131444565
472.0317,-1.008617934,3.122141847
472.2317,-1.013082084,3.112820103
472.4317,-1.017509394,3.103479478
472.6317,-1.021899784,3.094120118
472.8317,-1.026253175,3.084742169
473.0317,-1.030569489,3.075345776
473.2317,-1.034848647,3.065931087
473.4317,-1.039090573,3.056498249
473.6317,-1.043295189,3.047047409
473.8317,-1.04746242,3.037578713
474.0317,-1.05159219,3.028092311
474.2317,-1.055684423,3.018588351
474.4317,-1.059739046,3.00906698
474.6317,-1.063755985,2.999528348
474.8317,-1.067735166,2.989972604
475.0317,-1.071676516,2.980399897
475.2317,-1.075579965,2.970810377
475.4317,-1.07944544,2.961204195
475.6317,-1.08327287,2.9515815
475.8317,-1.087062186,2.941942443
476.0317,-1.090813317,2.932287176
476.2317,-1.094526195,2.922615849
476.4317,-1.09820075,2.912928614
476.6317,-1.101836916,2.903225623
476.8317,-1.105434625,2.893507029
477.0317,-1.10899381,2.883772982
477.2317,-1.112514405,2.874023637
477.4317,-1.115996345,2.864259146
477.6317,-1.119439564,2.854479662
477.8317,-1.122844,2.84468534
478.0317,-1.126209587,2.834876332
478.2317,-1.129536264,2.825052793
478.4317,-1.132823967,2.815214877
478.6317,-1.136072634,2.80536274
478.8317,-1.139282206,2.795496535
479.0317,-1.14245262,2.785616418
479.2317,-1.145583818,2.775722544
479.4317,-1.14867574,2.76581507
479.6317,-1.151728326,2.75589415
479.8317,-1.15474152,2.745959941
480.0317,-1.157715263,2.7360126
480.2317,-1.160649498,2.726052284
480.4317,-1.16354417,2.716079148
480.6317,-1.166399223,2.706093351
480.8317,-1.169214602,2.696095049
481.0317,-1.171990252,2.686084401
481.2317,-1.17472612,2.676061564
481.4317,-1.177422153,2.666026696
481.6317,-1.180078298,2.655979956
481.8317,-1.182694503,2.645921503
482.0317,-1.185270717,2.635851494
482.2317,-1.18780689,2.625770089
482.4317,-1.190302971,2.615677448
482.6317,-1.192758912,2.605573729
482.8317,-1.195174663,2.595459093
483.0317,-1.197550176,2.585333699
483.2317,-1.199885405,2.575197707
483.4317,-1.202180302,2.565051277
483.6317,-1.204434821,2.554894571
483.8317,-1.206648917,2.544727749
484.0317,-1.208822545,2.534550972
484.2317,-1.21095566,2.5243644
484.4317,-1.21304822,2.514168195
484.6317,-1.21510018,2.503962519
484.8317,-1.217111499,2.493747533
485.0317,-1.219082136,2.483523399
485.2317,-1.221012048,2.47329028
485.4317,-1.222901197,2.463048336
485.6317,-1.224749541,2.452797732
485.8317,-1.226557042,2.442538629
486.0317,-1.228323662,2.43227119
486.2317,-1.230049363,2.421995578
486.4317,-1.231734108,2.411711956
486.6317,-1.233377859,2.401420487
486.8317,-1.234980582,2.391121335
487.0317,-1.236542242,2.380814664
487.2317,-1.238062803,2.370500637
487.4317,-1.239542231,2.360179417
487.6317,-1.240980495,2.34985117
487.8317,-1.242377561,2.339516059
488.0317,-1.243733396,2.329174249
488.2317,-1.245047971,2.318825904
488.4317,-1.246321254,2.308471188
488.6317,-1.247553216,2.298110268
488.8317,-1.248743826,2.287743306
489.0317,-1.249893058,2.277370469
489.2317,-1.251000881,2.266991922
489.4317,-1.252067271,2.25660783
489.6317,-1.253092198,2.246218358
489.8317,-1.254075639,2.235823672
490.0317,-1.255017567,2.225423938
490.2317,-1.255917957,2.215019321
490.4317,-1.256776786,2.204609988
490.6317,-1.257594031,2.194196104
490.8317,-1.258369668,2.183777836
491.0317,-1.259103676,2.17335535
491.2317,-1.259796034,2.162928811
491.4317,-1.26044672,2.152498388
491.6317,-1.261055715,2.142064246
491.8317,-1.261622999,2.131626551
492.0317,-1.262148554,2.121185471
492.2317,-1.262632362,2.110741173
492.4317,-1.263074405,2.100293823
492.6317,-1.263474667,2.089843589
492.8317,-1.263833131,2.079390637
493.0317,-1.264149783,2.068935135
493.2317,-1.264424608,2.05847725
493.4317,-1.264657591,2.04801715
493.6317,-1.264848719,2.037555001
493.8317,-1.26499798,2.027090972
494.0317,-1.265105362,2.016625229
494.2317,-1.265170854,2.006157941
494.4317,-1.265194444,1.995689275
494.6317,-1.265176123,1.9852194
494.8317,-1.265115881,1.974748481
495.0317,-1.26501371,1.964276689
495.2317,-1.264869602,1.95380419
495.4317,-1.26468355,1.943331152
495.6317,-1.264455546,1.932857744
495.8317,-1.264185586,1.922384134
496.0317,-1.263873664,1.911910489
496.2317,-1.263519774,1.901436978
496.4317,-1.263123914,1.890963769
496.6317,-1.26268608,1.880491031
496.8317,-1.262206269,1.87001893
497.0317,-1.26168448,1.859547637
497.2317,-1.261120712,1.849077318
497.4317,-1.260514963,1.838608143
497.6317,-1.259867234,1.828140279
497.8317,-1.259177526,1.817673896
498.0317,-1.258445839,1.80720916
498.2317,-1.257672178,1.796746242
498.4317,-1.256856543,1.786285308
498.6317,-1.255998939,1.775826529
498.8317,-1.25509937,1.765370071
499.0317,-1.254157841,1.754916103
499.2317,-1.253174357,1.744464794
499.4317,-1.252148924,1.734016312
499.6317,-1.25108155,1.723570826
499.8317,-1.249972242,1.713128504
500.0317,-1.248821007,1.702689513
500.2317,-1.247627856,1.692254024
500.4317,-1.246392798,1.681822203
500.6317,-1.245115842,1.671394219
500.8317,-1.243797,1.660970242
501.0317,-1.242436284,1.650550437
501.2317,-1.241033705,1.640134975
501.4317,-1.239589278,1.629724023
501.6317,-1.238103014,1.619317749
501.8317,-1.236574929,1.608916322
502.0317,-1.235005038,1.59851991
502.2317,-1.233393356,1.58812868
502.4317,-1.2317399,1.577742801
502.6317,-1.230044687,1.56736244
502.8317,-1.228307734,1.556987766
503.0317,-1.22652906,1.546618946
503.2317,-1.224708683,1.536256148
503.4317,-1.222846624,1.52589954
503.6317,-1.220942903,1.51554929
503.8317,-1.218997541,1.505205564
504.0317,-1.21701056,1.494868532
504.2317,-1.214981982,1.484538359
504.4317,-1.212911831,1.474215215
504.6317,-1.210800129,1.463899265
504.8317,-1.208646902,1.453590677
505.0317,-1.206452174,1.443289618
505.2317,-1.204215972,1.432996256
505.4317,-1.201938322,1.422710757
505.6317,-1.199619251,1.412433289
505.8317,-1.197258786,1.402164017
506.0317,-1.194856957,1.39190311
506.2317,-1.192413792,1.381650733
506.4317,-1.189929321,1.371407053
506.6317,-1.187403575,1.361172236
506.8317,-1.184836585,1.350946449
507.0317,-1.182228383,1.340729858
507.2317,-1.179579001,1.330522629
507.4317,-1.176888472,1.320324928
507.6317,-1.17415683,1.310136921
507.8317,-1.17138411,1.299958774
508.0317,-1.168570348,1.289790652
508.2317,-1.165715577,1.279632721
508.4317,-1.162819836,1.269485146
508.6317,-1.159883162,1.259348092
508.8317,-1.156905592,1.249221725
509.0317,-1.153887164,1.23910621
509.2317,-1.150827919,1.229001711
509.4317,-1.147727895,1.218908393
509.6317,-1.144587134,1.208826421
509.8317,-1.141405676,1.198755959
510.0317,-1.138183564,1.188697171
510.2317,-1.134920839,1.178650223
510.4317,-1.131617545,1.168615276
510.6317,-1.128273727,1.158592496
510.8317,-1.124889427,1.148582046
511.0317,-1.121464692,1.138584089
511.2317,-1.117999567,1.128598789
511.4317,-1.114494099,1.11862631
511.6317,-1.110948335,1.108666813
511.8317,-1.107362322,1.098720462
512.0317,-1.103736109,1.08878742
512.2317,-1.100069746,1.078867848
512.4317,-1.096363281,1.06896191
512.6317,-1.092616766,1.059069767
512.8317,-1.088830251,1.049191581
513.0317,-1.085003789,1.039327515
513.2317,-1.08113743,1.029477729
513.4317,-1.07723123,1.019642385
513.6317,-1.07328524,1.009821644
513.8317,-1.069299516,1.000015667
514.0317,-1.065274113,0.990224615
514.2317,-1.061209085,0.980448648
514.4317,-1.057104491,0.970687927
514.6317,-1.052960385,0.960942612
514.8317,-1.048776826,0.951212862
515.0317,-1.044553873,0.941498839
515.2317,-1.040291584,0.9318007
515.4317,-1.035990018,0.922118605
515.6317,-1.031649236,0.912452714
515.8317,-1.027269299,0.902803185
516.0317,-1.022850267,0.893170177
516.2317,-1.018392204,0.883553848
516.4317,-1.013895171,0.873954356
516.6317,-1.009359233,0.86437186
516.8317,-1.004784453,0.854806516
517.0317,-1.000170896,0.845258483
517.2317,-0.995518627,0.835727917
517.4317,-0.990827712,0.826214976
517.6317,-0.986098217,0.816719815
517.8317,-0.981330211,0.807242593
518.0317,-0.97652376,0.797783464
518.2317,-0.971678934,0.788342585
518.4317,-0.966795801,0.778920111
518.6317,-0.961874431,0.769516198
518.8317,-0.956914894,0.760131001
519.0317,-0.951917262,0.750764675
519.2317,-0.946881605,0.741417374
519.4317,-0.941807997,0.732089254
519.6317,-0.936696511,0.722780467
519.8317,-0.931547218,0.713491167
520.0317,-0.926360195,0.704221509
520.2317,-0.921135515,0.694971646
520.4317,-0.915873254,0.685741729
520.6317,-0.910573488,0.676531913
520.8317,-0.905236293,0.667342349
521.0317,-0.899861747,0.65817319
521.2317,-0.894449928,0.649024587
521.4317,-0.889000914,0.639896692
521.6317,-0.883514784,0.630789656
521.8317,-0.877991617,0.62170363
522.0317,-0.872431495,0.612638764
522.2317,-0.866834498,0.603595209
522.4317,-0.861200708,0.594573115
522.6317,-0.855530206,0.585572631
522.8317,-0.849823076,0.576593907
523.0317,-0.8440794,0.567637092
523.2317,-0.838299264,0.558702334
523.4317,-0.832482751,0.549789782
523.6317,-0.826629946,0.540899585
523.8317,-0.820740936,0.532031889
524.0317,-0.814815807,0.523186842
524.2317,-0.808854645,0.514364591
524.4317,-0.802857538,0.505565284
524.6317,-0.796824575,0.496789065
524.8317,-0.790755845,0.488036083
525.0317,-0.784651436,0.479306481
525.2317,-0.778511438,0.470600406
525.4317,-0.772335943,0.461918003
525.6317,-0.766125041,0.453259416
525.8317,-0.759878824,0.44462479
526.0317,-0.753597384,0.436014269
526.2317,-0.747280814,0.427427996
526.4317,-0.740929208,0.418866114
526.6317,-0.73454266,0.410328768
526.8317,-0.728121265,0.401816098
527.0317,-0.721665117,0.393328248
527.2317,-0.715174313,0.384865358
527.4317,-0.708648948,0.376427572
527.6317,-0.702089121,0.368015029
527.8317,-0.695494928,0.359627871
528.0317,-0.688866468,0.351266237
528.2317,-0.682203839,0.342930268
528.4317,-0.67550714,0.334620103
528.6317,-0.668776473,0.326335882
528.8317,-0.662011935,0.318077743
529.0317,-0.65521363,0.309845825
529.2317,-0.648381658,0.301640265
529.4317,-0.641516122,0.293461202
529.6317,-0.634617123,0.285308773
529.8317,-0.627684767,0.277183114
530.0317,-0.620719155,0.269084362
530.2317,-0.613720393,0.261012653
530.4317,-0.606688585,0.252968122
530.6317,-0.599623837,0.244950906
530.8317,-0.592526255,0.236961138
531.0317,-0.585395946,0.228998953
531.2317,-0.578233016,0.221064485
531.4317,-0.571037573,0.213157867
531.6317,-0.563809726,0.205279234
531.8317,-0.556549583,0.197428717
532.0317,-0.549257253,0.189606449
532.2317,-0.541932847,0.181812561
532.4317,-0.534576475,0.174047186
532.6317,-0.527188247,0.166310454
532.8317,-0.519768276,0.158602496
533.0317,-0.512316672,0.150923442
533.2317,-0.50483355,0.143273422
533.4317,-0.497319021,0.135652565
533.6317,-0.489773199,0.128061
533.8317,-0.482196198,0.120498855
534.0317,-0.474588134,0.112966259
534.2317,-0.466949121,0.105463338
534.4317,-0.459279275,0.097990221
534.6317,-0.451578712,0.090547033
534.8317,-0.443847548,0.083133901
535.0317,-0.436085902,0.07575095
535.2317,-0.428293891,0.068398306
535.4317,-0.420471633,0.061076094
535.6317,-0.412619247,0.053784438
535.8317,-0.404736852,0.046523461
536.0317,-0.396824568,0.039293288
536.2317,-0.388882516,0.032094041
536.4317,-0.380910815,0.024925842
536.6317,-0.372909589,0.017788814
536.8317,-0.364878957,0.010683078
537.0317,-0.356819044,0.003608756
537.2317,-0.348729971,-0.003434033
537.4317,-0.340611861,-0.010445168
537.6317,-0.33246484,-0.017424529
537.8317,-0.32428903,-0.024371998
538.0317,-0.316084558,-0.031287455
538.2317,-0.307851547,-0.038170783
538.4317,-0.299590124,-0.045021864
538.6317,-0.291300416,-0.05184058
538.8317,-0.282982548,-0.058626816
539.0317,-0.274636649,-0.065380454
539.2317,-0.266262845,-0.072101379
539.4317,-0.257861265,-0.078789477
539.6317,-0.249432038,-0.085444631
539.8317,-0.240975293,-0.092066729
540.0317,-0.232491159,-0.098655656
540.2317,-0.223979766,-0.1052113
540.4317,-0.215441246,-0.111733547
540.6317,-0.206875728,-0.118222285
540.8317,-0.198283345,-0.124677403
541.0317,-0.189664229,-0.13109879
541.2317,-0.181018511,-0.137486336
541.4317,-0.172346325,-0.143839929
541.6317,-0.163647803,-0.15015946
541.8317,-0.154923081,-0.156444821
542.0317,-0.146172291,-0.162695903
542.2317,-0.137395569,-0.168912598
542.4317,-0.12859305,-0.175094799
542.6317,-0.119764868,-0.181242398
542.8317,-0.110911161,-0.187355289
543.0317,-0.102032065,-0.193433367
543.2317,-0.093127716,-0.199476525
543.4317,-0.084198252,-0.20548466
543.6317,-0.07524381,-0.211457667
543.8317,-0.066264529,-0.217395442
544.0317,-0.057260547,-0.223297882
544.2317,-0.048232003,-0.229164885
544.4317,-0.039179038,-0.234996348
544.6317,-0.030101789,-0.24079217
544.8317,-0.021000399,-0.24655225
545.0317,-0.011875008,-0.252276488
545.2317,-0.002725756,-0.257964783
545.4317,0.006447215,-0.263617037
545.6317,0.015643762,-0.269233151
545.8317,0.024863744,-0.274813026
546.0317,0.034107017,-0.280356564
546.2317,0.043373438,-0.28586367
546.4317,0.052662865,-0.291334246
546.6317,0.061975152,-0.296768196
546.8317,0.071310155,-0.302165425
547.0317,0.080667731,-0.307525838
547.2317,0.090047732,-0.312849342
547.4317,0.099450015,-0.318135841
547.6317,0.108874432,-0.323385244
547.8317,0.118320838,-0.328597458
548.0317,0.127789086,-0.33377239
548.2317,0.137279028,-0.33890995
548.4317,0.146790518,-0.344010046
548.6317,0.156323407,-0.349072589
548.8317,0.165877547,-0.354097489
549.0317,0.175452789,-0.359084657
549.2317,0.185048985,-0.364034004
549.4317,0.194665984,-0.368945443
549.6317,0.204303639,-0.373818886
549.8317,0.213961797,-0.378654247
550.0317,0.223640309,-0.38345144
550.2317,0.233339023,-0.388210379
550.4317,0.24305779,-0.392930979
550.6317,0.252796456,-0.397613156
550.8317,0.262554871,-0.402256826
551.0317,0.272332882,-0.406861907
551.2317,0.282130336,-0.411428315
551.4317,0.29194708,-0.415955969
551.6317,0.301782962,-0.420444788
551.8317,0.311637827,-0.424894691
552.0317,0.321511521,-0.429305598
552.2317,0.331403891,-0.433677429
552.4317,0.341314781,-0.438010106
552.6317,0.351244037,-0.44230355
552.8317,0.361191504,-0.446557685
553.0317,0.371157025,-0.450772432
553.2317,0.381140444,-0.454947715
553.4317,0.391141606,-0.459083459
553.6317,0.401160354,-0.463179589
553.8317,0.411196531,-0.467236029
554.0317,0.42124998,-0.471252707
554.2317,0.431320542,-0.475229549
554.4317,0.441408061,-0.479166482
554.6317,0.451512378,-0.483063434
554.8317,0.461633335,-0.486920333
555.0317,0.471770773,-0.49073711
555.2317,0.481924532,-0.494513694
555.4317,0.492094454,-0.498250015
555.6317,0.502280379,-0.501946004
555.8317,0.512482147,-0.505601593
556.0317,0.522699597,-0.509216716
556.2317,0.53293257,-0.512791303
556.4317,0.543180903,-0.51632529
556.6317,0.553444437,-0.519818611
556.8317,0.56372301,-0.5232712
557.0317,0.57401646,-0.526682993
557.2317,0.584324625,-0.530053927
557.4317,0.594647343,-0.533383937
557.6317,0.604984452,-0.536672963
557.8317,0.615335788,-0.539920941
558.0317,0.625701189,-0.543127811
558.2317,0.636080492,-0.546293512
558.4317,0.646473533,-0.549417984
558.6317,0.656880149,-0.552501168
558.8317,0.667300174,-0.555543005
559.0317,0.677733445,-0.558543437
559.2317,0.688179798,-0.561502408
559.4317,0.698639067,-0.56441986
559.6317,0.709111088,-0.567295737
559.8317,0.719595696,-0.570129985
560.0317,0.730092724,-0.572922547
560.2317,0.740602007,-0.575673372
560.4317,0.751123379,-0.578382404
560.6317,0.761656675,-0.581049591
560.8317,0.772201726,-0.583674882
561.0317,0.782758368,-0.586258224
561.2317,0.793326432,-0.588799568
561.4317,0.803905752,-0.591298862
561.6317,0.814496161,-0.593756059
561.8317,0.825097491,-0.596171108
562.0317,0.835709574,-0.598543963
562.2317,0.846332242,-0.600874574
562.4317,0.856965327,-0.603162897
562.6317,0.867608661,-0.605408884
562.8317,0.878262076,-0.607612491
563.0317,0.888925401,-0.609773673
563.2317,0.899598469,-0.611892385
563.4317,0.910281111,-0.613968584
563.6317,0.920973156,-0.616002228
563.8317,0.931674435,-0.617993275
564.0317,0.94238478,-0.619941682
564.2317,0.953104018,-0.621847411
564.4317,0.963831982,-0.62371042
564.6317,0.9745685,-0.62553067
564.8317,0.985313402,-0.627308123
565.0317,0.996066517,-0.62904274
565.2317,1.006827675,-0.630734485
565.4317,1.017596704,-0.632383321
565.6317,1.028373434,-0.633989211
565.8317,1.039157693,-0.635552122
566.0317,1.04994931,-0.637072017
566.2317,1.060748113,-0.638548864
566.4317,1.071553931,-0.639982629
566.6317,1.082366591,-0.64137328
566.8317,1.093185922,-0.642720784
567.0317,1.104011751,-0.644025111
567.2317,1.114843905,-0.645286231
567.4317,1.125682214,-0.646504113
567.6317,1.136526503,-0.647678728
567.8317,1.147376601,-0.648810049
568.0317,1.158232334,-0.649898047
568.2317,1.169093529,-0.650942695
568.4317,1.179960014,-0.651943968
568.6317,1.190831614,-0.652901839
568.8317,1.201708157,-0.653816285
569.0317,1.212589469,-0.654687279
569.2317,1.223475377,-0.655514799
569.4317,1.234365706,-0.656298823
569.6317,1.245260284,-0.657039328
569.8317,1.256158935,-0.657736292
570.0317,1.267061487,-0.658389695
570.2317,1.277967764,-0.658999516
570.4317,1.288877593,-0.659565737
570.6317,1.299790799,-0.660088339
570.8317,1.310707209,-0.660567304
571.0317,1.321626647,-0.661002614
571.2317,1.332548938,-0.661394253
571.4317,1.343473909,-0.661742205
571.6317,1.354401384,-0.662046455
571.8317,1.365331189,-0.662306988
572.0317,1.376263148,-0.662523791
572.2317,1.387197088,-0.662696851
572.4317,1.398132831,-0.662826155
572.6317,1.409070204,-0.662911691
572.8317,1.420009032,-0.66295345
573.0317,1.430949139,-0.662951419
573.2317,1.441890349,-0.66290559
573.4317,1.452832488,-0.662815955
573.6317,1.463775379,-0.662682504
573.8317,1.474718849,-0.66250523
574.0317,1.48566272,-0.662284127
574.2317,1.496606817,-0.662019188
574.4317,1.507550966,-0.661710408
574.6317,1.51849499,-0.661357783
574.8317,1.529438713,-0.660961309
575.0317,1.54038196,-0.660520982
575.2317,1.551324555,-0.660036799
575.4317,1.562266322,-0.65950876
575.6317,1.573207086,-0.658936862
575.8317,1.584146671,-0.658321106
576.0317,1.595084901,-0.657661492
576.2317,1.606021599,-0.65695802
576.4317,1.616956591,-0.656210693
576.6317,1.6278897,-0.655419512
576.8317,1.63882075,-0.654584482
577.0317,1.649749566,-0.653705605
577.2317,1.660675971,-0.652782886
577.4317,1.67159979,-0.651816331
577.6317,1.682520847,-0.650805945
577.8317,1.693438966,-0.649751735
578.0317,1.704353971,-0.648653708
578.2317,1.715265686,-0.647511873
578.4317,1.726173936,-0.646326238
578.6317,1.737078544,-0.645096813
578.8317,1.747979334,-0.643823607
579.0317,1.758876132,-0.642506632
579.2317,1.769768761,-0.6411459
579.4317,1.780657045,-0.639741422
579.6317,1.791540809,-0.638293211
579.8317,1.802419878,-0.636801281
580.0317,1.813294074,-0.635265647
580.2317,1.824163224,-0.633686324
580.4317,1.83502715,-0.632063328
580.6317,1.845885679,-0.630396674
580.8317,1.856738634,-0.62868638
581.0317,1.86758584,-0.626932465
581.2317,1.878427121,-0.625134947
581.4317,1.889262303,-0.623293844
581.6317,1.90009121,-0.621409178
581.8317,1.910913667,-0.619480969
582.0317,1.921729499,-0.617509238
582.2317,1.93253853,-0.615494007
582.4317,1.943340587,-0.6134353
582.6317,1.954135493,-0.61133314
582.8317,1.964923074,-0.609187551
583.0317,1.975703156,-0.606998559
583.2317,1.986475564,-0.604766188
583.4317,1.997240123,-0.602490465
583.6317,2.007996658,-0.600171418
583.8317,2.018744996,-0.597809073
584.0317,2.029484962,-0.595403461
584.2317,2.040216382,-0.592954609
584.4317,2.050939082,-0.590462547
584.6317,2.061652887,-0.587927307
584.8317,2.072357625,-0.58534892
585.0317,2.08305312,-0.582727416
585.2317,2.0937392,-0.58006283
585.4317,2.104415691,-0.577355195
585.6317,2.115082419,-0.574604544
585.8317,2.125739212,-0.571810913
586.0317,2.136385895,-0.568974336
586.2317,2.147022296,-0.566094851
586.4317,2.157648242,-0.563172493
586.6317,2.168263561,-0.560207301
586.8317,2.178868079,-0.557199313
587.0317,2.189461623,-0.554148568
587.2317,2.200044023,-0.551055105
587.4317,2.210615104,-0.547918965
587.6317,2.221174696,-0.544740188
587.8317,2.231722626,-0.541518817
588.0317,2.242258722,-0.538254895
588.2317,2.252782813,-0.534948463
588.4317,2.263294727,-0.531599567
588.6317,2.273794292,-0.52820825
588.8317,2.284281339,-0.524774557
589.0317,2.294755695,-0.521298535
589.2317,2.30521719,-0.517780231
589.4317,2.315665652,-0.514219691
589.6317,2.326100913,-0.510616963
589.8317,2.3365228,-0.506972097
590.0317,2.346931145,-0.503285141
590.2317,2.357325776,-0.499556145
590.4317,2.367706525,-0.495785161
590.6317,2.378073222,-0.491972239
590.8317,2.388425696,-0.488117432
591.0317,2.39876378,-0.484220792
591.2317,2.409087304,-0.480282374
591.4317,2.419396098,-0.47630223
591.6317,2.429689995,-0.472280417
591.8317,2.439968826,-0.468216988
592.0317,2.450232423,-0.464112002
592.2317,2.460480618,-0.459965513
592.4317,2.470713243,-0.455777581
592.6317,2.48093013,-0.451548263
592.8317,2.491131112,-0.447277619
593.0317,2.501316021,-0.442965706
593.2317,2.511484692,-0.438612587
593.4317,2.521636957,-0.434218322
593.6317,2.531772649,-0.429782972
593.8317,2.541891603,-0.4253066
594.0317,2.551993652,-0.420789269
594.2317,2.562078631,-0.416231042
594.4317,2.572146374,-0.411631984
594.6317,2.582196716,-0.406992159
594.8317,2.592229491,-0.402311634
595.0317,2.602244535,-0.397590474
595.2317,2.612241684,-0.392828747
595.4317,2.622220772,-0.388026519
595.6317,2.632181636,-0.383183861
595.8317,2.642124113,-0.378300839
596.0317,2.652048038,-0.373377525
596.2317,2.661953248,-0.368413988
596.4317,2.671839581,-0.363410299
596.6317,2.681706873,-0.358366531
596.8317,2.691554962,-0.353282754
597.0317,2.701383686,-0.348159043
597.2317,2.711192883,-0.34299547
597.4317,2.720982392,-0.33779211
597.6317,2.73075205,-0.332549038
597.8317,2.740501697,-0.327266329
598.0317,2.750231172,-0.32194406
598.2317,2.759940314,-0.316582308
598.4317,2.769628964,-0.311181149
598.6317,2.779296962,-0.305740663
598.8317,2.788944147,-0.300260928
599.0317,2.79857036,-0.294742023
599.2317,2.808175443,-0.289184028
599.4317,2.817759237,-0.283587025
599.6317,2.827321583,-0.277951095
599.8317,2.836862323,-0.272276319
600.0317,2.8463813,-0.26656278
600.2317,2.855878356,-0.260810563
600.4317,2.865353334,-0.25501975
600.6317,2.874806076,-0.249190426
600.8317,2.884236427,-0.243322677
601.0317,2.893644231,-0.237416588
601.2317,2.903029331,-0.231472246
601.4317,2.912391572,-0.225489738
601.6317,2.921730798,-0.219469152
601.8317,2.931046856,-0.213410577
602.0317,2.94033959,-0.2073141
602.2317,2.949608847,-0.201179812
602.4317,2.958854472,-0.195007804
602.6317,2.968076312,-0.188798165
602.8317,2.977274213,-0.182550989
603.0317,2.986448024,-0.176266366
603.2317,2.995597592,-0.16994439
603.4317,3.004722764,-0.163585153
603.6317,3.013823389,-0.157188751
603.8317,3.022899316,-0.150755277
604.0317,3.031950393,-0.144284828
604.2317,3.04097647,-0.137777498
604.4317,3.049977397,-0.131233384
604.6317,3.058953024,-0.124652584
604.8317,3.067903201,-0.118035195
605.0317,3.07682778,-0.111381315
605.2317,3.085726611,-0.104691043
605.4317,3.094599546,-0.09796448
605.6317,3.103446438,-0.091201724
605.8317,3.112267138,-0.084402877
606.0317,3.121061499,-0.07756804
606.2317,3.129829376,-0.070697315
606.4317,3.13857062,-0.063790805
606.6317,3.147285087,-0.056848612
606.8317,3.15597263,-0.049870841
607.0317,3.164633105,-0.042857595
607.2317,3.173266366,-0.03580898
607.4317,3.181872269,-0.028725102
607.6317,3.190450671,-0.021606065
607.8317,3.199001427,-0.014451977
608.0317,3.207524394,-0.007262946
608.2317,3.216019431,-3.91E-05
608.4317,3.224486393,0.007219516
608.6317,3.23292514,0.01451273
608.8317,3.24133553,0.021840452
609.0317,3.249717422,0.029202573
609.2317,3.258070675,0.036598982
609.4317,3.26639515,0.044029568
609.6317,3.274690705,0.051494218
609.8317,3.282957203,0.058992821
610.0317,3.291194503,0.066525262
610.2317,3.299402468,0.07409143
610.4317,3.307580959,0.081691209
610.6317,3.31572984,0.089324484
610.8317,3.323848972,0.096991141
611.0317,3.33193822,0.104691063
611.2317,3.339997446,0.112424135
611.4317,3.348026516,0.120190239
611.6317,3.356025293,0.127989257
611.8317,3.363993643,0.135821071
612.0317,3.371931432,0.143685564
612.2317,3.379838525,0.151582615
612.4317,3.38771479,0.159512105
612.6317,3.395560093,0.167473913
612.8317,3.403374301,0.17546792
613.0317,3.411157283,0.183494003
613.2317,3.418908906,0.19155204
613.4317,3.426629041,0.199641909
613.6317,3.434317556,0.207763487
613.8317,3.44197432,0.215916651
614.0317,3.449599205,0.224101276
614.2317,3.457192081,0.232317237
614.4317,3.46475282,0.240564411
614.6317,3.472281292,0.24884267
614.8317,3.479777371,0.25715189
615.0317,3.48724093,0.265491942
615.2317,3.49467184,0.2738627
615.4317,3.502069978,0.282264037
615.6317,3.509435215,0.290695823
615.8317,3.516767428,0.29915793
616.0317,3.524066491,0.307650229
616.2317,3.531332281,0.31617259
616.4317,3.538564673,0.324724883
616.6317,3.545763545,0.333306976
616.8317,3.552928773,0.341918739
617.0317,3.560060235,0.350560039
617.2317,3.567157811,0.359230745
617.4317,3.574221378,0.367930723
617.6317,3.581250816,0.37665984
617.8317,3.588246005,0.385417962
618.0317,3.595206826,0.394204955
618.2317,3.602133159,0.403020684
618.4317,3.609024885,0.411865014
618.6317,3.615881887,0.420737809
618.8317,3.622704048,0.429638932
619.0317,3.62949125,0.438568247
619.2317,3.636243377,0.447525616
619.4317,3.642960313,0.456510903
619.6317,3.649641943,0.465523968
619.8317,3.656288151,0.474564672
620.0317,3.662898825,0.483632878
620.2317,3.66947385,0.492728444
620.4317,3.676013113,0.501851231
620.6317,3.682516501,0.511001099
620.8317,3.688983903,0.520177906
621.0317,3.695415207,0.529381511
621.2317,3.701810302,0.538611771
621.4317,3.708169077,0.547868545
621.6317,3.714491424,0.55715169
621.8317,3.720777232,0.566461061
622.0317,3.727026393,0.575796516
622.2317,3.733238798,0.58515791
622.4317,3.739414342,0.594545098
622.6317,3.745552915,0.603957936
622.8317,3.751654413,0.613396278
623.0317,3.757718729,0.622859977
623.2317,3.763745757,0.632348887
623.4317,3.769735394,0.641862862
623.6317,3.775687535,0.651401754
623.8317,3.781602077,0.660965415
624.0317,3.787478916,0.670553697
624.2317,3.793317951,0.680166451
624.4317,3.799119079,0.689803529
624.6317,3.8048822,0.699464781
624.8317,3.810607213,0.709150057
625.0317,3.816294017,0.718859207
625.2317,3.821942514,0.72859208
625.4317,3.827552605,0.738348525
625.6317,3.833124191,0.74812839
625.8317,3.838657175,0.757931523
626.0317,3.84415146,0.767757773
626.2317,3.849606949,0.777606986
626.4317,3.855023547,0.787479009
626.6317,3.860401158,0.797373689
626.8317,3.865739688,0.807290871
627.0317,3.871039043,0.817230402
627.2317,3.876299129,0.827192126
627.4317,3.881519854,0.837175888
627.6317,3.886701126,0.847181534
627.8317,3.891842852,0.857208906
628.0317,3.896944943,0.867257849
628.2317,3.902007307,0.877328207
628.4317,3.907029856,0.887419821
628.6317,3.912012499,0.897532534
628.8317,3.916955149,0.90766619
629.0317,3.921857718,0.917820629
629.2317,3.926720118,0.927995693
629.4317,3.931542263,0.938191224
629.6317,3.936324067,0.948407061
629.8317,3.941065446,0.958643046
630.0317,3.945766313,0.968899018
630.2317,3.950426585,0.979174817
630.4317,3.955046178,0.989470282
630.6317,3.959625011,0.999785253
630.8317,3.964163,1.010119568
631.0317,3.968660065,1.020473065
631.2317,3.973116123,1.030845582
631.4317,3.977531096,1.041236956
631.6317,3.981904904,1.051647026
631.8317,3.986237467,1.062075628
632.0317,3.990528707,1.072522598
632.2317,3.994778548,1.082987773
632.4317,3.99898691,1.093470988
632.6317,4.00315372,1.10397208
632.8317,4.0072789,1.114490884
633.0317,4.011362375,1.125027234
633.2317,4.015404072,1.135580965
633.4317,4.019403917,1.146151912
633.6317,4.023361836,1.156739908
633.8317,4.027277757,1.167344788
634.0317,4.031151609,1.177966384
634.2317,4.03498332,1.18860453
634.4317,4.03877282,1.199259059
634.6317,4.042520038,1.209929802
634.8317,4.046224907,1.220616593
635.0317,4.049887358,1.231319263
635.2317,4.053507322,1.242037645
635.4317,4.057084733,1.252771568
635.6317,4.060619524,1.263520864
635.8317,4.06411163,1.274285365
636.0317,4.067560986,1.285064899
636.2317,4.070967526,1.295859299
636.4317,4.074331188,1.306668393
636.6317,4.077651908,1.317492012
636.8317,4.080929624,1.328329984
637.0317,4.084164274,1.339182139
637.2317,4.087355797,1.350048306
637.4317,4.090504133,1.360928312
637.6317,4.093609223,1.371821988
637.8317,4.096671006,1.38272916
638.0317,4.099689425,1.393649657
638.2317,4.102664423,1.404583306
638.4317,4.105595942,1.415529934
638.6317,4.108483926,1.426489369
638.8317,4.11132832,1.437461437
639.0317,4.114129068,1.448445965
639.2317,4.116886117,1.45944278
639.4317,4.119599413,1.470451707
639.6317,4.122268903,1.481472573
639.8317,4.124894535,1.492505203
640.0317,4.127476258,1.503549422
640.2317,4.130014021,1.514605056
640.4317,4.132507774,1.52567193
640.6317,4.134957468,1.536749868
640.8317,4.137363054,1.547838696
641.0317,4.139724484,1.558938237
641.2317,4.142041711,1.570048315
641.4317,4.144314688,1.581168756
641.6317,4.14654337,1.592299382
641.8317,4.148727712,1.603440016
642.0317,4.150867668,1.614590483
642.2317,4.152963196,1.625750606
642.4317,4.155014252,1.636920207
642.6317,4.157020794,1.648099108
642.8317,4.158982781,1.659287134
643.0317,4.160900171,1.670484106
643.2317,4.162772925,1.681689846
643.4317,4.164601002,1.692904177
643.6317,4.166384365,1.70412692
643.8317,4.168122975,1.715357897
644.0317,4.169816794,1.726596929
644.2317,4.171465787,1.737843838
644.4317,4.173069917,1.749098445
644.6317,4.174629149,1.760360571
644.8317,4.176143448,1.771630037
645.0317,4.177612781,1.782906664
645.2317,4.179037115,1.794190272
645.4317,4.180416417,1.805480682
645.6317,4.181750656,1.816777713
645.8317,4.1830398,1.828081187
646.0317,4.184283821,1.839390922
646.2317,4.185482687,1.85070674
646.4317,4.186636371,1.862028458
646.6317,4.187744844,1.873355898
646.8317,4.188808079,1.884688879
647.0317,4.18982605,1.896027219
647.2317,4.19079873,1.907370739
647.4317,4.191726095,1.918719256
647.6317,4.19260812,1.930072591
647.8317,4.193444781,1.941430562
648.0317,4.194236055,1.952792987
648.2317,4.194981921,1.964159685
648.4317,4.195682356,1.975530476
648.6317,4.19633734,1.986905176
648.8317,4.196946853,1.998283605
649.0317,4.197510874,2.009665581
649.2317,4.198029387,2.021050921
649.4317,4.198502373,2.032439445
649.6317,4.198929814,2.043830969
649.8317,4.199311694,2.055225311
650.0317,4.199647998,2.06662229
650.2317,4.199938711,2.078021723
650.4317,4.200183817,2.089423428
650.6317,4.200383305,2.100827222
650.8317,4.20053716,2.112232922
651.0317,4.200645372,2.123640347
651.2317,4.200707928,2.135049312
651.4317,4.200724818,2.146459637
651.6317,4.200696032,2.157871137
651.8317,4.200621561,2.16928363
652.0317,4.200501397,2.180696933
652.2317,4.200335531,2.192110863
652.4317,4.200123958,2.203525237
652.6317,4.19986667,2.214939872
652.8317,4.199563662,2.226354585
653.0317,4.199214931,2.237769193
653.2317,4.19882047,2.249183512
653.4317,4.198380278,2.26059736
653.6317,4.197894352,2.272010552
653.8317,4.197362689,2.283422907
654.0317,4.19678529,2.29483424
654.2317,4.196162153,2.306244368
654.4317,4.195493279,2.317653108
654.6317,4.194778669,2.329060276
654.8317,4.194018325,2.34046569
655.0317,4.19321225,2.351869165
655.2317,4.192360446,2.363270519
655.4317,4.191462918,2.374669568
655.6317,4.190519672,2.386066128
655.8317,4.189530711,2.397460017
656.0317,4.188496043,2.40885105
656.2317,4.187415675,2.420239045
656.4317,4.186289614,2.431623818
656.6317,4.185117869,2.443005186
656.8317,4.18390045,2.454382965
657.0317,4.182637365,2.465756973
657.2317,4.181328626,2.477127025
657.4317,4.179974244,2.488492938
657.6317,4.178574232,2.49985453
657.8317,4.177128602,2.511211617
658.0317,4.175637368,2.522564016
658.2317,4.174100544,2.533911544
658.4317,4.172518145,2.545254018
658.6317,4.170890188,2.556591254
658.8317,4.169216689,2.567923069
659.0317,4.167497665,2.579249281
659.2317,4.165733134,2.590569708
659.4317,4.163923115,2.601884164
659.6317,4.162067628,2.613192469
659.8317,4.160166692,2.62449444
660.0317,4.15822033,2.635789893
660.2317,4.156228561,2.647078646
660.4317,4.15419141,2.658360517
660.6317,4.152108899,2.669635323
660.8317,4.149981052,2.680902881
661.0317,4.147807894,2.69216301
661.2317,4.14558945,2.703415527
661.4317,4.143325746,2.714660251
661.6317,4.14101681,2.725896998
661.8317,4.138662668,2.737125587
662.0317,4.136263349,2.748345836
662.2317,4.133818882,2.759557564
662.4317,4.131329297,2.770760588
662.6317,4.128794625,2.781954727
662.8317,4.126214896,2.7931398
663.0317,4.123590144,2.804315626
663.2317,4.120920399,2.815482022
663.4317,4.118205696,2.826638808
663.6317,4.115446069,2.837785803
663.8317,4.112641553,2.848922827
664.0317,4.109792184,2.860049697
664.2317,4.106897997,2.871166234
664.4317,4.103959031,2.882272256
664.6317,4.100975322,2.893367585
664.8317,4.09794691,2.904452039
665.0317,4.094873833,2.915525438
665.2317,4.091756131,2.926587602
665.4317,4.088593846,2.937638352
665.6317,4.085387019,2.948677507
665.8317,4.082135691,2.959704889
666.0317,4.078839906,2.970720317
666.2317,4.075499708,2.981723613
666.4317,4.07211514,2.992714597
666.6317,4.068686248,3.003693091
666.8317,4.065213077,3.014658916
667.0317,4.061695675,3.025611893
667.2317,4.058134088,3.036551843
667.4317,4.054528364,3.04747859
667.6317,4.050878551,3.058391953
667.8317,4.0471847,3.069291757
668.0317,4.043446861,3.080177822
668.2317,4.039665083,3.091049971
668.4317,4.035839419,3.101908027
668.6317,4.031969921,3.112751814
668.8317,4.028056642,3.123581153
669.0317,4.024099635,3.134395868
669.2317,4.020098955,3.145195783
669.4317,4.016054658,3.155980721
669.6317,4.011966798,3.166750506
669.8317,4.007835432,3.177504961
670.0317,4.003660618,3.188243913
670.2317,3.999442413,3.198967184
670.4317,3.995180877,3.209674599
670.6317,3.990876068,3.220365984
670.8317,3.986528046,3.231041163
671.0317,3.982136873,3.241699962
671.2317,3.97770261,3.252342207
671.4317,3.973225319,3.262967723
671.6317,3.968705063,3.273576336
671.8317,3.964141905,3.284167872
672.0317,3.95953591,3.294742158
672.2317,3.954887143,3.305299022
672.4317,3.95019567,3.315838289
672.6317,3.945461556,3.326359786
672.8317,3.940684869,3.336863343
673.0317,3.935865678,3.347348786
673.2317,3.931004049,3.357815942
673.4317,3.926100053,3.368264642
673.6317,3.921153759,3.378694712
673.8317,3.916165238,3.389105982
674.0317,3.911134562,3.399498281
674.2317,3.906061801,3.409871439
674.4317,3.900947029,3.420225283
674.6317,3.89579032,3.430559646
674.8317,3.890591746,3.440874356
675.0317,3.885351384,3.451169245
675.2317,3.880069308,3.461444142
675.4317,3.874745594,3.471698879
675.6317,3.86938032,3.481933287
675.8317,3.863973562,3.492147198
676.0317,3.858525399,3.502340444
676.2317,3.853035909,3.512512856
676.4317,3.847505173,3.522664268
676.6317,3.84193327,3.532794511
676.8317,3.836320281,3.54290342
677.0317,3.830666287,3.552990827
677.2317,3.824971372,3.563056566
677.4317,3.819235617,3.573100472
677.6317,3.813459107,3.583122378
677.8317,3.807641926,3.593122119
678.0317,3.801784158,3.60309953
678.2317,3.795885889,3.613054446
678.4317,3.789947205,3.622986703
678.6317,3.783968193,3.632896137
678.8317,3.777948942,3.642782585
679.0317,3.771889538,3.652645882
679.2317,3.765790071,3.662485866
679.4317,3.759650631,3.672302374
679.6317,3.753471308,3.682095244
679.8317,3.747252192,3.691864313
680.0317,3.740993375,3.701609421
680.2317,3.73469495,3.711330405
680.4317,3.728357009,3.721027105
680.6317,3.721979646,3.73069936
680.8317,3.715562954,3.74034701
681.0317,3.709107029,3.749969894
681.2317,3.702611967,3.759567855
681.4317,3.696077863,3.769140731
681.6317,3.689504813,3.778688366
681.8317,3.682892917,3.788210599
682.0317,3.67624227,3.797707273
682.2317,3.669552973,3.807178231
682.4317,3.662825125,3.816623315
682.6317,3.656058825,3.826042368
682.8317,3.649254174,3.835435235
683.0317,3.642411273,3.844801757
683.2317,3.635530225,3.854141781
683.4317,3.628611131,3.86345515
683.6317,3.621654095,3.87274171
683.8317,3.614659221,3.882001306
684.0317,3.607626614,3.891233784
684.2317,3.600556377,3.90043899
684.4317,3.593448617,3.909616772
684.6317,3.58630344,3.918766975
684.8317,3.579120953,3.927889447
685.0317,3.571901264,3.936984038
685.2317,3.56464448,3.946050594
685.4317,3.557350711,3.955088964
685.6317,3.550020066,3.964098998
685.8317,3.542652654,3.973080545
686.0317,3.535248587,3.982033456
686.2317,3.527807976,3.99095758
686.4317,3.520330932,3.999852769
686.6317,3.512817568,4.008718873
686.8317,3.505267997,4.017555746
687.0317,3.497682333,4.026363238
687.2317,3.49006069,4.035141203
687.4317,3.482403182,4.043889493
687.6317,3.474709926,4.052607962
687.8317,3.466981037,4.061296465
688.0317,3.459216633,4.069954854
688.2317,3.451416829,4.078582986
688.4317,3.443581745,4.087180716
688.6317,3.435711498,4.095747899
688.8317,3.427806207,4.104284392
689.0317,3.419865993,4.112790052
689.2317,3.411890975,4.121264734
689.4317,3.403881274,4.129708299
689.6317,3.395837012,4.138120602
689.8317,3.38775831,4.146501503
690.0317,3.379645291,4.154850862
690.2317,3.371498078,4.163168537
690.4317,3.363316795,4.171454388
690.6317,3.355101565,4.179708277
690.8317,3.346852515,4.187930064
691.0317,3.338569769,4.19611961
691.2317,3.330253453,4.204276778
691.4317,3.321903693,4.21240143
691.6317,3.313520617,4.220493429
691.8317,3.305104353,4.228552638
692.0317,3.296655028,4.236578922
692.2317,3.288172772,4.244572144
692.4317,3.279657713,4.25253217
692.6317,3.271109981,4.260458866
692.8317,3.262529708,4.268352096
693.0317,3.253917023,4.276211728
693.2317,3.245272059,4.284037629
693.4317,3.236594947,4.291829666
693.6317,3.227885821,4.299587708
693.8317,3.219144812,4.307311622
694.0317,3.210372056,4.315001277
694.2317,3.201567686,4.322656545
694.4317,3.192731836,4.330277293
694.6317,3.183864643,4.337863394
694.8317,3.174966242,4.345414718
695.0317,3.166036769,4.352931137
695.2317,3.157076361,4.360412524
695.4317,3.148085156,4.36785875
695.6317,3.139063292,4.375269689
695.8317,3.130010906,4.382645216
696.0317,3.120928139,4.389985205
696.2317,3.111815129,4.39728953
696.4317,3.102672016,4.404558067
696.6317,3.093498942,4.411790691
696.8317,3.084296046,4.418987281
697.0317,3.075063471,4.426147712
697.2317,3.065801359,4.433271863
697.4317,3.056509852,4.440359612
697.6317,3.047189092,4.447410837
697.8317,3.037839225,4.454425418
698.0317,3.028460393,4.461403235
698.2317,3.019052742,4.468344168
698.4317,3.009616415,4.475248099
698.6317,3.00015156,4.482114908
698.8317,2.990658321,4.48894448
699.0317,2.981136846,4.495736695
699.2317,2.971587281,4.502491438
699.4317,2.962009773,4.509208592
699.6317,2.952404471,4.515888042
699.8317,2.942771524,4.522529673
700.0317,2.933111079,4.529133371
700.2317,2.923423286,4.535699022
700.4317,2.913708296,4.542226512
700.6317,2.903966257,4.548715731
700.8317,2.894197322,4.555166564
701.0317,2.884401642,4.561578902
701.2317,2.874579367,4.567952633
701.4317,2.864730651,4.574287647
701.6317,2.854855645,4.580583834
701.8317,2.844954503,4.586841087
702.0317,2.835027379,4.593059295
702.2317,2.825074426,4.599238352
702.4317,2.815095798,4.60537815
702.6317,2.805091651,4.611478583
702.8317,2.79506214,4.617539545
703.0317,2.78500742,4.623560931
703.2317,2.774927648,4.629542635
703.4317,2.76482298,4.635484554
703.6317,2.754693573,4.641386585
703.8317,2.744539586,4.647248623
704.0317,2.734361174,4.653070568
704.2317,2.724158498,4.658852318
704.4317,2.713931715,4.664593771
704.6317,2.703680985,4.670294828
704.8317,2.693406468,4.675955388
705.0317,2.683108322,4.681575353
705.2317,2.67278671,4.687154624
705.4317,2.66244179,4.692693102
705.6317,2.652073726,4.698190692
705.8317,2.641682678,4.703647297
706.0317,2.631268808,4.709062819
706.2317,2.620832279,4.714437165
706.4317,2.610373253,4.71977024
706.6317,2.599891894,4.725061949
706.8317,2.589388366,4.7303122
707.0317,2.578862832,4.735520899
707.2317,2.568315456,4.740687955
707.4317,2.557746404,4.745813275
707.6317,2.547155841,4.750896771
707.8317,2.536543932,4.75593835
708.0317,2.525910842,4.760937924
708.2317,2.515256739,4.765895405
708.4317,2.504581789,4.770810703
708.6317,2.493886159,4.775683732
708.8317,2.483170016,4.780514405
709.0317,2.472433528,4.785302635
709.2317,2.461676863,4.790048337
709.4317,2.45090019,4.794751426
709.6317,2.440103677,4.799411819
709.8317,2.429287494,4.804029431
710.0317,2.41845181,4.80860418
710.2317,2.407596795,4.813135983
710.4317,2.396722619,4.81762476
710.6317,2.385829452,4.822070429
710.8317,2.374917466,4.826472911
711.0317,2.363986832,4.830832126
711.2317,2.353037722,4.835147994
711.4317,2.342070307,4.839420439
711.6317,2.331084759,4.843649383
711.8317,2.320081251,4.847834748
712.0317,2.309059956,4.85197646
712.2317,2.298021047,4.856074442
712.4317,2.286964698,4.86012862
712.6317,2.275891082,4.86413892
712.8317,2.264800374,4.868105269
713.0317,2.253692748,4.872027594
713.2317,2.242568379,4.875905824
713.4317,2.231427442,4.879739886
713.6317,2.220270111,4.883529711
713.8317,2.209096564,4.887275229
714.0317,2.197906976,4.890976371
714.2317,2.186701522,4.894633067
714.4317,2.175480381,4.898245252
714.6317,2.164243727,4.901812857
714.8317,2.15299174,4.905335816
715.0317,2.141724595,4.908814064
715.2317,2.130442471,4.912247535
715.4317,2.119145545,4.915636167
715.6317,2.107833997,4.918979894
715.8317,2.096508003,4.922278655
716.0317,2.085167744,4.925532387
716.2317,2.073813398,4.928741028
716.4317,2.062445144,4.931904519
716.6317,2.051063163,4.9350228
716.8317,2.039667633,4.938095811
717.0317,2.028258735,4.941123493
717.2317,2.016836649,4.944105789
717.4317,2.005401556,4.947042642
717.6317,1.993953636,4.949933995
717.8317,1.982493071,4.952779793
718.0317,1.971020042,4.955579981
718.2317,1.959534731,4.958334505
718.4317,1.948037318,4.961043311
718.6317,1.936527987,4.963706347
718.8317,1.925006919,4.96632356
719.0317,1.913474297,4.9688949
719.2317,1.901930303,4.971420315
719.4317,1.890375121,4.973899756
719.6317,1.878808934,4.976333173
719.8317,1.867231924,4.978720519
720.0317,1.855644276,4.981061746
720.2317,1.844046172,4.983356807
720.4317,1.832437798,4.985605655
720.6317,1.820819337,4.987808245
720.8317,1.809190974,4.989964533
721.0317,1.797552892,4.992074474
721.2317,1.785905278,4.994138025
721.4317,1.774248315,4.996155144
721.6317,1.762582189,4.99812579
721.8317,1.750907086,5.00004992
722.0317,1.739223189,5.001927494
722.2317,1.727530687,5.003758474
722.4317,1.715829763,5.00554282
722.6317,1.704120605,5.007280494
722.8317,1.692403398,5.008971459
723.0317,1.680678328,5.010615678
723.2317,1.668945583,5.012213116
723.4317,1.657205349,5.013763736
723.6317,1.645457812,5.015267506
723.8317,1.63370316,5.016724391
724.0317,1.62194158,5.018134359
724.2317,1.610173259,5.019497377
724.4317,1.598398384,5.020813414
724.6317,1.586617144,5.02208244
724.8317,1.574829725,5.023304423
725.0317,1.563036316,5.024479337
725.2317,1.551237105,5.025607151
725.4317,1.539432279,5.026687838
725.6317,1.527622028,5.027721373
725.8317,1.515806539,5.028707727
726.0317,1.503986,5.029646877
726.2317,1.492160601,5.030538797
726.4317,1.480330531,5.031383463
726.6317,1.468495977,5.032180853
726.8317,1.45665713,5.032930944
727.0317,1.444814177,5.033633715
727.2317,1.432967309,5.034289144
727.4317,1.421116714,5.034897212
727.6317,1.409262582,5.035457899
727.8317,1.397405102,5.035971186
728.0317,1.385544464,5.036437057
728.2317,1.373680857,5.036855494
728.4317,1.361814472,5.03722648
728.6317,1.349945498,5.037549999
728.8317,1.338074124,5.037826039
729.0317,1.326200542,5.038054583
729.2317,1.31432494,5.038235619
729.4317,1.302447509,5.038369135
729.6317,1.29056844,5.038455119
729.8317,1.278687922,5.038493559
730.0317,1.266806145,5.038484446
730.2317,1.254923301,5.03842777
730.4317,1.243039579,5.038323522
730.6317,1.23115517,5.038171695
730.8317,1.219270264,5.037972281
731.0317,1.207385053,5.037725274
731.2317,1.195499726,5.037430668
731.4317,1.183614474,5.037088458
731.6317,1.171729488,5.036698641
731.8317,1.159844959,5.036261213
732.0317,1.147961077,5.035776171
732.2317,1.136078034,5.035243514
732.4317,1.124196019,5.03466324
732.6317,1.112315224,5.034035349
732.8317,1.10043584,5.033359842
733.0317,1.088558057,5.03263672
733.2317,1.076682067,5.031865984
733.4317,1.06480806,5.031047639
733.6317,1.052936227,5.030181687
733.8317,1.041066759,5.029268132
734.0317,1.029199847,5.028306979
734.2317,1.017335682,5.027298236
734.4317,1.005474454,5.026241907
734.6317,0.993616355,5.025138
734.8317,0.981761576,5.023986524
735.0317,0.969910306,5.022787488
735.2317,0.958062738,5.0215409
735.4317,0.946219061,5.020246772
735.6317,0.934379468,5.018905115
735.8317,0.922544147,5.01751594
736.0317,0.910713291,5.016079261
736.2317,0.89888709,5.01459509
736.4317,0.887065734,5.013063443
736.6317,0.875249414,5.011484333
736.8317,0.863438321,5.009857778
737.0317,0.851632645,5.008183793
737.2317,0.839832577,5.006462396
737.4317,0.828038306,5.004693605
737.6317,0.816250025,5.002877438
737.8317,0.804467922,5.001013916
738.0317,0.792692188,4.999103058
738.2317,0.780923013,4.997144886
738.4317,0.769160588,4.995139422
738.6317,0.757405102,4.993086689
738.8317,0.745656745,4.990986709
739.0317,0.733915708,4.988839507
739.2317,0.72218218,4.986645108
739.4317,0.71045635,4.984403538
739.6317,0.698738409,4.982114823
739.8317,0.687028546,4.979778991
740.0317,0.675326951,4.977396068
740.2317,0.663633812,4.974966086
740.4317,0.65194932,4.972489072
740.6317,0.640273663,4.969965056
740.8317,0.62860703,4.967394071
741.0317,0.616949611,4.964776148
741.2317,0.605301594,4.96211132
741.4317,0.593663168,4.959399619
741.6317,0.582034521,4.95664108
741.8317,0.570415843,4.953835738
742.0317,0.558807321,4.950983628
742.2317,0.547209144,4.948084787
742.4317,0.5356215,4.945139252
742.6317,0.524044576,4.942147061
742.8317,0.512478562,4.939108252
743.0317,0.500923644,4.936022865
743.2317,0.48938001,4.93289094
743.4317,0.477847847,4.929712518
743.6317,0.466327344,4.92648764
743.8317,0.454818686,4.92321635
744.0317,0.443322061,4.919898689
744.2317,0.431837656,4.916534703
744.4317,0.420365658,4.913124435
744.6317,0.408906252,4.909667931
744.8317,0.397459626,4.906165238
745.0317,0.386025965,4.902616402
745.2317,0.374605456,4.899021471
745.4317,0.363198284,4.895380494
745.6317,0.351804635,4.891693519
745.8317,0.340424695,4.887960597
746.0317,0.329058649,4.884181778
746.2317,0.317706681,4.880357114
746.4317,0.306368978,4.876486656
746.6317,0.295045722,4.872570459
746.8317,0.283737101,4.868608574
747.0317,0.272443296,4.864601058
747.2317,0.261164493,4.860547964
747.4317,0.249900876,4.85644935
747.6317,0.238652628,4.852305271
747.8317,0.227419932,4.848115785
748.0317,0.216202973,4.84388095
748.2317,0.205001933,4.839600825
748.4317,0.193816994,4.835275469
748.6317,0.182648341,4.830904943
748.8317,0.171496155,4.826489309
749.0317,0.160360617,4.822028627
749.2317,0.149241911,4.81752296
749.4317,0.138140218,4.812972372
749.6317,0.12705572,4.808376926
749.8317,0.115988597,4.803736688
750.0317,0.104939031,4.799051723
750.2317,0.093907202,4.794322097
750.4317,0.082893292,4.789547876
750.6317,0.071897479,4.78472913
750.8317,0.060919945,4.779865925
751.0317,0.049960869,4.774958332
751.2317,0.03902043,4.77000642
751.4317,0.028098808,4.76501026
751.6317,0.017196181,4.759969922
751.8317,0.006312729,4.75488548
752.0317,-0.00455137,4.749757005
752.2317,-0.015395939,4.744584572
752.4317,-0.026220799,4.739368254
752.6317,-0.037025772,4.734108127
752.8317,-0.047810682,4.728804265
753.0317,-0.058575351,4.723456746
753.2317,-0.069319603,4.718065646
753.4317,-0.080043261,4.712631044
753.6317,-0.090746149,4.707153017
753.8317,-0.101428091,4.701631646
754.0317,-0.112088913,4.696067009
754.2317,-0.122728437,4.690459187
754.4317,-0.133346491,4.684808263
754.6317,-0.143942898,4.679114317
754.8317,-0.154517485,4.673377433
755.0317,-0.165070077,4.667597695
755.2317,-0.175600502,4.661775185
755.4317,-0.186108585,4.65590999
755.6317,-0.196594154,4.650002195
755.8317,-0.207057036,4.644051885
756.0317,-0.217497059,4.638059149
756.2317,-0.22791405,4.632024073
756.4317,-0.238307839,4.625946747
756.6317,-0.248678252,4.619827258
756.8317,-0.259025121,4.613665698
757.0317,-0.269348273,4.607462156
757.2317,-0.279647539,4.601216724
757.4317,-0.289922748,4.594929492
757.6317,-0.300173732,4.588600555
757.8317,-0.31040032,4.582230005
758.0317,-0.320602344,4.575817936
758.2317,-0.330779635,4.569364443
758.4317,-0.340932026,4.562869621
758.6317,-0.351059348,4.556333565
758.8317,-0.361161433,4.549756374
759.0317,-0.371238116,4.543138143
759.2317,-0.381289228,4.53647897
759.4317,-0.391314604,4.529778956
759.6317,-0.401314078,4.523038198
759.8317,-0.411287485,4.516256797
760.0317,-0.421234658,4.509434854
760.2317,-0.431155434,4.50257247
760.4317,-0.441049648,4.495669747
760.6317,-0.450917136,4.488726787
760.8317,-0.460757734,4.481743695
761.0317,-0.470571279,4.474720574
761.2317,-0.480357609,4.467657529
761.4317,-0.490116561,4.460554665
761.6317,-0.499847972,4.453412088
761.8317,-0.509551682,4.446229905
762.0317,-0.51922753,4.439008224
762.2317,-0.528875354,4.431747152
762.4317,-0.538494994,4.424446797
762.6317,-0.54808629,4.41710727
762.8317,-0.557649083,4.40972868
763.0317,-0.567183214,4.402311138
763.2317,-0.576688524,4.394854755
763.4317,-0.586164855,4.387359643
763.6317,-0.595612049,4.379825915
763.8317,-0.605029949,4.372253683
764.0317,-0.614418398,4.364643062
764.2317,-0.623777239,4.356994165
764.4317,-0.633106317,4.349307109
764.6317,-0.642405476,4.341582009
764.8317,-0.651674561,4.33381898
765.0317,-0.660913416,4.326018141
765.2317,-0.670121889,4.318179609
765.4317,-0.679299826,4.310303502
765.6317,-0.688447072,4.302389939
765.8317,-0.697563475,4.294439039
766.0317,-0.706648883,4.286450923
766.2317,-0.715703144,4.278425711
766.4317,-0.724726107,4.270363525
766.6317,-0.73371762,4.262264487
766.8317,-0.742677534,4.254128719
767.0317,-0.751605697,4.245956345
767.2317,-0.760501961,4.237747488
767.4317,-0.769366177,4.229502273
767.6317,-0.778198196,4.221220826
767.8317,-0.78699787,4.21290327
768.0317,-0.795765052,4.204549734
768.2317,-0.804499593,4.196160343
768.4317,-0.813201349,4.187735226
768.6317,-0.821870172,4.17927451
768.8317,-0.830505918,4.170778323
769.0317,-0.839108441,4.162246797
769.2317,-0.847677596,4.153680059
769.4317,-0.85621324,4.14507824
769.6317,-0.864715228,4.136441473
769.8317,-0.873183419,4.127769887
770.0317,-0.881617669,4.119063616
770.2317,-0.890017836,4.110322792
770.4317,-0.898383779,4.101547549
770.6317,-0.906715357,4.09273802
770.8317,-0.91501243,4.083894341
771.0317,-0.923274857,4.075016645
771.2317,-0.931502499,4.066105069
771.4317,-0.939695218,4.05715975
771.6317,-0.947852875,4.048180823
771.8317,-0.955975331,4.039168427
772.0317,-0.964062451,4.030122699
772.2317,-0.972114097,4.021043778
772.4317,-0.980130133,4.011931802
772.6317,-0.988110424,4.002786912
772.8317,-0.996054834,3.993609248
773.0317,-1.003963229,3.98439895
773.2317,-1.011835475,3.975156159
773.4317,-1.019671438,3.965881019
773.6317,-1.027470986,3.95657367
773.8317,-1.035233987,3.947234256
774.0317,-1.042960308,3.93786292
774.2317,-1.050649818,3.928459807
774.4317,-1.058302387,3.919025061
774.6317,-1.065917885,3.909558826
774.8317,-1.073496182,3.900061249
775.0317,-1.08103715,3.890532476
775.2317,-1.08854066,3.880972654
775.4317,-1.096006584,3.871381929
775.6317,-1.103434795,3.86176045
775.8317,-1.110825167,3.852108364
776.0317,-1.118177573,3.842425821
776.2317,-1.125491888,3.83271297
776.4317,-1.132767988,3.82296996
776.6317,-1.140005747,3.813196942
776.8317,-1.147205043,3.803394068
777.0317,-1.154365753,3.793561487
777.2317,-1.161487753,3.783699352
777.4317,-1.168570922,3.773807816
777.6317,-1.175615139,3.763887031
777.8317,-1.182620283,3.75393715
778.0317,-1.189586234,3.743958328
778.2317,-1.196512872,3.733950719
778.4317,-1.203400079,3.723914478
778.6317,-1.210247736,3.713849759
778.8317,-1.217055726,3.70375672
779.0317,-1.223823932,3.693635516
779.2317,-1.230552238,3.683486304
779.4317,-1.237240526,3.673309241
779.6317,-1.243888684,3.663104485
779.8317,-1.250496595,3.652872194
780.0317,-1.257064146,3.642612528
780.2317,-1.263591224,3.632325644
780.4317,-1.270077715,3.622011704
780.6317,-1.276523509,3.611670866
780.8317,-1.282928493,3.601303292
781.0317,-1.289292557,3.590909142
781.2317,-1.295615591,3.580488579
781.4317,-1.301897485,3.570041763
781.6317,-1.30813813,3.559568858
781.8317,-1.314337419,3.549070026
782.0317,-1.320495243,3.538545431
782.2317,-1.326611495,3.527995236
782.4317,-1.33268607,3.517419605
782.6317,-1.338718861,3.506818704
782.8317,-1.344709764,3.496192697
783.0317,-1.350658675,3.485541749
783.2317,-1.356565489,3.474866027
783.4317,-1.362430104,3.464165698
783.6317,-1.368252417,3.453440927
783.8317,-1.374032327,3.442691882
784.0317,-1.379769733,3.431918731
784.2317,-1.385464533,3.421121642
784.4317,-1.391116629,3.410300783
784.6317,-1.396725922,3.399456323
784.8317,-1.402292312,3.388588431
785.0317,-1.407815703,3.377697278
785.2317,-1.413295997,3.366783033
785.4317,-1.418733098,3.355845867
785.6317,-1.42412691,3.344885951
785.8317,-1.429477339,3.333903456
786.0317,-1.434784289,3.322898553
786.2317,-1.440047668,3.311871416
786.4317,-1.445267382,3.300822216
786.6317,-1.450443338,3.289751127
786.8317,-1.455575446,3.278658321
787.0317,-1.460663615,3.267543972
787.2317,-1.465707754,3.256408255
787.4317,-1.470707773,3.245251344
787.6317,-1.475663584,3.234073413
787.8317,-1.480575099,3.222874639
788.0317,-1.48544223,3.211655195
788.2317,-1.49026489,3.200415259
788.4317,-1.495042994,3.189155006
788.6317,-1.499776455,3.177874613
788.8317,-1.50446519,3.166574258
789.0317,-1.509109114,3.155254117
789.2317,-1.513708144,3.143914368
789.4317,-1.518262197,3.132555189
789.6317,-1.522771192,3.121176759
789.8317,-1.527235048,3.109779256
790.0317,-1.531653683,3.09836286
790.2317,-1.536027019,3.08692775
790.4317,-1.540354976,3.075474105
790.6317,-1.544637476,3.064002106
790.8317,-1.548874441,3.052511932
791.0317,-1.553065795,3.041003766
791.2317,-1.557211461,3.029477788
791.4317,-1.561311363,3.017934179
791.6317,-1.565365428,3.006373121
791.8317,-1.569373581,2.994794796
792.0317,-1.573335749,2.983199386
792.2317,-1.57725186,2.971587074
792.4317,-1.58112184,2.959958044
792.6317,-1.58494562,2.948312477
792.8317,-1.588723129,2.936650559
793.0317,-1.592454298,2.924972472
793.2317,-1.596139057,2.9132784
793.4317,-1.599777338,2.901568529
793.6317,-1.603369074,2.889843043
793.8317,-1.606914198,2.878102127
794.0317,-1.610412644,2.866345966
794.2317,-1.613864347,2.854574746
794.4317,-1.617269243,2.842788653
794.6317,-1.620627267,2.830987873
794.8317,-1.623938357,2.819172592
795.0317,-1.62720245,2.807342997
795.2317,-1.630419485,2.795499275
795.4317,-1.633589401,2.783641613
795.6317,-1.636712137,2.771770198
795.8317,-1.639787636,2.759885219
796.0317,-1.642815837,2.747986863
796.2317,-1.645796684,2.736075319
796.4317,-1.648730119,2.724150775
796.6317,-1.651616086,2.712213419
796.8317,-1.654454529,2.700263441
797.0317,-1.657245394,2.688301031
797.2317,-1.659988626,2.676326376
797.4317,-1.662684172,2.664339668
797.6317,-1.66533198,2.652341095
797.8317,-1.667931998,2.640330849
798.0317,-1.670484175,2.628309119
798.2317,-1.67298846,2.616276096
798.4317,-1.675444804,2.604231971
798.6317,-1.677853159,2.592176935
798.8317,-1.680213476,2.580111179
799.0317,-1.682525707,2.568034895
799.2317,-1.684789808,2.555948274
799.4317,-1.687005731,2.543851507
799.6317,-1.689173433,2.531744788
799.8317,-1.691292868,2.519628309
800.0317,-1.693363993,2.50750226
800.2317,-1.695386766,2.495366837
800.4317,-1.697361145,2.48322223
800.6317,-1.699287089,2.471068634
800.8317,-1.701164558,2.458906241
801.0317,-1.702993511,2.446735245
801.2317,-1.70477391,2.43455584
801.4317,-1.706505718,2.422368218
801.6317,-1.708188896,2.410172574
801.8317,-1.709823408,2.397969102
802.0317,-1.71140922,2.385757997
802.2317,-1.712946295,2.373539452
802.4317,-1.714434599,2.361313662
802.6317,-1.7158741,2.349080822
802.8317,-1.717264765,2.336841126
803.0317,-1.718606561,2.32459477
803.2317,-1.719899458,2.312341949
803.4317,-1.721143426,2.300082857
803.6317,-1.722338434,2.287817691
803.8317,-1.723484456,2.275546646
804.0317,-1.724581461,2.263269918
804.2317,-1.725629424,2.250987702
804.4317,-1.726628318,2.238700194
804.6317,-1.727578117,2.226407591
804.8317,-1.728478797,2.214110089
805.0317,-1.729330334,2.201807883
805.2317,-1.730132704,2.18950117
805.4317,-1.730885885,2.177190148
805.6317,-1.731589855,2.164875011
805.8317,-1.732244594,2.152555958
806.0317,-1.732850081,2.140233185
806.2317,-1.733406297,2.127906889
806.4317,-1.733913224,2.115577267
806.6317,-1.734370844,2.103244515
806.8317,-1.73477914,2.090908832
807.0317,-1.735138096,2.078570415
807.2317,-1.735447696,2.06622946
807.4317,-1.735707926,2.053886166
807.6317,-1.735918773,2.041540729
807.8317,-1.736080222,2.029193348
808.0317,-1.736192263,2.01684422
808.2317,-1.736254884,2.004493543
808.4317,-1.736268073,1.992141515
808.6317,-1.736231822,1.979788333
808.8317,-1.736146121,1.967434196
809.0317,-1.736010962,1.955079301
809.2317,-1.735826337,1.942723846
809.4317,-1.735592241,1.93036803
809.6317,-1.735308666,1.91801205
809.8317,-1.734975609,1.905656105
810.0317,-1.734593064,1.893300393
810.2317,-1.734161029,1.880945112
810.4317,-1.7336795,1.868590461
810.6317,-1.733148476,1.856236637
810.8317,-1.732567956,1.843883839
811.0317,-1.731937939,1.831532265
811.2317,-1.731258426,1.819182114
811.4317,-1.730529419,1.806833584
811.6317,-1.729750918,1.794486874
811.8317,-1.728922928,1.782142181
812.0317,-1.728045452,1.769799704
812.2317,-1.727118494,1.757459642
812.4317,-1.72614206,1.745122193
812.6317,-1.725116155,1.732787555
812.8317,-1.724040788,1.720455927
813.0317,-1.722915964,1.708127507
813.2317,-1.721741693,1.695802493
813.4317,-1.720517984,1.683481084
813.6317,-1.719244847,1.671163478
813.8317,-1.717922293,1.658849874
814.0317,-1.716550334,1.646540469
814.2317,-1.715128981,1.634235462
814.4317,-1.713658249,1.621935051
814.6317,-1.71213815,1.609639435
814.8317,-1.710568701,1.597348811
815.0317,-1.708949917,1.585063377
815.2317,-1.707281814,1.572783332
815.4317,-1.705564409,1.560508874
815.6317,-1.70379772,1.5482402
815.8317,-1.701981766,1.535977509
816.0317,-1.700116567,1.523720998
816.2317,-1.698202143,1.511470865
816.4317,-1.696238516,1.499227307
816.6317,-1.694225707,1.486990524
816.8317,-1.692163738,1.474760711
817.0317,-1.690052635,1.462538066
817.2317,-1.68789242,1.450322788
817.4317,-1.685683119,1.438115073
817.6317,-1.683424759,1.425915118
817.8317,-1.681117365,1.413723121
818.0317,-1.678760966,1.401539279
818.2317,-1.676355589,1.389363788
818.4317,-1.673901264,1.377196846
818.6317,-1.67139802,1.36503865
818.8317,-1.668845889,1.352889396
819.0317,-1.666244902,1.34074928
819.2317,-1.663595091,1.3286185
819.4317,-1.660896489,1.316497251
819.6317,-1.658149131,1.30438573
819.8317,-1.65535305,1.292284133
820.0317,-1.652508282,1.280192657
820.2317,-1.649614863,1.268111496
820.4317,-1.646672831,1.256040846
820.6317,-1.643682224,1.243980904
820.8317,-1.640643078,1.231931864
821.0317,-1.637555436,1.219893923
821.2317,-1.634419335,1.207867275
821.4317,-1.631234818,1.195852116
821.6317,-1.628001926,1.183848639
821.8317,-1.624720701,1.171857041
822.0317,-1.621391187,1.159877516
822.2317,-1.618013428,1.147910257
822.4317,-1.614587469,1.13595546
822.6317,-1.611113355,1.124013319
822.8317,-1.607591133,1.112084028
823.0317,-1.604020851,1.100167779
823.2317,-1.600402555,1.088264768
823.4317,-1.596736295,1.076375188
823.6317,-1.593022121,1.064499231
823.8317,-1.589260083,1.052637091
824.0317,-1.585450231,1.040788961
824.2317,-1.581592618,1.028955033
824.4317,-1.577687297,1.017135501
824.6317,-1.57373432,1.005330555
824.8317,-1.569733743,0.99354039
825.0317,-1.56568562,0.981765196
825.2317,-1.561590006,0.970005165
825.4317,-1.557446959,0.958260489
825.6317,-1.553256536,0.946531359
825.8317,-1.549018795,0.934817966
826.0317,-1.544733794,0.923120502
826.2317,-1.540401594,0.911439156
826.4317,-1.536022254,0.899774119
826.6317,-1.531595836,0.888125582
826.8317,-1.527122402,0.876493735
827.0317,-1.522602015,0.864878766
827.2317,-1.518034737,0.853280867
827.4317,-1.513420634,0.841700225
827.6317,-1.50875977,0.830137031
827.8317,-1.504052211,0.818591473
828.0317,-1.499298023,0.807063739
828.2317,-1.494497274,0.795554018
828.4317,-1.489650032,0.784062498
828.6317,-1.484756365,0.772589366
828.8317,-1.479816344,0.761134811
829.0317,-1.474830038,0.74969902
829.2317,-1.469797519,0.738282178
829.4317,-1.464718858,0.726884475
829.6317,-1.459594128,0.715506095
829.8317,-1.454423402,0.704147225
830.0317,-1.449206755,0.692808051
830.2317,-1.443944261,0.681488758
830.4317,-1.438635996,0.670189533
830.6317,-1.433282036,0.658910559
830.8317,-1.427882458,0.647652022
831.0317,-1.422437341,0.636414107
831.2317,-1.416946762,0.625196997
831.4317,-1.411410802,0.614000876
831.6317,-1.405829539,0.602825929
831.8317,-1.400203055,0.591672338
832.0317,-1.394531432,0.580540286
832.2317,-1.388814752,0.569429956
832.4317,-1.383053097,0.55834153
832.6317,-1.377246552,0.54727519
832.8317,-1.371395201,0.536231119
833.0317,-1.36549913,0.525209497
833.2317,-1.359558424,0.514210506
833.4317,-1.35357317,0.503234326
833.6317,-1.347543455,0.492281137
833.8317,-1.341469368,0.481351121
834.0317,-1.335350998,0.470444456
834.2317,-1.329188434,0.459561322
834.4317,-1.322981767,0.448701898
834.6317,-1.316731087,0.437866362
834.8317,-1.310436487,0.427054894
835.0317,-1.304098059,0.416267671
835.2317,-1.297715896,0.405504871
835.4317,-1.291290093,0.39476667
835.6317,-1.284820743,0.384053247
835.8317,-1.278307943,0.373364777
836.0317,-1.271751788,0.362701437
836.2317,-1.265152376,0.352063402
836.4317,-1.258509803,0.341450849
836.6317,-1.251824169,0.330863951
836.8317,-1.245095572,0.320302885
837.0317,-1.238324112,0.309767824
837.2317,-1.231509889,0.299258941
837.4317,-1.224653004,0.288776412
837.6317,-1.21775356,0.278320408
837.8317,-1.210811658,0.267891103
838.0317,-1.203827402,0.257488669
838.2317,-1.196800895,0.247113278
838.4317,-1.189732244,0.236765101
838.6317,-1.182621551,0.226444311
838.8317,-1.175468925,0.216151076
839.0317,-1.168274471,0.205885569
839.2317,-1.161038296,0.195647958
839.4317,-1.15376051,0.185438414
839.6317,-1.14644122,0.175257105
839.8317,-1.139080536,0.1651042
840.0317,-1.131678568,0.154979868
840.2317,-1.124235427,0.144884275
840.4317,-1.116751225,0.134817591
840.6317,-1.109226073,0.124779981
840.8317,-1.101660085,0.114771612
841.0317,-1.094053374,0.104792651
841.2317,-1.086406055,0.094843262
841.4317,-1.078718241,0.084923611
841.6317,-1.070990049,0.075033864
841.8317,-1.063221595,0.065174184
842.0317,-1.055412996,0.055344734
842.2317,-1.04756437,0.04554568
842.4317,-1.039675834,0.035777183
842.6317,-1.031747508,0.026039405
842.8317,-1.02377951,0.01633251
843.0317,-1.015771963,0.006656659
843.2317,-1.007724985,-0.002987988
843.4317,-0.999638699,-0.012601269
843.6317,-0.991513227,-0.022183025
843.8317,-0.983348691,-0.031733096
844.0317,-0.975145216,-0.041251322
844.2317,-0.966902926,-0.050737545
844.4317,-0.958621944,-0.060191607
844.6317,-0.950302397,-0.069613349
844.8317,-0.941944411,-0.079002615
845.0317,-0.933548112,-0.088359248
845.2317,-0.925113628,-0.097683091
845.4317,-0.916641086,-0.106973989
845.6317,-0.908130616,-0.116231786
845.8317,-0.899582346,-0.125456328
846.0317,-0.890996407,-0.134647461
846.2317,-0.882372929,-0.14380503
846.4317,-0.873712043,-0.152928882
846.6317,-0.865013881,-0.162018864
846.8317,-0.856278575,-0.171074825
847.0317,-0.847506258,-0.180096613
847.2317,-0.838697065,-0.189084076
847.4317,-0.829851128,-0.198037064
847.6317,-0.820968584,-0.206955426
847.8317,-0.812049567,-0.215839013
848.0317,-0.803094214,-0.224687676
848.2317,-0.794102661,-0.233501266
848.4317,-0.785075046,-0.242279635
848.6317,-0.776011506,-0.251022636
848.8317,-0.766912181,-0.259730122
849.0317,-0.757777209,-0.268401946
849.2317,-0.748606729,-0.277037963
849.4317,-0.739400883,-0.285638026
849.6317,-0.730159811,-0.294201993
849.8317,-0.720883655,-0.302729717
850.0317,-0.711572556,-0.311221056
850.2317,-0.702226658,-0.319675866
850.4317,-0.692846104,-0.328094005
850.6317,-0.683431037,-0.336475331
850.8317,-0.673981602,-0.344819703
851.0317,-0.664497944,-0.353126979
851.2317,-0.654980209,-0.361397019
851.4317,-0.645428542,-0.369629684
851.6317,-0.635843091,-0.377824835
851.8317,-0.626224002,-0.385982332
852.0317,-0.616571425,-0.394102038
852.2317,-0.606885506,-0.402183816
852.4317,-0.597166395,-0.410227528
852.6317,-0.587414242,-0.418233039
852.8317,-0.577629197,-0.426200213
853.0317,-0.56781141,-0.434128914
853.2317,-0.557961033,-0.442019009
853.4317,-0.548078217,-0.449870363
853.6317,-0.538163115,-0.457682843
853.8317,-0.52821588,-0.465456316
854.0317,-0.518236665,-0.473190651
854.2317,-0.508225623,-0.480885716
854.4317,-0.498182911,-0.488541379
854.6317,-0.488108682,-0.496157512
854.8317,-0.478003092,-0.503733983
855.0317,-0.467866298,-0.511270665
855.2317,-0.457698455,-0.518767428
855.4317,-0.447499722,-0.526224145
855.6317,-0.437270255,-0.533640689
855.8317,-0.427010214,-0.541016933
856.0317,-0.416719756,-0.54835275
856.2317,-0.406399042,-0.555648017
856.4317,-0.39604823,-0.562902608
856.6317,-0.385667481,-0.570116399
856.8317,-0.375256956,-0.577289266
857.0317,-0.364816817,-0.584421087
857.2317,-0.354347224,-0.59151174
857.4317,-0.343848341,-0.598561103
857.6317,-0.33332033,-0.605569055
857.8317,-0.322763355,-0.612535476
858.0317,-0.312177579,-0.619460247
858.2317,-0.301563166,-0.626343248
858.4317,-0.290920282,-0.633184361
858.6317,-0.280249092,-0.639983469
858.8317,-0.269549761,-0.646740454
859.0317,-0.258822456,-0.6534552
859.2317,-0.248067344,-0.660127592
859.4317,-0.237284591,-0.666757514
859.6317,-0.226474366,-0.673344852
859.8317,-0.215636836,-0.679889493
860.0317,-0.20477217,-0.686391322
860.2317,-0.193880538,-0.692850229
860.4317,-0.182962108,-0.699266101
860.6317,-0.172017052,-0.705638827
860.8317,-0.161045538,-0.711968297
861.0317,-0.15004774,-0.7182544
861.2317,-0.139023826,-0.724497029
861.4317,-0.127973971,-0.730696075
861.6317,-0.116898345,-0.73685143
861.8317,-0.105797122,-0.742962986
862.0317,-0.094670475,-0.749030639
862.2317,-0.083518577,-0.755054281
862.4317,-0.072341603,-0.761033809
862.6317,-0.061139726,-0.766969118
862.8317,-0.049913123,-0.772860104
863.0317,-0.038661968,-0.778706665
863.2317,-0.027386437,-0.784508698
863.4317,-0.016086707,-0.790266102
863.6317,-0.004762953,-0.795978776
863.8317,0.006584647,-0.80164662
864.0317,0.017955915,-0.807269535
864.2317,0.029350673,-0.812847422
864.4317,0.040768744,-0.818380183
864.6317,0.052209949,-0.823867721
864.8317,0.063674108,-0.829309939
865.0317,0.075161042,-0.834706741
865.2317,0.086670571,-0.840058033
865.4317,0.098202515,-0.84536372
865.6317,0.109756692,-0.850623707
865.8317,0.121332923,-0.855837903
866.0317,0.132931025,-0.861006215
866.2317,0.144550817,-0.866128551
866.4317,0.156192116,-0.871204821
866.6317,0.16785474,-0.876234934
866.8317,0.179538505,-0.881218801
867.0317,0.191243229,-0.886156334
867.2317,0.202968727,-0.891047443
867.4317,0.214714816,-0.895892043
867.6317,0.226481311,-0.900690047
867.8317,0.238268026,-0.905441369
868.0317,0.250074778,-0.910145924
868.2317,0.26190138,-0.914803628
868.4317,0.273747646,-0.919414396
868.6317,0.285613391,-0.923978148
868.8317,0.297498427,-0.928494799
869.0317,0.309402567,-0.93296427
869.2317,0.321325625,-0.937386479
869.4317,0.333267412,-0.941761346
869.6317,0.345227741,-0.946088794
869.8317,0.357206424,-0.950368742
870.0317,0.36920327,-0.954601114
870.2317,0.381218093,-0.958785833
870.4317,0.393250702,-0.962922822
870.6317,0.405300908,-0.967012007
870.8317,0.41736852,-0.971053312
871.0317,0.42945335,-0.975046664
871.2317,0.441555205,-0.97899199
871.4317,0.453673895,-0.982889218
871.6317,0.46580923,-0.986738275
871.8317,0.477961017,-0.990539092
872.0317,0.490129064,-0.994291598
872.2317,0.502313181,-0.997995723
872.4317,0.514513173,-1.0016514
872.6317,0.52672885,-1.005258561
872.8317,0.538960016,-1.008817138
873.0317,0.551206481,-1.012327065
873.2317,0.563468049,-1.015788277
873.4317,0.575744527,-1.01920071
873.6317,0.588035722,-1.022564299
873.8317,0.600341438,-1.025878981
874.0317,0.612661481,-1.029144694
874.2317,0.624995657,-1.032361376
874.4317,0.63734377,-1.035528966
874.6317,0.649705624,-1.038647405
874.8317,0.662081024,-1.041716633
875.0317,0.674469775,-1.044736592
875.2317,0.686871679,-1.047707224
875.4317,0.699286541,-1.050628471
875.6317,0.711714163,-1.053500279
875.8317,0.72415435,-1.056322591
876.0317,0.736606904,-1.059095354
876.2317,0.749071626,-1.061818512
876.4317,0.761548321,-1.064492014
876.6317,0.77403679,-1.067115806
876.8317,0.786536835,-1.069689839
877.0317,0.799048257,-1.07221406
877.2317,0.811570859,-1.074688421
877.4317,0.82410444,-1.077112871
877.6317,0.836648804,-1.079487363
877.8317,0.84920375,-1.08181185
878.0317,0.861769078,-1.084086284
878.2317,0.874344591,-1.086310621
878.4317,0.886930086,-1.088484814
878.6317,0.899525366,-1.090608819
878.8317,0.912130229,-1.092682593
879.0317,0.924744476,-1.094706094
879.2317,0.937367905,-1.096679279
879.4317,0.950000316,-1.098602107
879.6317,0.962641508,-1.100474539
879.8317,0.97529128,-1.102296534
880.0317,0.987949431,-1.104068053
880.2317,1.000615759,-1.10578906
880.4317,1.013290063,-1.107459517
880.6317,1.025972141,-1.109079387
880.8317,1.038661791,-1.110648635
881.0317,1.051358811,-1.112167227
881.2317,1.064062999,-1.113635129
881.4317,1.076774152,-1.115052307
881.6317,1.089492068,-1.116418729
881.8317,1.102216544,-1.117734365
882.0317,1.114947377,-1.118999183
882.2317,1.127684365,-1.120213153
882.4317,1.140427303,-1.121376247
882.6317,1.15317599,-1.122488436
882.8317,1.165930222,-1.123549693
883.0317,1.178689795,-1.124559991
883.2317,1.191454505,-1.125519305
883.4317,1.204224149,-1.12642761
883.6317,1.216998523,-1.127284881
883.8317,1.229777422,-1.128091095
884.0317,1.242560644,-1.128846231
884.2317,1.255347983,-1.129550265
884.4317,1.268139236,-1.130203178
884.6317,1.280934198,-1.130804948
884.8317,1.293732664,-1.131355558
885.0317,1.30653443,-1.131854988
885.2317,1.319339291,-1.132303222
885.4317,1.332147043,-1.132700241
885.6317,1.34495748,-1.133046031
885.8317,1.357770398,-1.133340576
886.0317,1.370585592,-1.133583861
886.2317,1.383402856,-1.133775874
886.4317,1.396221986,-1.133916602
886.6317,1.409042776,-1.134006032
886.8317,1.421865021,-1.134044154
887.0317,1.434688515,-1.134030958
887.2317,1.447513053,-1.133966433
887.4317,1.46033843,-1.133850573
887.6317,1.473164441,-1.133683368
887.8317,1.485990879,-1.133464812
888.0317,1.498817538,-1.133194899
888.2317,1.511644215,-1.132873624
888.4317,1.524470701,-1.132500982
888.6317,1.537296793,-1.132076969
888.8317,1.550122284,-1.131601583
889.0317,1.562946968,-1.131074821
889.2317,1.57577064,-1.130496683
889.4317,1.588593094,-1.129867169
889.6317,1.601414123,-1.129186278
889.8317,1.614233523,-1.128454012
890.0317,1.627051086,-1.127670374
890.2317,1.639866608,-1.126835365
890.4317,1.652679882,-1.125948991
890.6317,1.665490702,-1.125011255
890.8317,1.678298863,-1.124022163
891.0317,1.691104159,-1.122981722
891.2317,1.703906383,-1.121889938
891.4317,1.716705331,-1.120746819
891.6317,1.729500795,-1.119552374
891.8317,1.742292571,-1.118306613
892.0317,1.755080452,-1.117009547
892.2317,1.767864232,-1.115661185
892.4317,1.780643706,-1.114261541
892.6317,1.793418668,-1.112810627
892.8317,1.806188913,-1.111308457
893.0317,1.818954234,-1.109755045
893.2317,1.831714427,-1.108150408
893.4317,1.844469285,-1.10649456
893.6317,1.857218602,-1.104787519
893.8317,1.869962174,-1.103029303
894.0317,1.882699796,-1.101219931
894.2317,1.895431261,-1.099359421
894.4317,1.908156364,-1.097447795
894.6317,1.9208749,-1.095485074
894.8317,1.933586664,-1.093471278
895.0317,1.946291451,-1.091406432
895.2317,1.958989056,-1.089290558
895.4317,1.971679274,-1.087123682
895.6317,1.984361899,-1.084905828
895.8317,1.997036728,-1.082637022
896.0317,2.009703555,-1.080317292
896.2317,2.022362176,-1.077946665
896.4317,2.035012386,-1.07552517
896.6317,2.047653981,-1.073052835
896.8317,2.060286756,-1.070529692
897.0317,2.072910508,-1.067955771
897.2317,2.085525032,-1.065331104
897.4317,2.098130124,-1.062655723
897.6317,2.11072558,-1.059929663
897.8317,2.123311197,-1.057152957
898.0317,2.135886771,-1.05432564
898.2317,2.148452098,-1.051447749
898.4317,2.161006975,-1.04851932
898.6317,2.173551199,-1.045540391
898.8317,2.186084566,-1.042510999
899.0317,2.198606873,-1.039431185
899.2317,2.211117919,-1.036300989
899.4317,2.223617499,-1.03312045
899.6317,2.236105411,-1.029889611
899.8317,2.248581454,-1.026608515
900.0317,2.261045424,-1.023277204
900.2317,2.273497119,-1.019895722
900.4317,2.285936338,-1.016464115
900.6317,2.298362879,-1.012982428
900.8317,2.31077654,-1.009450708
901.0317,2.323177119,-1.005869002
901.2317,2.335564416,-1.002237358
901.4317,2.34793823,-0.998555825
901.6317,2.360298358,-0.994824453
901.8317,2.372644602,-0.991043293
902.0317,2.384976759,-0.987212396
902.2317,2.39729463,-0.983331813
902.4317,2.409598014,-0.979401599
902.6317,2.421886712,-0.975421806
902.8317,2.434160523,-0.971392491
903.0317,2.446419249,-0.967313707
903.2317,2.45866269,-0.963185511
903.4317,2.470890645,-0.95900796
903.6317,2.483102918,-0.954781113
903.8317,2.495299308,-0.950505027
904.0317,2.507479618,-0.946179762
904.2317,2.519643649,-0.941805378
904.4317,2.531791203,-0.937381937
904.6317,2.543922081,-0.9329095
904.8317,2.556036088,-0.92838813
905.0317,2.568133024,-0.92381789
905.2317,2.580212693,-0.919198845
905.4317,2.592274898,-0.914531059
905.6317,2.604319443,-0.909814598
905.8317,2.61634613,-0.905049529
906.0317,2.628354765,-0.90023592
906.2317,2.64034515,-0.895373838
906.4317,2.65231709,-0.890463352
906.6317,2.66427039,-0.885504533
906.8317,2.676204855,-0.880497451
907.0317,2.688120289,-0.875442176
907.2317,2.700016499,-0.870338782
907.4317,2.711893289,-0.865187342
907.6317,2.723750467,-0.859987928
907.8317,2.735587837,-0.854740616
908.0317,2.747405207,-0.84944548
908.2317,2.759202383,-0.844102597
908.4317,2.770979173,-0.838712044
908.6317,2.782735383,-0.833273898
908.8317,2.794470822,-0.827788237
909.0317,2.806185297,-0.822255141
909.2317,2.817878617,-0.81667469
909.4317,2.82955059,-0.811046965
909.6317,2.841201026,-0.805372046
909.8317,2.852829733,-0.799650017
910.0317,2.86443652,-0.793880959
910.2317,2.876021198,-0.788064958
910.4317,2.887583577,-0.782202097
910.6317,2.899123468,-0.776292463
910.8317,2.91064068,-0.77033614
911.0317,2.922135026,-0.764333217
911.2317,2.933606316,-0.75828378
911.4317,2.945054363,-0.752187918
911.6317,2.956478978,-0.74604572
911.8317,2.967879974,-0.739857276
912.0317,2.979257164,-0.733622677
912.2317,2.990610361,-0.727342015
912.4317,3.001939378,-0.72101538
912.6317,3.01324403,-0.714642867
912.8317,3.02452413,-0.70822457
913.0317,3.035779494,-0.701760581
913.2317,3.047009935,-0.695250998
913.4317,3.05821527,-0.688695915
913.6317,3.069395314,-0.68209543
913.8317,3.080549884,-0.675449639
914.0317,3.091678794,-0.668758642
914.2317,3.102781863,-0.662022537
914.4317,3.113858908,-0.655241423
914.6317,3.124909746,-0.648415402
914.8317,3.135934194,-0.641544574
915.0317,3.146932073,-0.634629041
915.2317,3.157903199,-0.627668906
915.4317,3.168847392,-0.620664272
915.6317,3.179764473,-0.613615244
915.8317,3.19065426,-0.606521926
916.0317,3.201516574,-0.599384423
916.2317,3.212351236,-0.592202843
916.4317,3.223158067,-0.584977291
916.6317,3.233936889,-0.577707877
916.8317,3.244687523,-0.570394708
917.0317,3.255409792,-0.563037893
917.2317,3.266103519,-0.555637543
917.4317,3.276768526,-0.548193768
917.6317,3.287404639,-0.54070668
917.8317,3.298011681,-0.53317639
918.0317,3.308589475,-0.525603011
918.2317,3.319137849,-0.517986657
918.4317,3.329656626,-0.510327442
918.6317,3.340145632,-0.502625481
918.8317,3.350604695,-0.494880889
919.0317,3.361033641,-0.487093784
919.2317,3.371432296,-0.479264281
919.4317,3.381800489,-0.471392499
919.6317,3.392138048,-0.463478556
919.8317,3.402444802,-0.455522571
920.0317,3.412720578,-0.447524665
920.2317,3.422965208,-0.439484957
920.4317,3.433178521,-0.431403569
920.6317,3.443360347,-0.423280622
920.8317,3.453510517,-0.41511624
921.0317,3.463628863,-0.406910546
921.2317,3.473715217,-0.398663663
921.4317,3.483769411,-0.390375716
921.6317,3.493791277,-0.382046831
921.8317,3.50378065,-0.373677134
922.0317,3.513737363,-0.365266751
922.2317,3.52366125,-0.356815809
922.4317,3.533552146,-0.348324438
922.6317,3.543409887,-0.339792765
922.8317,3.553234309,-0.331220919
923.0317,3.563025247,-0.322609032
923.2317,3.572782538,-0.313957234
923.4317,3.58250602,-0.305265655
923.6317,3.592195531,-0.296534428
923.8317,3.60185091,-0.287763687
924.0317,3.611471994,-0.278953563
924.2317,3.621058624,-0.270104192
924.4317,3.630610639,-0.261215708
924.6317,3.64012788,-0.252288246
924.8317,3.649610187,-0.243321942
925.0317,3.659057403,-0.234316933
925.2317,3.66846937,-0.225273357
925.4317,3.67784593,-0.21619135
925.6317,3.687186925,-0.207071052
925.8317,3.696492201,-0.197912603
926.0317,3.705761601,-0.18871614
926.2317,3.714994969,-0.179481806
926.4317,3.724192152,-0.170209742
926.6317,3.733352995,-0.160900088
926.8317,3.742477344,-0.151552988
927.0317,3.751565047,-0.142168585
927.2317,3.760615951,-0.132747021
927.4317,3.769629904,-0.123288442
927.6317,3.778606755,-0.113792992
927.8317,3.787546353,-0.104260817
928.0317,3.796448547,-0.094692063
928.2317,3.805313189,-0.085086876
928.4317,3.81414013,-0.075445405
928.6317,3.82292922,-0.065767796
928.8317,3.831680311,-0.056054198
929.0317,3.840393258,-0.046304762
929.2317,3.849067912,-0.036519635
929.4317,3.857704128,-0.026698969
929.6317,3.866301761,-0.016842915
929.8317,3.874860664,-0.006951624
930.0317,3.883380695,0.002974752
930.2317,3.891861709,0.012936059
930.4317,3.900303563,0.022932146
930.6317,3.908706114,0.032962856
930.8317,3.917069221,0.043028037
931.0317,3.925392742,0.053127534
931.2317,3.933676537,0.063261189
931.4317,3.941920465,0.073428848
931.6317,3.950124387,0.083630353
931.8317,3.958288164,0.093865547
932.0317,3.966411658,0.104134273
932.2317,3.974494731,0.11443637
932.4317,3.982537246,0.124771682
932.6317,3.990539067,0.135140047
932.8317,3.998500058,0.145541306
933.0317,4.006420083,0.155975297
933.2317,4.014299009,0.16644186
933.4317,4.022136702,0.176940833
933.6317,4.029933028,0.187472053
933.8317,4.037687854,0.198035358
934.0317,4.045401049,0.208630583
934.2317,4.053072482,0.219257565
934.4317,4.060702021,0.229916139
934.6317,4.068289537,0.24060614
934.8317,4.0758349,0.251327402
935.0317,4.083337983,0.26207976
935.2317,4.090798655,0.272863046
935.4317,4.098216792,0.283677093
935.6317,4.105592264,0.294521733
935.8317,4.112924947,0.305396799
936.0317,4.120214716,0.316302121
936.2317,4.127461444,0.32723753
936.4317,4.134665009,0.338202855
936.6317,4.141825287,0.349197928
936.8317,4.148942155,0.360222577
937.0317,4.156015491,0.37127663
937.2317,4.163045173,0.382359915
937.4317,4.170031082,0.393472261
937.6317,4.176973097,0.404613495
937.8317,4.183871098,0.415783442
938.0317,4.190724968,0.426981929
938.2317,4.197534587,0.438208782
938.4317,4.204299839,0.449463826
938.6317,4.211020608,0.460746886
938.8317,4.217696777,0.472057786
939.0317,4.224328231,0.483396349
939.2317,4.230914855,0.494762399
939.4317,4.237456536,0.506155758
939.6317,4.243953161,0.517576249
939.8317,4.250404618,0.529023694
940.0317,4.256810794,0.540497914
940.2317,4.263171579,0.55199873
940.4317,4.269486862,0.563525962
940.6317,4.275756534,0.575079431
940.8317,4.281980485,0.586658955
941.0317,4.288158609,0.598264354
941.2317,4.294290797,0.609895447
941.4317,4.300376943,0.621552052
941.6317,4.30641694,0.633233986
941.8317,4.312410684,0.644941067
942.0317,4.31835807,0.656673112
942.2317,4.324258993,0.668429937
942.4317,4.330113352,0.680211357
942.6317,4.335921043,0.69201719
942.8317,4.341681966,0.703847249
943.0317,4.347396018,0.71570135
943.2317,4.353063101,0.727579307
943.4317,4.358683113,0.739480934
943.6317,4.364255958,0.751406044
943.8317,4.369781537,0.76335445
944.0317,4.375259752,0.775325965
944.2317,4.380690507,0.787320401
944.4317,4.386073707,0.79933757
944.6317,4.391409256,0.811377284
944.8317,4.39669706,0.823439353
945.0317,4.401937026,0.835523589
945.2317,4.407129061,0.847629801
945.4317,4.412273074,0.859757799
945.6317,4.417368972,0.871907393
945.8317,4.422416665,0.884078392
946.0317,4.427416064,0.896270605
946.2317,4.432367079,0.90848384
946.4317,4.437269624,0.920717905
946.6317,4.442123609,0.932972608
946.8317,4.446928948,0.945247755
947.0317,4.451685556,0.957543155
947.2317,4.456393348,0.969858613
947.4317,4.461052238,0.982193935
947.6317,4.465662144,0.994548928
947.8317,4.470222982,1.006923396
948.0317,4.474734671,1.019317146
948.2317,4.479197129,1.031729981
948.4317,4.483610275,1.044161707
948.6317,4.487974031,1.056612127
948.8317,4.492288317,1.069081044
949.0317,4.496553055,1.081568264
949.2317,4.500768167,1.094073587
949.4317,4.504933577,1.106596819
949.6317,4.509049209,1.11913776
949.8317,4.513114988,1.131696212
950.0317,4.517130839,1.144271979
950.2317,4.52109669,1.156864861
950.4317,4.525012468,1.169474659
950.6317,4.528878101,1.182101175
950.8317,4.532693517,1.194744208
951.0317,4.536458646,1.20740356
951.2317,4.540173419,1.22007903
951.4317,4.543837768,1.232770417
951.6317,4.547451624,1.245477522
951.8317,4.551014919,1.258200143
952.0317,4.554527589,1.270938079
952.2317,4.557989567,1.283691129
952.4317,4.561400789,1.296459091
952.6317,4.56476119,1.309241763
952.8317,4.568070707,1.322038942
953.0317,4.571329279,1.334850426
953.2317,4.574536844,1.347676013
953.4317,4.577693341,1.360515498
953.6317,4.58079871,1.37336868
953.8317,4.583852893,1.386235354
954.0317,4.58685583,1.399115315
954.2317,4.589807464,1.412008362
954.4317,4.59270774,1.424914287
954.6317,4.5955566,1.437832889
954.8317,4.598353991,1.45076396
955.0317,4.601099857,1.463707297
955.2317,4.603794146,1.476662694
955.4317,4.606436805,1.489629945
955.6317,4.609027781,1.502608845
955.8317,4.611567025,1.515599188
956.0317,4.614054487,1.528600767
956.2317,4.616490116,1.541613376
956.4317,4.618873865,1.554636808
956.6317,4.621205685,1.567670857
956.8317,4.623485531,1.580715316
957.0317,4.625713355,1.593769976
957.2317,4.627889114,1.606834632
957.4317,4.630012762,1.619909074
957.6317,4.632084257,1.632993095
957.8317,4.634103555,1.646086488
958.0317,4.636070614,1.659189043
958.2317,4.637985394,1.672300553
958.4317,4.639847855,1.685420809
958.6317,4.641657957,1.698549602
958.8317,4.643415661,1.711686722
959.0317,4.645120931,1.724831962
959.2317,4.646773728,1.737985111
959.4317,4.648374018,1.751145961
959.6317,4.649921765,1.7643143
959.8317,4.651416935,1.777489921
960.0317,4.652859493,1.790672613
960.2317,4.654249409,1.803862165
960.4317,4.655586649,1.817058367
960.6317,4.656871183,1.83026101
960.8317,4.65810298,1.843469882
961.0317,4.659282012,1.856684773
961.2317,4.66040825,1.869905472
961.4317,4.661481666,1.883131768
961.6317,4.662502234,1.896363451
961.8317,4.663469928,1.909600308
962.0317,4.664384722,1.922842129
962.2317,4.665246592,1.936088701
962.4317,4.666055516,1.949339815
962.6317,4.666811469,1.962595257
962.8317,4.667514432,1.975854817
963.0317,4.668164383,1.989118282
963.2317,4.668761301,2.002385441
963.4317,4.669305168,2.01565608
963.6317,4.669795966,2.028929989
963.8317,4.670233677,2.042206955
964.0317,4.670618284,2.055486766
964.2317,4.670949772,2.068769208
964.4317,4.671228126,2.082054071
964.6317,4.671453331,2.09534114
964.8317,4.671625375,2.108630204
965.0317,4.671744245,2.12192105
965.2317,4.671809929,2.135213464
965.4317,4.671822418,2.148507235
965.6317,4.671781701,2.161802149
965.8317,4.671687769,2.175097993
966.0317,4.671540614,2.188394554
966.2317,4.671340229,2.20169162
966.4317,4.671086608,2.214988977
966.6317,4.670779745,2.228286411
966.8317,4.670419635,2.24158371
967.0317,4.670006275,2.254880661
967.2317,4.669539661,2.26817705
967.4317,4.669019791,2.281472664
967.6317,4.668446665,2.294767289
967.8317,4.667820281,2.308060713
968.0317,4.667140641,2.321352721
968.2317,4.666407745,2.334643101
968.4317,4.665621596,2.347931639
968.6317,4.664782196,2.361218122
968.8317,4.66388955,2.374502336
969.0317,4.662943662,2.387784068
969.2317,4.661944538,2.401063104
969.4317,4.660892184,2.414339232
969.6317,4.659786608,2.427612237
969.8317,4.658627817,2.440881906
970.0317,4.657415821,2.454148027
970.2317,4.65615063,2.467410385
970.4317,4.654832254,2.480668767
970.6317,4.653460704,2.493922961
970.8317,4.652035994,2.507172752
971.0317,4.650558137,2.520417927
971.2317,4.649027146,2.533658274
971.4317,4.647443036,2.546893579
971.6317,4.645805824,2.560123629
971.8317,4.644115526,2.573348211
972.0317,4.64237216,2.586567112
972.2317,4.640575744,2.599780119
972.4317,4.638726298,2.612987018
972.6317,4.63682384,2.626187598
972.8317,4.634868394,2.639381645
973.0317,4.632859979,2.652568947
973.2317,4.63079862,2.665749291
973.4317,4.628684339,2.678922464
973.6317,4.626517161,2.692088254
973.8317,4.624297111,2.705246449
974.0317,4.622024215,2.718396836
974.2317,4.619698501,2.731539202
974.4317,4.617319995,2.744673337
974.6317,4.614888727,2.757799027
974.8317,4.612404726,2.77091606
975.0317,4.609868023,2.784024226
975.2317,4.607278648,2.797123311
975.4317,4.604636634,2.810213105
975.6317,4.601942014,2.823293396
975.8317,4.599194821,2.836363972
976.0317,4.59639509,2.849424622
976.2317,4.593542857,2.862475135
976.4317,4.590638157,2.8755153
976.6317,4.587681028,2.888544906
976.8317,4.584671508,2.901563742
977.0317,4.581609636,2.914571597
977.2317,4.578495451,2.927568262
977.4317,4.575328995,2.940553524
977.6317,4.572110307,2.953527175
977.8317,4.568839432,2.966489004
978.0317,4.565516411,2.979438802
978.2317,4.562141289,2.992376357
978.4317,4.55871411,3.005301462
978.6317,4.55523492,3.018213906
978.8317,4.551703766,3.031113479
979.0317,4.548120694,3.043999974
979.2317,4.544485753,3.05687318
979.4317,4.540798993,3.06973289
979.6317,4.537060462,3.082578894
979.8317,4.533270211,3.095410984
980.0317,4.529428292,3.108228953
980.2317,4.525534758,3.12103259
980.4317,4.52158966,3.13382169
980.6317,4.517593055,3.146596044
980.8317,4.513544995,3.159355445
981.0317,4.509445538,3.172099686
981.2317,4.505294739,3.184828559
981.4317,4.501092655,3.197541857
981.6317,4.496839346,3.210239375
981.8317,4.49253487,3.222920905
982.0317,4.488179287,3.235586242
982.2317,4.483772657,3.248235179
982.4317,4.479315042,3.260867511
982.6317,4.474806505,3.273483032
982.8317,4.470247108,3.286081537
983.0317,4.465636916,3.298662821
983.2317,4.460975994,3.311226679
983.4317,4.456264406,3.323772907
983.6317,4.45150222,3.336301299
983.8317,4.446689503,3.348811653
984.0317,4.441826323,3.361303765
984.2317,4.436912748,3.37377743
984.4317,4.43194885,3.386232445
984.6317,4.426934698,3.398668608
984.8317,4.421870363,3.411085715
985.0317,4.416755918,3.423483565
985.2317,4.411591436,3.435861955
985.4317,4.406376991,3.448220683
985.6317,4.401112658,3.460559547
985.8317,4.395798511,3.472878346
986.0317,4.390434628,3.485176879
986.2317,4.385021085,3.497454945
986.4317,4.37955796,3.509712343
986.6317,4.374045332,3.521948874
986.8317,4.368483281,3.534164337
987.0317,4.362871887,3.546358533
987.2317,4.35721123,3.558531262
987.4317,4.351501394,3.570682326
987.6317,4.345742461,3.582811525
987.8317,4.339934514,3.594918662
988.0317,4.334077637,3.607003539
988.2317,4.328171917,3.619065956
988.4317,4.322217438,3.631105718
988.6317,4.316214288,3.643122628
988.8317,4.310162554,3.655116487
989.0317,4.304062324,3.6670871
989.2317,4.297913689,3.679034272
989.4317,4.291716736,3.690957805
989.6317,4.285471559,3.702857505
989.8317,4.279178247,3.714733176
990.0317,4.272836893,3.726584625
990.2317,4.26644759,3.738411656
990.4317,4.260010433,3.750214076
990.6317,4.253525515,3.761991691
990.8317,4.246992933,3.773744308
991.0317,4.240412783,3.785471734
991.2317,4.23378516,3.797173776
991.4317,4.227110165,3.808850242
991.6317,4.220387894,3.82050094
991.8317,4.213618447,3.83212568
992.0317,4.206801925,3.84372427
992.2317,4.199938428,3.855296519
992.4317,4.193028058,3.866842237
992.6317,4.186070917,3.878361235
992.8317,4.179067109,3.889853322
993.0317,4.172016738,3.90131831
993.2317,4.164919908,3.912756011
993.4317,4.157776724,3.924166235
993.6317,4.150587294,3.935548796
993.8317,4.143351724,3.946903505
994.0317,4.136070122,3.958230176
994.2317,4.128742596,3.969528622
994.4317,4.121369257,3.980798657
994.6317,4.113950212,3.992040095
994.8317,4.106485575,4.00325275
995.0317,4.098975456,4.014436439
995.2317,4.091419967,4.025590976
995.4317,4.083819222,4.036716178
995.6317,4.076173334,4.04781186
995.8317,4.068482419,4.05887784
996.0317,4.06074659,4.069913935
996.2317,4.052965965,4.080919962
996.4317,4.04514066,4.091895741
996.6317,4.037270792,4.102841089
996.8317,4.02935648,4.113755825
997.0317,4.021397843,4.12463977
997.2317,4.013395001,4.135492743
997.4317,4.005348073,4.146314565
997.6317,3.997257182,4.157105056
997.8317,3.989122449,4.167864039
998.0317,3.980943996,4.178591334
998.2317,3.972721947,4.189286764
998.4317,3.964456427,4.199950153
998.6317,3.956147559,4.210581324
998.8317,3.94779547,4.221180099
999.0317,3.939400285,4.231746305
999.2317,3.930962132,4.242279765
999.4317,3.922481138,4.252780304
999.6317,3.913957432,4.263247749
999.8317,3.905391142,4.273681926
1000.0317,3.896782399,4.284082662
1000.2317,3.888131333,4.294449784
1000.4317,3.879438075,4.304783119
1000.6317,3.870702757,4.315082496
1000.8317,3.861925511,4.325347745
1001.0317,3.853106471,4.335578693
1001.2317,3.844245771,4.345775172
1001.4317,3.835343546,4.355937012
1001.6317,3.82639993,4.366064043
1001.8317,3.817415061,4.376156096
1002.0317,3.808389074,4.386213005
1002.2317,3.799322107,4.396234601
1002.4317,3.790214298,4.406220718
1002.6317,3.781065786,4.416171189
1002.8317,3.77187671,4.426085848
1003.0317,3.762647211,4.43596453
1003.2317,3.753377429,4.44580707
1003.4317,3.744067506,4.455613304
1003.6317,3.734717584,4.465383069
1003.8317,3.725327806,4.4751162
1004.0317,3.715898315,4.484812537
1004.2317,3.706429255,4.494471916
1004.4317,3.696920771,4.504094176
1004.6317,3.687373009,4.513679156
1004.8317,3.677786115,4.523226697
1005.0317,3.668160235,4.532736638
1005.2317,3.658495517,4.54220882
1005.4317,3.648792109,4.551643085
1005.6317,3.63905016,4.561039275
1005.8317,3.629269819,4.570397231
1006.0317,3.619451236,4.579716799
1006.2317,3.609594561,4.588997821
1006.4317,3.599699947,4.598240141
1006.6317,3.589767545,4.607443605
1006.8317,3.579797507,4.616608058
1007.0317,3.569789986,4.625733347
1007.2317,3.559745137,4.634819317
1007.4317,3.549663114,4.643865818
1007.6317,3.539544072,4.652872695
1007.8317,3.529388167,4.661839799
1008.0317,3.519195554,4.670766977
1008.2317,3.508966391,4.679654081
1008.4317,3.498700836,4.68850096
1008.6317,3.488399046,4.697307466
1008.8317,3.478061181,4.70607345
1009.0317,3.467687399,4.714798764
1009.2317,3.457277861,4.723483262
1009.4317,3.446832727,4.732126796
1009.6317,3.436352158,4.740729222
1009.8317,3.425836316,4.749290393
1010.0317,3.415285364,4.757810166
1010.2317,3.404699464,4.766288396
1010.4317,3.39407878,4.77472494
1010.6317,3.383423477,4.783119656
1010.8317,3.372733718,4.791472401
1011.0317,3.362009669,4.799783034
1011.2317,3.351251496,4.808051415
1011.4317,3.340459366,4.816277403
1011.6317,3.329633445,4.82446086
1011.8317,3.318773901,4.832601645
1012.0317,3.307880902,4.840699622
1012.2317,3.296954617,4.848754653
1012.4317,3.285995215,4.856766601
1012.6317,3.275002867,4.86473533
1012.8317,3.263977741,4.872660705
1013.0317,3.252920011,4.880542591
1013.2317,3.241829846,4.888380854
1013.4317,3.23070742,4.89617536
1013.6317,3.219552904,4.903925977
1013.8317,3.208366472,4.911632573
1014.0317,3.197148297,4.919295016
1014.2317,3.185898555,4.926913177
1014.4317,3.174617419,4.934486924
1014.6317,3.163305065,4.942016129
1014.8317,3.151961668,4.949500663
1015.0317,3.140587406,4.956940398
1015.2317,3.129182455,4.964335207
1015.4317,3.117746993,4.971684964
1015.6317,3.106281197,4.978989543
1015.8317,3.094785246,4.986248818
1016.0317,3.083259319,4.993462665
1016.2317,3.071703595,5.000630961
1016.4317,3.060118255,5.007753583
1016.6317,3.048503479,5.014830408
1016.8317,3.036859448,5.021861315
1017.0317,3.025186343,5.028846183
1017.2317,3.013484347,5.035784892
1017.4317,3.001753642,5.042677323
1017.6317,2.989994412,5.049523357
1017.8317,2.978206838,5.056322875
1018.0317,2.966391107,5.063075761
1018.2317,2.954547401,5.069781899
1018.4317,2.942675906,5.076441172
1018.6317,2.930776808,5.083053465
1018.8317,2.918850292,5.089618665
1019.0317,2.906896545,5.096136658
1019.2317,2.894915753,5.10260733
1019.4317,2.882908105,5.10903057
1019.6317,2.870873787,5.115406266
1019.8317,2.858812988,5.121734309
1020.0317,2.846725896,5.128014587
1020.2317,2.834612701,5.134246992
1020.4317,2.822473593,5.140431416
1020.6317,2.810308761,5.146567751
1020.8317,2.798118396,5.15265589
1021.0317,2.785902689,5.158695726
1021.2317,2.773661831,5.164687156
1021.4317,2.761396015,5.170630073
1021.6317,2.749105431,5.176524375
1021.8317,2.736790274,5.182369959
1022.0317,2.724450736,5.188166721
1022.2317,2.71208701,5.19391456
1022.4317,2.699699292,5.199613376
1022.6317,2.687287774,5.205263069
1022.8317,2.674852652,5.210863539
1023.0317,2.662394121,5.216414689
1023.2317,2.649912377,5.221916419
1023.4317,2.637407616,5.227368634
1023.6317,2.624880034,5.232771238
1023.8317,2.612329827,5.238124134
1024.0317,2.599757194,5.243427229
1024.2317,2.587162332,5.248680428
1024.4317,2.574545439,5.25388364
1024.6317,2.561906713,5.25903677
1024.8317,2.549246353,5.264139729
1025.0317,2.536564558,5.269192425
1025.2317,2.523861528,5.274194769
1025.4317,2.511137463,5.279146671
1025.6317,2.498392563,5.284048043
1025.8317,2.485627028,5.288898799
1026.0317,2.47284106,5.29369885
1026.2317,2.460034861,5.298448112
1026.4317,2.447208631,5.303146499
1026.6317,2.434362573,5.307793927
1026.8317,2.42149689,5.312390312
1027.0317,2.408611784,5.316935573
1027.2317,2.395707458,5.321429626
1027.4317,2.382784116,5.325872392
1027.6317,2.369841963,5.330263789
1027.8317,2.356881201,5.334603739
1028.0317,2.343902035,5.338892162
1028.2317,2.330904671,5.343128981
1028.4317,2.317889314,5.34731412
1028.6317,2.304856169,5.351447501
1028.8317,2.291805442,5.355529049
1029.0317,2.278737338,5.359558691
1029.2317,2.265652065,5.363536351
1029.4317,2.25254983,5.367461958
1029.6317,2.239430839,5.37133544
1029.8317,2.226295299,5.375156724
1030.0317,2.21314342,5.378925741
1030.2317,2.199975407,5.382642421
1030.4317,2.18679147,5.386306695
1030.6317,2.173591818,5.389918496
1030.8317,2.160376659,5.393477756
1031.0317,2.147146202,5.396984409
1031.2317,2.133900656,5.400438389
1031.4317,2.120640233,5.403839632
1031.6317,2.10736514,5.407188075
1031.8317,2.09407559,5.410483654
1032.0317,2.080771791,5.413726306
1032.2317,2.067453956,5.416915972
1032.4317,2.054122294,5.42005259
1032.6317,2.040777018,5.423136101
1032.8317,2.027418339,5.426166446
1033.0317,2.014046469,5.429143568
1033.2317,2.00066162,5.432067408
1033.4317,1.987264004,5.434937912
1033.6317,1.973853833,5.437755023
1033.8317,1.960431321,5.440518688
1034.0317,1.946996681,5.443228852
1034.2317,1.933550125,5.445885462
1034.4317,1.920091867,5.448488468
1034.6317,1.906622122,5.451037816
1034.8317,1.893141103,5.453533459
1035.0317,1.879649023,5.455975345
1035.2317,1.866146098,5.458363426
1035.4317,1.852632543,5.460697655
1035.6317,1.839108571,5.462977985
1035.8317,1.825574397,5.46520437
1036.0317,1.812030238,5.467376765
1036.2317,1.798476309,5.469495125
1036.4317,1.784912824,5.471559407
1036.6317,1.77134,5.473569568
1036.8317,1.757758053,5.475525568
1037.0317,1.744167199,5.477427364
1037.2317,1.730567654,5.479274918
1037.4317,1.716959634,5.481068189
1037.6317,1.703343357,5.48280714
1037.8317,1.68971904,5.484491733
1038.0317,1.676086899,5.486121932
1038.2317,1.662447151,5.487697702
1038.4317,1.648800014,5.489219006
1038.6317,1.635145705,5.490685813
1038.8317,1.621484443,5.492098087
1039.0317,1.607816444,5.493455798
1039.2317,1.594141927,5.494758914
1039.4317,1.580461109,5.496007405
1039.6317,1.56677421,5.497201241
1039.8317,1.553081447,5.498340393
1040.0317,1.539383039,5.499424833
1040.2317,1.525679205,5.500454535
1040.4317,1.511970163,5.501429473
1040.6317,1.498256132,5.502349621
1040.8317,1.484537331,5.503214955
1041.0317,1.470813979,5.504025452
1041.2317,1.457086296,5.504781089
1041.4317,1.443354501,5.505481844
1041.6317,1.429618813,5.506127697
1041.8317,1.415879451,5.506718627
1042.0317,1.402136636,5.507254616
1042.2317,1.388390587,5.507735645
1042.4317,1.374641524,5.508161697
1042.6317,1.360889667,5.508532757
1042.8317,1.347135236,5.508848807
1043.0317,1.33337845,5.509109833
1043.2317,1.319619531,5.509315823
1043.4317,1.305858697,5.509466762
1043.6317,1.292096171,5.509562639
1043.8317,1.27833217,5.509603443
1044.0317,1.264566918,5.509589163
1044.2317,1.250800632,5.50951979
1044.4317,1.237033535,5.509395316
1044.6317,1.223265847,5.509215733
1044.8317,1.209497788,5.508981034
1045.0317,1.195729579,5.508691213
1045.2317,1.181961441,5.508346266
1045.4317,1.168193595,5.507946188
1045.6317,1.15442626,5.507490977
1045.8317,1.140659659,5.506980629
1046.0317,1.126894011,5.506415144
1046.2317,1.113129539,5.50579452
1046.4317,1.099366462,5.50511876
1046.6317,1.085605001,5.504387862
1046.8317,1.071845378,5.50360183
1047.0317,1.058087813,5.502760667
1047.2317,1.044332527,5.501864377
1047.4317,1.030579742,5.500912963
1047.6317,1.016829677,5.499906433
1047.8317,1.003082555,5.498844792
1048.0317,0.989338595,5.497728048
1048.2317,0.97559802,5.49655621
1048.4317,0.961861048,5.495329286
1048.6317,0.948127903,5.494047286
1048.8317,0.934398803,5.492710223
1049.0317,0.920673971,5.491318106
1049.2317,0.906953626,5.48987095
1049.4317,0.893237991,5.488368767
1049.6317,0.879527284,5.486811573
1049.8317,0.865821728,5.485199383
1050.0317,0.852121542,5.483532212
1050.2317,0.838426947,5.481810079
1050.4317,0.824738164,5.480033001
1050.6317,0.811055413,5.478200997
1050.8317,0.797378915,5.476314087
1051.0317,0.78370889,5.474372292
1051.2317,0.770045558,5.472375633
1051.4317,0.756389139,5.470324133
1051.6317,0.742739854,5.468217815
1051.8317,0.729097922,5.466056703
1052.0317,0.715463564,5.463840823
1052.2317,0.701836999,5.461570201
1052.4317,0.688218448,5.459244863
1052.6317,0.674608129,5.456864837
1052.8317,0.661006264,5.454430152
1053.0317,0.64741307,5.451940837
1053.2317,0.633828768,5.449396924
1053.4317,0.620253577,5.446798442
1053.6317,0.606687715,5.444145425
1053.8317,0.593131403,5.441437905
1054.0317,0.57958486,5.438675917
1054.2317,0.566048303,5.435859495
1054.4317,0.552521952,5.432988675
1054.6317,0.539006025,5.430063493
1054.8317,0.525500742,5.427083987
1055.0317,0.512006319,5.424050195
1055.2317,0.498522976,5.420962157
1055.4317,0.485050931,5.417819913
1055.6317,0.471590401,5.414623503
1055.8317,0.458141604,5.41137297
1056.0317,0.444704758,5.408068356
1056.2317,0.431280081,5.404709704
1056.4317,0.417867789,5.40129706
1056.6317,0.4044681,5.397830469
1056.8317,0.391081231,5.394309976
1057.0317,0.377707399,5.390735629
1057.2317,0.36434682,5.387107477
1057.4317,0.350999711,5.383425566
1057.6317,0.337666288,5.379689949
1057.8317,0.324346767,5.375900674
1058.0317,0.311041365,5.372057794
1058.2317,0.297750296,5.368161361
1058.4317,0.284473778,5.364211428
1058.6317,0.271212024,5.360208049
1058.8317,0.25796525,5.356151279
1059.0317,0.244733671,5.352041173
1059.2317,0.231517501,5.347877789
1059.4317,0.218316956,5.343661185
1059.6317,0.20513225,5.339391417
1059.8317,0.191963597,5.335068546
1060.0317,0.17881121,5.330692632
1060.2317,0.165675303,5.326263735
1060.4317,0.15255609,5.321781918
1060.6317,0.139453784,5.317247244
1060.8317,0.126368598,5.312659775
1061.0317,0.113300744,5.308019576
1061.2317,0.100250436,5.303326713
1061.4317,0.087217885,5.298581251
1061.6317,0.074203304,5.293783258
1061.8317,0.061206903,5.288932801
1062.0317,0.048228895,5.284029949
1062.2317,0.035269491,5.279074772
1062.4317,0.022328902,5.27406734
1062.6317,0.009407338,5.269007724
1062.8317,-0.003494989,5.263895996
1063.0317,-0.016377871,5.25873223
1063.2317,-0.029241096,5.253516499
1063.4317,-0.042084456,5.248248878
1063.6317,-0.054907741,5.242929441
1063.8317,-0.067710742,5.237558267
1064.0317,-0.080493251,5.232135431
1064.2317,-0.093255058,5.226661011
1064.4317,-0.105995955,5.221135088
1064.6317,-0.118715736,5.215557739
1064.8317,-0.131414191,5.209929046
1065.0317,-0.144091115,5.204249091
1065.2317,-0.156746299,5.198517955
1065.4317,-0.169379538,5.192735721
1065.6317,-0.181990625,5.186902473
1065.8317,-0.194579354,5.181018296
1066.0317,-0.20714552,5.175083276
1066.2317,-0.219688916,5.169097499
1066.4317,-0.232209339,5.163061052
1066.6317,-0.244706583,5.156974023
1066.8317,-0.257180444,5.150836501
1067.0317,-0.269630718,5.144648575
1067.2317,-0.282057201,5.138410337
1067.4317,-0.29445969,5.132121877
1067.6317,-0.306837982,5.125783288
1067.8317,-0.319191875,5.119394662
1068.0317,-0.331521166,5.112956094
1068.2317,-0.343825654,5.106467678
1068.4317,-0.356105136,5.099929509
1068.6317,-0.368359411,5.093341684
1068.8317,-0.38058828,5.086704299
1069.0317,-0.392791541,5.080017453
1069.2317,-0.404968994,5.073281244
1069.4317,-0.41712044,5.066495772
1069.6317,-0.429245679,5.059661137
1069.8317,-0.441344513,5.05277744
1070.0317,-0.453416743,5.045844783
1070.2317,-0.46546217,5.038863269
1070.4317,-0.477480598,5.031833001
1070.6317,-0.489471829,5.024754083
1070.8317,-0.501435666,5.017626621
1071.0317,-0.513371912,5.010450721
1071.2317,-0.525280371,5.003226488
1071.4317,-0.537160848,4.995954032
1071.6317,-0.549013147,4.988633459
1071.8317,-0.560837074,4.98126488
1072.0317,-0.572632434,4.973848403
1072.2317,-0.584399033,4.96638414
1072.4317,-0.596136677,4.958872201
1072.6317,-0.607845174,4.9513127
1072.8317,-0.61952433,4.94370575
1073.0317,-0.631173954,4.936051463
1073.2317,-0.642793853,4.928349955
1073.4317,-0.654383836,4.92060134
1073.6317,-0.665943712,4.912805736
1073.8317,-0.677473291,4.904963258
1074.0317,-0.688972383,4.897074025
1074.2317,-0.700440797,4.889138155
1074.4317,-0.711878346,4.881155767
1074.6317,-0.72328484,4.873126982
1074.8317,-0.734660091,4.865051919
1075.0317,-0.746003911,4.8569307
1075.2317,-0.757316113,4.848763449
1075.4317,-0.76859651,4.840550286
1075.6317,-0.779844917,4.832291338
1075.8317,-0.791061146,4.823986727
1076.0317,-0.802245014,4.815636579
1076.2317,-0.813396334,4.807241021
1076.4317,-0.824514923,4.798800178
1076.6317,-0.835600597,4.790314179
1076.8317,-0.846653172,4.781783152
1077.0317,-0.857672465,4.773207226
1077.2317,-0.868658295,4.764586531
1077.4317,-0.879610479,4.755921197
1077.6317,-0.890528836,4.747211355
1077.8317,-0.901413185,4.738457137
1078.0317,-0.912263346,4.729658677
1078.2317,-0.923079139,4.720816107
1078.4317,-0.933860384,4.711929562
1078.6317,-0.944606903,4.702999176
1078.8317,-0.955318518,4.694025086
1079.0317,-0.965995051,4.685007427
1079.2317,-0.976636325,4.675946337
1079.4317,-0.987242163,4.666841954
1079.6317,-0.997812389,4.657694416
1079.8317,-1.008346828,4.648503861
1080.0317,-1.018845303,4.639270432
1080.2317,-1.029307642,4.629994267
1080.4317,-1.03973367,4.620675508
1080.6317,-1.050123214,4.611314298
1080.8317,-1.060476101,4.601910778
1081.0317,-1.070792158,4.592465094
1081.2317,-1.081071214,4.582977388
1081.4317,-1.091313098,4.573447806
1081.6317,-1.10151764,4.563876493
1081.8317,-1.111684668,4.554263596
1082.0317,-1.121814015,4.544609262
1082.2317,-1.131905511,4.534913637
1082.4317,-1.141958987,4.525176871
1082.6317,-1.151974276,4.515399113
1082.8317,-1.161951212,4.505580512
1083.0317,-1.171889627,4.495721219
1083.2317,-1.181789355,4.485821385
1083.4317,-1.191650232,4.475881161
1083.6317,-1.201472092,4.4659007
1083.8317,-1.211254772,4.455880155
1084.0317,-1.220998108,4.44581968
1084.2317,-1.230701936,4.43571943
1084.4317,-1.240366095,4.425579558
1084.6317,-1.249990423,4.415400222
1084.8317,-1.259574759,4.405181578
1085.0317,-1.269118942,4.394923782
1085.2317,-1.278622812,4.384626993
1085.4317,-1.28808621,4.374291368
1085.6317,-1.297508978,4.363917067
1085.8317,-1.306890958,4.35350425
1086.0317,-1.316231991,4.343053077
1086.2317,-1.325531922,4.332563708
1086.4317,-1.334790595,4.322036306
1086.6317,-1.344007853,4.311471033
1086.8317,-1.353183542,4.300868051
1087.0317,-1.362317508,4.290227524
1087.2317,-1.371409597,4.279549617
1087.4317,-1.380459656,4.268834494
1087.6317,-1.389467533,4.25808232
1087.8317,-1.398433076,4.247293262
1088.0317,-1.407356135,4.236467485
1088.2317,-1.41623656,4.225605158
1088.4317,-1.425074199,4.214706449
1088.6317,-1.433868905,4.203771525
1088.8317,-1.442620529,4.192800556
1089.0317,-1.451328924,4.181793712
1089.2317,-1.459993942,4.170751162
1089.4317,-1.468615438,4.159673079
1089.6317,-1.477193265,4.148559632
1089.8317,-1.485727278,4.137410996
1090.0317,-1.494217334,4.126227341
1090.2317,-1.502663289,4.115008842
1090.4317,-1.511064999,4.103755672
1090.6317,-1.519422323,4.092468006
1090.8317,-1.527735119,4.081146019
1091.0317,-1.536003246,4.069789886
1091.2317,-1.544226564,4.058399784
1091.4317,-1.552404933,4.046975889
1091.6317,-1.560538215,4.03551838
1091.8317,-1.568626272,4.024027433
1092.0317,-1.576668965,4.012503228
1092.2317,-1.58466616,4.000945942
1092.4317,-1.592617719,3.989355757
1092.6317,-1.600523507,3.977732852
1092.8317,-1.60838339,3.966077408
1093.0317,-1.616197234,3.954389606
1093.2317,-1.623964906,3.942669629
1093.4317,-1.631686274,3.930917657
1093.6317,-1.639361205,3.919133875
1093.8317,-1.646989569,3.907318466
1094.0317,-1.654571236,3.895471614
1094.2317,-1.662106075,3.883593503
1094.4317,-1.66959396,3.871684318
1094.6317,-1.67703476,3.859744246
1094.8317,-1.684428349,3.847773471
1095.0317,-1.691774601,3.835772182
1095.2317,-1.699073389,3.823740565
1095.4317,-1.706324589,3.811678807
1095.6317,-1.713528076,3.799587098
1095.8317,-1.720683727,3.787465625
1096.0317,-1.727791418,3.775314578
1096.2317,-1.734851027,3.763134147
1096.4317,-1.741862434,3.750924522
1096.6317,-1.748825518,3.738685894
1096.8317,-1.755740158,3.726418453
1097.0317,-1.762606236,3.714122393
1097.2317,-1.769423633,3.701797904
1097.4317,-1.776192232,3.68944518
1097.6317,-1.782911916,3.677064413
1097.8317,-1.789582569,3.664655799
1098.0317,-1.796204075,3.65221953
1098.2317,-1.80277632,3.639755801
1098.4317,-1.809299191,3.627264808
1098.6317,-1.815772574,3.614746746
1098.8317,-1.822196358,3.602201812
1099.0317,-1.82857043,3.589630201
1099.2317,-1.83489468,3.57703211
1099.4317,-1.841168998,3.564407738
1099.6317,-1.847393276,3.551757282
1099.8317,-1.853567404,3.53908094
1100.0317,-1.859691276,3.526378911
1100.2317,-1.865764785,3.513651395
1100.4317,-1.871787824,3.500898591
1100.6317,-1.877760289,3.488120699
1100.8317,-1.883682076,3.47531792
1101.0317,-1.88955308,3.462490455
1101.2317,-1.895373198,3.449638505
1101.4317,-1.901142331,3.436762272
1101.6317,-1.906860374,3.423861959
1101.8317,-1.91252723,3.410937768
1102.0317,-1.918142797,3.397989902
1102.2317,-1.923706978,3.385018564
1102.4317,-1.929219674,3.37202396
1102.6317,-1.934680788,3.359006292
1102.8317,-1.940090225,3.345965766
1103.0317,-1.945447887,3.332902587
1103.2317,-1.950753682,3.319816961
1103.4317,-1.956007514,3.306709093
1103.6317,-1.961209291,3.29357919
1103.8317,-1.966358921,3.280427459
1104.0317,-1.971456311,3.267254106
1104.2317,-1.976501373,3.254059339
1104.4317,-1.981494015,3.240843367
1104.6317,-1.986434149,3.227606396
1104.8317,-1.991321688,3.214348637
1105.0317,-1.996156542,3.201070298
1105.2317,-2.000938627,3.187771587
1105.4317,-2.005667856,3.174452716
1105.6317,-2.010344145,3.161113894
1105.8317,-2.01496741,3.147755332
1106.0317,-2.019537567,3.134377239
1106.2317,-2.024054535,3.120979829
1106.4317,-2.028518231,3.107563311
1106.6317,-2.032928576,3.094127898
1106.8317,-2.03728549,3.080673802
1107.0317,-2.041588893,3.067201235
1107.2317,-2.045838708,3.053710411
1107.4317,-2.050034857,3.040201542
1107.6317,-2.054177265,3.026674842
1107.8317,-2.058265855,3.013130524
1108.0317,-2.062300553,2.999568804
1108.2317,-2.066281285,2.985989895
1108.4317,-2.070207978,2.972394011
1108.6317,-2.07408056,2.95878137
1108.8317,-2.07789896,2.945152184
1109.0317,-2.081663107,2.931506671
1109.2317,-2.085372932,2.917845046
1109.4317,-2.089028366,2.904167525
1109.6317,-2.092629342,2.890474325
1109.8317,-2.096175792,2.876765663
1110.0317,-2.09966765,2.863041756
1110.2317,-2.103104851,2.849302822
1110.4317,-2.106487331,2.835549077
1110.6317,-2.109815027,2.821780741
1110.8317,-2.113087875,2.807998031
1111.0317,-2.116305814,2.794201165
1111.2317,-2.119468783,2.780390363
1111.4317,-2.122576722,2.766565844
1111.6317,-2.125629571,2.752727826
1111.8317,-2.128627274,2.73887653
1112.0317,-2.131569771,2.725012175
1112.2317,-2.134457008,2.711134981
1112.4317,-2.137288927,2.697245169
1112.6317,-2.140065475,2.683342958
1112.8317,-2.142786597,2.669428571
1113.0317,-2.14545224,2.655502227
1113.2317,-2.148062353,2.641564148
1113.4317,-2.150616884,2.627614556
1113.6317,-2.153115783,2.613653671
1113.8317,-2.155559,2.599681717
1114.0317,-2.157946486,2.585698915
1114.2317,-2.160278195,2.571705487
1114.4317,-2.162554079,2.557701655
1114.6317,-2.164774092,2.543687644
1114.8317,-2.166938189,2.529663675
1115.0317,-2.169046327,2.515629971
1115.2317,-2.171098461,2.501586757
1115.4317,-2.17309455,2.487534255
1115.6317,-2.175034552,2.473472689
1115.8317,-2.176918426,2.459402283
1116.0317,-2.178746133,2.445323261
1116.2317,-2.180517634,2.431235848
1116.4317,-2.182232891,2.417140267
1116.6317,-2.183891867,2.403036744
1116.8317,-2.185494526,2.388925502
1117.0317,-2.187040833,2.374806768
1117.2317,-2.188530754,2.360680765
1117.4317,-2.189964254,2.34654772
1117.6317,-2.191341302,2.332407857
1117.8317,-2.192661866,2.318261402
1118.0317,-2.193925916,2.304108581
1118.2317,-2.19513342,2.289949619
1118.4317,-2.196284352,2.275784743
1118.6317,-2.197378681,2.261614178
1118.8317,-2.198416383,2.247438151
1119.0317,-2.199397429,2.233256888
1119.2317,-2.200321796,2.219070615
1119.4317,-2.201189458,2.20487956
1119.6317,-2.202000392,2.190683948
1119.8317,-2.202754576,2.176484006
1120.0317,-2.203451988,2.162279962
1120.2317,-2.204092607,2.148072042
1120.4317,-2.204676413,2.133860474
1120.6317,-2.205203388,2.119645484
1120.8317,-2.205673513,2.1054273
1121.0317,-2.206086771,2.09120615
1121.2317,-2.206443146,2.07698226
1121.4317,-2.206742623,2.062755858
1121.6317,-2.206985187,2.048527173
1121.8317,-2.207170825,2.034296431
1122.0317,-2.207299524,2.02006386
1122.2317,-2.207371273,2.005829689
1122.4317,-2.207386061,1.991594144
1122.6317,-2.207343877,1.977357455
1122.8317,-2.207244714,1.963119849
1123.0317,-2.207088563,1.948881554
1123.2317,-2.206875417,1.934642799
1123.4317,-2.206605269,1.92040381
1123.6317,-2.206278116,1.906164818
1123.8317,-2.205893951,1.891926049
1124.0317,-2.205452772,1.877687733
1124.2317,-2.204954576,1.863450097
1124.4317,-2.204399362,1.84921337
1124.6317,-2.203787129,1.83497778
1124.8317,-2.203117877,1.820743556
1125.0317,-2.202391607,1.806510925
1125.2317,-2.201608322,1.792280118
1125.4317,-2.200768023,1.77805136
1125.6317,-2.199870716,1.763824883
1125.8317,-2.198916405,1.749600913
1126.0317,-2.197905095,1.735379678
1126.2317,-2.196836794,1.721161409
1126.4317,-2.195711508,1.706946332
1126.6317,-2.194529246,1.692734677
1126.8317,-2.193290019,1.678526672
1127.0317,-2.191993835,1.664322544
1127.2317,-2.190640706,1.650122523
1127.4317,-2.189230644,1.635926837
1127.6317,-2.187763663,1.621735714
1127.8317,-2.186239775,1.607549382
1128.0317,-2.184658997,1.593368069
1128.2317,-2.183021344,1.579192004
1128.4317,-2.181326832,1.565021415
1128.6317,-2.179575479,1.55085653
1128.8317,-2.177767304,1.536697577
1129.0317,-2.175902325,1.522544783
1129.2317,-2.173980565,1.508398377
1129.4317,-2.172002042,1.494258586
1129.6317,-2.169966781,1.480125639
1129.8317,-2.167874804,1.465999763
1130.0317,-2.165726135,1.451881186
1130.2317,-2.163520798,1.437770134
1130.4317,-2.16125882,1.423666836
1130.6317,-2.158940228,1.40957152
1130.8317,-2.156565049,1.395484411
1131.0317,-2.154133312,1.381405738
1131.2317,-2.151645045,1.367335727
1131.4317,-2.14910028,1.353274606
1131.6317,-2.146499049,1.339222602
1131.8317,-2.143841382,1.32517994
1132.0317,-2.141127313,1.311146849
1132.2317,-2.138356877,1.297123554
1132.4317,-2.135530108,1.283110281
1132.6317,-2.132647042,1.269107258
1132.8317,-2.129707716,1.25511471
1133.0317,-2.126712167,1.241132864
1133.2317,-2.123660435,1.227161944
1133.4317,-2.120552558,1.213202178
1133.6317,-2.117388577,1.199253791
1133.8317,-2.114168533,1.185317008
1134.0317,-2.110892469,1.171392054
1134.2317,-2.107560428,1.157479155
1134.4317,-2.104172453,1.143578536
1134.6317,-2.10072859,1.129690421
1134.8317,-2.097228884,1.115815036
1135.0317,-2.093673382,1.101952605
1135.2317,-2.090062132,1.088103352
1135.4317,-2.086395183,1.074267502
1135.6317,-2.082672583,1.060445278
1135.8317,-2.078894384,1.046636904
1136.0317,-2.075060636,1.032842605
1136.2317,-2.071171391,1.019062603
1136.4317,-2.067226704,1.005297122
1136.6317,-2.063226626,0.991546384
1136.8317,-2.059171214,0.977810614
1137.0317,-2.055060523,0.964090033
1137.2317,-2.05089461,0.950384863
1137.4317,-2.046673532,0.936695328
1137.6317,-2.042397348,0.92302165
1137.8317,-2.038066117,0.909364049
1138.0317,-2.033679899,0.895722748
1138.2317,-2.029238755,0.882097968
1138.4317,-2.024742748,0.86848993
1138.6317,-2.02019194,0.854898856
1138.8317,-2.015586395,0.841324965
1139.0317,-2.010926177,0.827768478
1139.2317,-2.006211353,0.814229617
1139.4317,-2.001441989,0.800708599
1139.6317,-1.996618151,0.787205646
1139.8317,-1.991739908,0.773720977
1140.0317,-1.98680733,0.76025481
1140.2317,-1.981820486,0.746807365
1140.4317,-1.976779448,0.733378861
1140.6317,-1.971684286,0.719969516
1140.8317,-1.966535073,0.706579548
1141.0317,-1.961331884,0.693209174
1141.2317,-1.956074792,0.679858614
1141.4317,-1.950763872,0.666528083
1141.6317,-1.945399201,0.653217799
1141.8317,-1.939980856,0.639927979
1142.0317,-1.934508915,0.626658838
1142.2317,-1.928983456,0.613410594
1142.4317,-1.923404559,0.600183462
1142.6317,-1.917772305,0.586977658
1142.8317,-1.912086774,0.573793397
1143.0317,-1.90634805,0.560630893
1143.2317,-1.900556215,0.547490362
1143.4317,-1.894711352,0.534372017
1143.6317,-1.888813548,0.521276073
1143.8317,-1.882862888,0.508202744
1144.0317,-1.876859458,0.495152242
1144.2317,-1.870803346,0.482124781
1144.4317,-1.864694639,0.469120573
1144.6317,-1.858533428,0.456139831
1144.8317,-1.852319802,0.443182767
1145.0317,-1.846053852,0.430249592
1145.2317,-1.839735669,0.417340518
1145.4317,-1.833365347,0.404455755
1145.6317,-1.826942978,0.391595514
1145.8317,-1.820468657,0.378760006
1146.0317,-1.813942479,0.36594944
1146.2317,-1.80736454,0.353164025
1146.4317,-1.800734937,0.340403972
1146.6317,-1.794053767,0.327669488
1146.8317,-1.787321129,0.314960783
1147.0317,-1.780537123,0.302278063
1147.2317,-1.773701847,0.289621537
1147.4317,-1.766815404,0.276991412
1147.6317,-1.759877896,0.264387895
1147.8317,-1.752889424,0.251811192
1148.0317,-1.745850093,0.239261509
1148.2317,-1.738760007,0.226739052
1148.4317,-1.731619271,0.214244027
1148.6317,-1.72442799,0.201776637
1148.8317,-1.717186273,0.189337088
1149.0317,-1.709894226,0.176925584
1149.2317,-1.702551959,0.164542327
1149.4317,-1.695159579,0.152187523
1149.6317,-1.687717199,0.139861372
1149.8317,-1.680224927,0.127564078
1150.0317,-1.672682877,0.115295842
1150.2317,-1.665091161,0.103056866
1150.4317,-1.657449892,0.090847351
1150.6317,-1.649759185,0.078667498
1150.8317,-1.642019154,0.066517506
1151.0317,-1.634229916,0.054397576
1151.2317,-1.626391587,0.042307907
1151.4317,-1.618504284,0.030248697
1151.6317,-1.610568126,0.018220145
1151.8317,-1.602583232,0.006222449
1152.0317,-1.594549722,-0.005744193
1152.2317,-1.586467716,-0.017679586
1152.4317,-1.578337337,-0.029583531
1152.6317,-1.570158705,-0.041455834
1152.8317,-1.561931945,-0.053296299
1153.0317,-1.55365718,-0.065104729
1153.2317,-1.545334534,-0.076880932
1153.4317,-1.536964134,-0.088624713
1153.6317,-1.528546105,-0.100335878
1153.8317,-1.520080575,-0.112014233
1154.0317,-1.511567671,-0.123659587
1154.2317,-1.503007522,-0.135271748
1154.4317,-1.494400257,-0.146850523
1154.6317,-1.485746007,-0.158395721
1154.8317,-1.477044901,-0.169907152
1155.0317,-1.468297073,-0.181384626
1155.2317,-1.459502653,-0.192827952
1155.4317,-1.450661777,-0.204236943
1155.6317,-1.441774577,-0.215611409
1155.8317,-1.432841188,-0.226951162
1156.0317,-1.423861747,-0.238256016
1156.2317,-1.414836388,-0.249525781
1156.4317,-1.405765249,-0.260760274
1156.6317,-1.396648469,-0.271959306
1156.8317,-1.387486185,-0.283122693
1157.0317,-1.378278537,-0.294250251
1157.2317,-1.369025664,-0.305341794
1157.4317,-1.359727709,-0.316397139
1157.6317,-1.350384811,-0.327416104
1157.8317,-1.340997114,-0.338398504
1158.0317,-1.331564761,-0.349344158
1158.2317,-1.322087895,-0.360252885
1158.4317,-1.312566661,-0.371124503
1158.6317,-1.303001204,-0.381958832
1158.8317,-1.29339167,-0.392755693
1159.0317,-1.283738205,-0.403514906
1159.2317,-1.274040958,-0.414236291
1159.4317,-1.264300077,-0.424919672
1159.6317,-1.25451571,-0.435564871
1159.8317,-1.244688006,-0.44617171
1160.0317,-1.234817117,-0.456740013
1160.2317,-1.224903194,-0.467269605
1160.4317,-1.214946387,-0.47776031
1160.6317,-1.20494685,-0.488211953
1160.8317,-1.194904735,-0.498624361
1161.0317,-1.184820198,-0.508997361
1161.2317,-1.174693391,-0.519330779
1161.4317,-1.164524472,-0.529624443
1161.6317,-1.154313595,-0.539878182
1161.8317,-1.144060917,-0.550091824
1162.0317,-1.133766596,-0.5602652
1162.2317,-1.123430789,-0.570398139
1162.4317,-1.113053657,-0.580490473
1162.6317,-1.102635357,-0.590542032
1162.8317,-1.092176051,-0.60055265
1163.0317,-1.081675899,-0.610522159
1163.2317,-1.071135063,-0.620450392
1163.4317,-1.060553704,-0.630337183
1163.6317,-1.049931986,-0.640182367
1163.8317,-1.039270073,-0.649985779
1164.0317,-1.028568128,-0.659747256
1164.2317,-1.017826317,-0.669466633
1164.4317,-1.007044805,-0.679143748
1164.6317,-0.996223758,-0.68877844
1164.8317,-0.985363344,-0.698370545
1165.0317,-0.974463729,-0.707919904
1165.2317,-0.963525082,-0.717426357
1165.4317,-0.952547572,-0.726889744
1165.6317,-0.941531369,-0.736309906
1165.8317,-0.930476642,-0.745686685
1166.0317,-0.919383563,-0.755019924
1166.2317,-0.908252302,-0.764309465
1166.4317,-0.897083032,-0.773555153
1166.6317,-0.885875926,-0.782756832
1166.8317,-0.874631158,-0.791914348
1167.0317,-0.8633489,-0.801027546
1167.2317,-0.852029328,-0.810096273
1167.4317,-0.840672617,-0.819120376
1167.6317,-0.829278943,-0.828099704
1167.8317,-0.817848482,-0.837034104
1168.0317,-0.806381412,-0.845923427
1168.2317,-0.79487791,-0.854767522
1168.4317,-0.783338154,-0.86356624
1168.6317,-0.771762325,-0.872319432
1168.8317,-0.7601506,-0.881026951
1169.0317,-0.748503161,-0.88968865
1169.2317,-0.736820188,-0.898304382
1169.4317,-0.725101863,-0.906874001
1169.6317,-0.713348367,-0.915397363
1169.8317,-0.701559884,-0.923874324
1170.0317,-0.689736595,-0.932304739
1170.2317,-0.677878686,-0.940688466
1170.4317,-0.66598634,-0.949025362
1170.6317,-0.654059743,-0.957315287
1170.8317,-0.642099079,-0.9655581
1171.0317,-0.630104536,-0.973753661
1171.2317,-0.618076299,-0.981901831
1171.4317,-0.606014556,-0.990002471
1171.6317,-0.593919494,-0.998055443
1171.8317,-0.581791303,-1.006060612
1172.0317,-0.56963017,-1.014017839
1172.2317,-0.557436286,-1.021926991
1172.4317,-0.54520984,-1.029787932
1172.6317,-0.532951024,-1.037600529
1172.8317,-0.520660027,-1.045364647
1173.0317,-0.508337043,-1.053080155
1173.2317,-0.495982263,-1.060746922
1173.4317,-0.483595879,-1.068364815
1173.6317,-0.471178086,-1.075933706
1173.8317,-0.458729077,-1.083453464
1174.0317,-0.446249047,-1.09092396
1174.2317,-0.43373819,-1.098345068
1174.4317,-0.421196702,-1.10571666
1174.6317,-0.408624779,-1.11303861
1174.8317,-0.396022617,-1.120310791
1175.0317,-0.383390413,-1.12753308
1175.2317,-0.370728366,-1.134705352
1175.4317,-0.358036672,-1.141827484
1175.6317,-0.345315531,-1.148899354
1175.8317,-0.332565141,-1.15592084
1176.0317,-0.319785702,-1.162891822
1176.2317,-0.306977415,-1.169812178
1176.4317,-0.294140479,-1.17668179
1176.6317,-0.281275096,-1.18350054
1176.8317,-0.268381466,-1.19026831
1177.0317,-0.255459794,-1.196984982
1177.2317,-0.24251028,-1.203650441
1177.4317,-0.229533127,-1.210264572
1177.6317,-0.21652854,-1.21682726
1177.8317,-0.203496722,-1.223338391
1178.0317,-0.190437877,-1.229797853
1178.2317,-0.17735221,-1.236205533
1178.4317,-0.164239928,-1.242561321
1178.6317,-0.151101234,-1.248865105
1178.8317,-0.137936337,-1.255116777
1179.0317,-0.124745441,-1.261316227
1179.2317,-0.111528756,-1.267463348
1179.4317,-0.098286487,-1.273558032
1179.6317,-0.085018844,-1.279600173
1179.8317,-0.071726034,-1.285589666
1180.0317,-0.058408267,-1.291526406
1180.2317,-0.045065752,-1.297410289
1180.4317,-0.031698698,-1.303241211
1180.6317,-0.018307317,-1.309019072
1180.8317,-0.004891818,-1.314743769
1181.0317,0.008547588,-1.320415203
1181.2317,0.022010688,-1.326033273
1181.4317,0.035497271,-1.33159788
1181.6317,0.049007125,-1.337108927
1181.8317,0.062540037,-1.342566317
1182.0317,0.076095793,-1.347969952
1182.2317,0.089674181,-1.353319739
1182.4317,0.103274987,-1.358615581
1182.6317,0.116897995,-1.363857386
1182.8317,0.130542992,-1.36904506
1183.0317,0.144209762,-1.374178512
1183.2317,0.15789809,-1.37925765
1183.4317,0.17160776,-1.384282384
1183.6317,0.185338555,-1.389252625
1183.8317,0.19909026,-1.394168283
1184.0317,0.212862656,-1.399029271
1184.2317,0.226655528,-1.403835503
1184.4317,0.240468656,-1.408586891
1184.6317,0.254301824,-1.413283352
1184.8317,0.268154812,-1.4179248
1185.0317,0.282027402,-1.422511153
1185.2317,0.295919374,-1.427042327
1185.4317,0.30983051,-1.431518241
1185.6317,0.323760589,-1.435938815
1185.8317,0.337709391,-1.440303968
1186.0317,0.351676696,-1.444613621
1186.2317,0.365662282,-1.448867696
1186.4317,0.37966593,-1.453066116
1186.6317,0.393687416,-1.457208804
1186.8317,0.40772652,-1.461295684
1187.0317,0.421783019,-1.465326683
1187.2317,0.43585669,-1.469301727
1187.4317,0.449947312,-1.473220741
1187.6317,0.464054661,-1.477083655
1187.8317,0.478178513,-1.480890398
1188.0317,0.492318645,-1.484640898
1188.2317,0.506474833,-1.488335088
1188.4317,0.520646853,-1.491972897
1188.6317,0.53483448,-1.495554259
1188.8317,0.549037489,-1.499079108
1189.0317,0.563255655,-1.502547377
1189.2317,0.577488753,-1.505959001
1189.4317,0.591736557,-1.509313917
1189.6317,0.605998841,-1.512612061
1189.8317,0.620275379,-1.515853371
1190.0317,0.634565944,-1.519037787
1190.2317,0.64887031,-1.522165247
1190.4317,0.663188249,-1.525235692
1190.6317,0.677519535,-1.528249064
1190.8317,0.69186394,-1.531205305
1191.0317,0.706221236,-1.534104358
1191.2317,0.720591194,-1.536946168
1191.4317,0.734973588,-1.539730679
1191.6317,0.749368188,-1.542457838
1191.8317,0.763774765,-1.545127591
1192.0317,0.778193091,-1.547739886
1192.2317,0.792622937,-1.550294672
1192.4317,0.807064072,-1.552791899
1192.6317,0.821516269,-1.555231516
1192.8317,0.835979295,-1.557613477
1193.0317,0.850452923,-1.559937732
1193.2317,0.86493692,-1.562204236
1193.4317,0.879431058,-1.564412942
1193.6317,0.893935104,-1.566563806
1193.8317,0.908448829,-1.568656783
1194.0317,0.922972002,-1.570691831
1194.2317,0.93750439,-1.572668908
1194.4317,0.952045763,-1.574587972
1194.6317,0.96659589,-1.576448984
1194.8317,0.981154537,-1.578251903
1195.0317,0.995721474,-1.579996692
1195.2317,1.010296468,-1.581683312
1195.4317,1.024879287,-1.583311728
1195.6317,1.039469698,-1.584881904
1195.8317,1.05406747,-1.586393805
1196.0317,1.068672368,-1.587847398
1196.2317,1.083284161,-1.589242649
1196.4317,1.097902614,-1.590579527
1196.6317,1.112527496,-1.591858
1196.8317,1.127158572,-1.593078039
1197.0317,1.141795609,-1.594239615
1197.2317,1.156438374,-1.595342699
1197.4317,1.171086632,-1.596387264
1197.6317,1.185740149,-1.597373284
1197.8317,1.200398693,-1.598300734
1198.0317,1.215062028,-1.599169588
1198.2317,1.229729921,-1.599979824
1198.4317,1.244402137,-1.600731419
1198.6317,1.259078441,-1.601424352
1198.8317,1.273758599,-1.602058601
1199.0317,1.288442376,-1.602634148
1199.2317,1.303129539,-1.603150972
1199.4317,1.31781985,-1.603609057
1199.6317,1.332513077,-1.604008385
1199.8317,1.347208983,-1.60434894
1200.0317,1.361907334,-1.604630708
1200.2317,1.376607895,-1.604853674
1200.4317,1.391310429,-1.605017825
1200.6317,1.406014703,-1.605123148
1200.8317,1.42072048,-1.605169634
1201.0317,1.435427525,-1.60515727
1201.2317,1.450135603,-1.605086048
1201.4317,1.464844477,-1.60495596
1201.6317,1.479553913,-1.604766998
1201.8317,1.494263675,-1.604519154
1202.0317,1.508973526,-1.604212425
1202.2317,1.523683231,-1.603846804
1202.4317,1.538392555,-1.603422288
1202.6317,1.553101262,-1.602938875
1202.8317,1.567809115,-1.602396562
1203.0317,1.582515879,-1.601795349
1203.2317,1.597221318,-1.601135236
1203.4317,1.611925196,-1.600416224
1203.6317,1.626627278,-1.599638313
1203.8317,1.641327326,-1.598801509
1204.0317,1.656025105,-1.597905814
1204.2317,1.67072038,-1.596951232
1204.4317,1.685412915,-1.595937771
1204.6317,1.700102472,-1.594865436
1204.8317,1.714788817,-1.593734235
1205.0317,1.729471714,-1.592544176
1205.2317,1.744150926,-1.591295269
1205.4317,1.758826219,-1.589987525
1205.6317,1.773497355,-1.588620955
1205.8317,1.788164099,-1.587195571
1206.0317,1.802826215,-1.585711386
1206.2317,1.817483469,-1.584168416
1206.4317,1.832135623,-1.582566673
1206.6317,1.846782442,-1.580906176
1206.8317,1.861423691,-1.579186941
1207.0317,1.876059133,-1.577408986
1207.2317,1.890688535,-1.57557233
1207.4317,1.905311659,-1.573676992
1207.6317,1.919928271,-1.571722994
1207.8317,1.934538135,-1.569710358
1208.0317,1.949141016,-1.567639106
1208.2317,1.963736679,-1.565509262
1208.4317,1.978324889,-1.56332085
1208.6317,1.992905411,-1.561073896
1208.8317,2.007478009,-1.558768426
1209.0317,2.022042449,-1.556404469
1209.2317,2.036598496,-1.553982051
1209.4317,2.051145916,-1.551501203
1209.6317,2.065684474,-1.548961956
1209.8317,2.080213935,-1.546364339
1210.0317,2.094734065,-1.543708385
1210.2317,2.109244631,-1.540994128
1210.4317,2.123745397,-1.538221601
1210.6317,2.138236129,-1.53539084
1210.8317,2.152716595,-1.532501879
1211.0317,2.167186559,-1.529554757
1211.2317,2.181645789,-1.526549511
1211.4317,2.196094051,-1.523486179
1211.6317,2.210531112,-1.520364801
1211.8317,2.224956738,-1.517185419
1212.0317,2.239370697,-1.513948073
1212.2317,2.253772754,-1.510652805
1212.4317,2.268162679,-1.50729966
1212.6317,2.282540238,-1.503888681
1212.8317,2.296905198,-1.500419915
1213.0317,2.311257327,-1.496893406
1213.2317,2.325596394,-1.493309203
1213.4317,2.339922166,-1.489667353
1213.6317,2.354234412,-1.485967906
1213.8317,2.368532899,-1.482210911
1214.0317,2.382817397,-1.478396419
1214.2317,2.397087675,-1.474524482
1214.4317,2.4113435,-1.470595153
1214.6317,2.425584643,-1.466608485
1214.8317,2.439810873,-1.462564533
1215.0317,2.454021959,-1.458463353
1215.2317,2.468217672,-1.454305001
1215.4317,2.482397781,-1.450089534
1215.6317,2.496562055,-1.445817011
1215.8317,2.510710267,-1.441487491
1216.0317,2.524842186,-1.437101034
1216.2317,2.538957584,-1.432657701
1216.4317,2.55305623,-1.428157554
1216.6317,2.567137898,-1.423600656
1216.8317,2.581202357,-1.418987071
1217.0317,2.595249381,-1.414316863
1217.2317,2.60927874,-1.409590099
1217.4317,2.623290208,-1.404806845
1217.6317,2.637283557,-1.399967168
1217.8317,2.651258559,-1.395071137
1218.0317,2.665214988,-1.390118821
1218.2317,2.679152617,-1.385110291
1218.4317,2.69307122,-1.380045617
1218.6317,2.70697057,-1.374924872
1218.8317,2.720850441,-1.369748129
1219.0317,2.734710609,-1.364515461
1219.2317,2.748550847,-1.359226944
1219.4317,2.76237093,-1.353882653
1219.6317,2.776170634,-1.348482664
1219.8317,2.789949735,-1.343027056
1220.0317,2.803708007,-1.337515906
1220.2317,2.817445228,-1.331949295
1220.4317,2.831161173,-1.326327302
1220.6317,2.84485562,-1.320650008
1220.8317,2.858528345,-1.314917496
1221.0317,2.872179126,-1.309129848
1221.2317,2.88580774,-1.303287149
1221.4317,2.899413965,-1.297389482
1221.6317,2.912997581,-1.291436935
1221.8317,2.926558364,-1.285429592
1222.0317,2.940096095,-1.279367542
1222.2317,2.953610552,-1.273250873
1222.4317,2.967101516,-1.267079674
1222.6317,2.980568766,-1.260854035
1222.8317,2.994012082,-1.254574047
1223.0317,3.007431246,-1.248239803
1223.2317,3.020826037,-1.241851394
1223.4317,3.034196238,-1.235408915
1223.6317,3.047541631,-1.228912459
1223.8317,3.060861997,-1.222362123
1224.0317,3.074157119,-1.215758003
1224.2317,3.087426779,-1.209100195
1224.4317,3.100670761,-1.202388798
1224.6317,3.113888849,-1.195623911
1224.8317,3.127080827,-1.188805634
1225.0317,3.140246478,-1.181934066
1225.2317,3.153385588,-1.17500931
1225.4317,3.166497941,-1.168031469
1225.6317,3.179583324,-1.161000644
1225.8317,3.192641521,-1.153916942
1226.0317,3.20567232,-1.146780465
1226.2317,3.218675508,-1.139591321
1226.4317,3.23165087,-1.132349616
1226.6317,3.244598196,-1.125055458
1226.8317,3.257517272,-1.117708955
1227.0317,3.270407888,-1.110310216
1227.2317,3.283269831,-1.102859351
1227.4317,3.296102892,-1.095356472
1227.6317,3.308906859,-1.087801691
1227.8317,3.321681524,-1.080195119
1228.0317,3.334426676,-1.072536872
1228.2317,3.347142107,-1.064827062
1228.4317,3.359827607,-1.057065805
1228.6317,3.372482969,-1.049253218
1228.8317,3.385107986,-1.041389418
1229.0317,3.397702449,-1.033474521
1229.2317,3.410266152,-1.025508647
1229.4317,3.422798889,-1.017491916
1229.6317,3.435300453,-1.009424446
1229.8317,3.45E+00,-1.001306361
1230.0317,3.460209245,-0.993137781
1230.2317,3.472616063,-0.984918829
1230.4317,3.48499089,-0.976649629
1230.6317,3.497333523,-0.968330305
1230.8317,3.509643758,-0.959960983
1231.0317,3.521921393,-0.951541789
1231.2317,3.534166227,-0.94307285
1231.4317,3.546378057,-0.934554292
1231.6317,3.558556682,-0.925986246
1231.8317,3.570701902,-0.91736884
1232.0317,3.582813518,-0.908702204
1232.2317,3.594891328,-0.899986469
1232.4317,3.606935136,-0.891221768
1232.6317,3.618944741,-0.882408232
1232.8317,3.630919945,-0.873545995
1233.0317,3.642860553,-0.864635192
1233.2317,3.654766365,-0.855675957
1233.4317,3.666637187,-0.846668426
1233.6317,3.678472822,-0.837612735
1233.8317,3.690273075,-0.828509023
1234.0317,3.702037751,-0.819357427
1234.2317,3.713766656,-0.810158086
1234.4317,3.725459595,-0.80091114
1234.6317,3.737116376,-0.79161673
1234.8317,3.748736807,-0.782274996
1235.0317,3.760320694,-0.772886082
1235.2317,3.771867847,-0.763450129
1235.4317,3.783378075,-0.753967282
1235.6317,3.794851187,-0.744437684
1235.8317,3.806286993,-0.734861482
1236.0317,3.817685303,-0.725238821
1236.2317,3.829045931,-0.715569848
1236.4317,3.840368686,-0.70585471
1236.6317,3.851653382,-0.696093556
1236.8317,3.862899832,-0.686286534
1237.0317,3.874107848,-0.676433795
1237.2317,3.885277246,-0.66653549
1237.4317,3.896407841,-0.656591768
1237.6317,3.907499447,-0.646602783
1237.8317,3.91855188,-0.636568688
1238.0317,3.929564958,-0.626489635
1238.2317,3.940538496,-0.61636578
1238.4317,3.951472314,-0.606197276
1238.6317,3.962366229,-0.595984281
1238.8317,3.973220061,-0.585726951
1239.0317,3.984033628,-0.575425442
1239.2317,3.994806752,-0.565079913
1239.4317,4.005539253,-0.554690522
1239.6317,4.016230952,-0.54425743
1239.8317,4.026881672,-0.533780796
1240.0317,4.037491236,-0.523260781
1240.2317,4.048059466,-0.512697548
1240.4317,4.058586186,-0.502091257
1240.6317,4.069071223,-0.491442072
1240.8317,4.079514399,-0.480750158
1241.0317,4.089915542,-0.470015678
1241.2317,4.100274479,-0.459238798
1241.4317,4.110591035,-0.448419683
1241.6317,4.120865039,-0.437558501
1241.8317,4.131096321,-0.426655418
1242.0317,4.141284708,-0.415710603
1242.2317,4.15143003,-0.404724225
1242.4317,4.161532119,-0.393696452
1242.6317,4.171590805,-0.382627455
1242.8317,4.18160592,-0.371517405
1243.0317,4.191577296,-0.360366473
1243.2317,4.201504768,-0.349174831
1243.4317,4.211388167,-0.337942652
1243.6317,4.221227331,-0.32667011
1243.8317,4.231022092,-0.315357379
1244.0317,4.240772288,-0.304004634
1244.2317,4.250477754,-0.29261205
1244.4317,4.260138329,-0.281179803
1244.6317,4.26975385,-0.269708071
1244.8317,4.279324156,-0.25819703
1245.0317,4.288849086,-0.24664686
1245.2317,4.29832848,-0.235057739
1245.4317,4.307762179,-0.223429845
1245.6317,4.317150024,-0.211763361
1245.8317,4.326491859,-0.200058466
1246.0317,4.335787525,-0.188315341
1246.2317,4.345036866,-0.17653417
1246.4317,4.354239727,-0.164715134
1246.6317,4.363395952,-0.152858416
1246.8317,4.372505388,-0.140964202
1247.0317,4.38156788,-0.129032676
1247.2317,4.390583277,-0.117064022
1247.4317,4.399551426,-0.105058427
1247.6317,4.408472176,-0.093016077
1247.8317,4.417345376,-0.08093716
1248.0317,4.426170877,-0.068821862
1248.2317,4.434948529,-0.056670373
1248.4317,4.443678184,-0.044482881
1248.6317,4.452359695,-0.032259576
1248.8317,4.460992914,-0.020000648
1249.0317,4.469577696,-0.007706289
1249.2317,4.478113895,0.004623312
1249.4317,4.486601367,0.016987962
1249.6317,4.495039967,0.029387467
1249.8317,4.503429553,0.041821636
1250.0317,4.511769983,0.054290274
1250.2317,4.520061114,0.066793187
1250.4317,4.528302807,0.079330181
1250.6317,4.536494921,0.091901059
1250.8317,4.544637317,0.104505625
1251.0317,4.552729856,0.117143684
1251.2317,4.560772401,0.129815037
1251.4317,4.568764815,0.142519487
1251.6317,4.576706962,0.155256836
1251.8317,4.584598707,0.168026885
1252.0317,4.592439914,0.180829434
1252.2317,4.600230451,0.193664284
1252.4317,4.607970184,0.206531233
1252.6317,4.615658981,0.219430081
1252.8317,4.623296711,0.232360627
1253.0317,4.630883243,0.245322667
1253.2317,4.638418447,0.258315999
1253.4317,4.645902195,0.271340421
1253.6317,4.653334358,0.284395727
1253.8317,4.66071481,0.297481715
1254.0317,4.668043422,0.310598179
1254.2317,4.675320071,0.323744913
1254.4317,4.68254463,0.336921712
1254.6317,4.689716976,0.35012837
1254.8317,4.696836985,0.363364679
1255.0317,4.703904535,0.376630433
1255.2317,4.710919505,0.389925423
1255.4317,4.717881773,0.40324944
1255.6317,4.724791219,0.416602277
1255.8317,4.731647725,0.429983723
1256.0317,4.738451172,0.443393569
1256.2317,4.745201442,0.456831604
1256.4317,4.751898419,0.470297618
1256.6317,4.758541987,0.483791399
1256.8317,4.765132031,0.497312734
1257.0317,4.771668437,0.510861413
1257.2317,4.778151091,0.524437222
1257.4317,4.784579881,0.538039948
1257.6317,4.790954696,0.551669377
1257.8317,4.797275425,0.565325295
1258.0317,4.803541957,0.579007487
1258.2317,4.809754184,0.592715739
1258.4317,4.815911998,0.606449834
1258.6317,4.82201529,0.620209557
1258.8317,4.828063955,0.633994692
1259.0317,4.834057887,0.64780502
1259.2317,4.839996982,0.661640326
1259.4317,4.845881134,0.675500391
1259.6317,4.851710242,0.689384998
1259.8317,4.857484202,0.703293926
1260.0317,4.863202915,0.717226959
1260.2317,4.868866279,0.731183875
1260.4317,4.874474194,0.745164456
1260.6317,4.880026562,0.75916848
1260.8317,4.885523285,0.773195727
1261.0317,4.890964267,0.787245977
1261.2317,4.89634941,0.801319007
1261.4317,4.901678621,0.815414596
1261.6317,4.906951804,0.829532521
1261.8317,4.912168866,0.84367256
1262.0317,4.917329715,0.857834489
1262.2317,4.922434259,0.872018085
1262.4317,4.927482407,0.886223124
1262.6317,4.932474069,0.900449382
1262.8317,4.937409157,0.914696635
1263.0317,4.942287581,0.928964656
1263.2317,4.947109256,0.943253222
1263.4317,4.951874095,0.957562106
1263.6317,4.956582012,0.971891082
1263.8317,4.961232922,0.986239923
1264.0317,4.965826743,1.000608404
1264.2317,4.970363392,1.014996296
1264.4317,4.974842786,1.029403372
1264.6317,4.979264845,1.043829405
1264.8317,4.983629488,1.058274166
1265.0317,4.987936638,1.072737426
1265.2317,4.992186215,1.087218957
1265.4317,4.996378142,1.10171853
1265.6317,5.000512344,1.116235915
1265.8317,5.004588744,1.130770882
1266.0317,5.008607268,1.145323202
1266.2317,5.012567842,1.159892643
1266.4317,5.016470395,1.174478974
1266.6317,5.020314853,1.189081966
1266.8317,5.024101146,1.203701386
1267.0317,5.027829205,1.218337003
1267.2317,5.03149896,1.232988584
1267.4317,5.035110343,1.247655898
1267.6317,5.038663287,1.262338711
1267.8317,5.042157726,1.277036792
1268.0317,5.045593594,1.291749907
1268.2317,5.048970828,1.306477822
1268.4317,5.052289363,1.321220303
1268.6317,5.055549138,1.335977118
1268.8317,5.05875009,1.350748031
