时间(s),X坐标(m),Y坐标(m)
212.321,-0.706217726,3.260207998
212.521,-0.506334394,2.999679328
212.721,-0.998667826,2.756408612
212.921,0.308135489,3.284500921
213.121,-1.770627242,3.748840485
213.321,0.054761524,2.945843373
213.521,0.860717463,2.724476118
213.721,0.132587549,2.86770873
213.921,-0.219380293,2.679545099
214.121,-0.418429268,3.421317213
214.321,-0.05293016,3.557370678
214.521,0.282247943,3.702333945
214.721,-0.094060414,2.08567114
214.921,0.053908709,3.662347734
215.121,-1.607061539,2.524938211
215.321,0.426181432,3.9133921
215.521,-0.160367952,3.921499831
215.721,-1.540935497,1.364248705
215.921,-0.005284805,2.451140041
216.121,-1.069838487,3.396169029
216.321,-0.133723986,2.663955089
216.521,-1.116800165,2.904012751
216.721,0.389093677,1.372476254
216.921,-0.086021604,2.730055135
217.121,0.640935755,3.439363974
217.321,1.056043848,3.048518421
217.521,0.381352294,3.032060629
217.721,-0.313559351,1.120432726
217.921,0.04446624,2.790369107
218.121,-0.250906844,2.063547224
218.321,-0.741709173,2.831718135
218.521,-1.810671803,1.402026502
218.721,-1.542457949,2.554916672
218.921,-1.56826811,1.549419072
219.121,-0.935273735,1.940507142
219.321,-1.635376921,3.885232643
219.521,0.026420519,1.133648505
219.721,-0.279321377,2.157898455
219.921,-1.9021997,1.386799521
220.121,-2.137459778,3.487201597
220.321,-0.798369621,2.492712607
220.521,0.061490396,0.516138031
220.721,-0.880204021,3.356923851
220.921,-1.740566925,1.134364863
221.121,-1.738556478,1.049727964
221.321,0.26787798,2.500354079
221.521,-0.478388558,2.978958253
221.721,-0.167612518,2.015935229
221.921,-1.100354435,0.745693851
222.121,-0.686297591,1.084933537
222.321,0.504639377,1.412979152
222.521,-0.792909434,0.815748041
222.721,-0.58032612,2.996865274
222.921,-1.657043971,2.583675608
223.121,-0.845072378,0.718267514
223.321,0.736592805,1.250741352
223.521,-1.269131237,-0.620478421
223.721,-0.03302698,1.325944291
223.921,-0.786601284,2.062323822
224.121,-0.081941045,2.460780564
224.321,0.568477153,-0.59376242
224.521,-0.314817891,2.038298757
224.721,-0.918431256,0.158798375
224.921,-1.663207846,0.416374521
225.121,-0.593314808,2.332958548
225.321,-0.078966928,2.375341633
225.521,-0.23468635,1.031009141
225.721,-0.517416348,1.995292793
225.921,-0.891050483,1.511318288
226.121,-0.352275775,0.65116544
226.321,-0.402952505,2.403731555
226.521,-0.134594684,0.615235966
226.721,-1.229917137,1.258474877
226.921,-0.325714303,1.581397642
227.121,0.96672951,1.611104945
227.321,-1.115062842,1.132438857
227.521,0.822152583,1.04644214
227.721,-0.528744208,0.471089918
227.921,-1.70267324,-0.012997396
228.121,0.652977538,1.504373274
228.321,0.520731546,0.690554936
228.521,-1.011333869,-0.140849253
228.721,-0.753813244,1.71171936
228.921,0.434637864,-0.032131355
229.121,-0.629328225,2.002785265
229.321,-0.305876038,0.913244836
229.521,-1.282905926,-0.341590928
229.721,-0.42675791,1.368700616
229.921,0.422873246,0.481444724
230.121,0.504567187,-0.243326804
230.321,-0.485375906,-1.123977035
230.521,-0.446275174,1.758949396
230.721,-0.47510853,1.211338763
230.921,-0.488468606,-0.305888848
231.121,-0.890649666,-0.148753216
231.321,1.099578919,0.906740559
231.521,-0.503360784,-1.126397332
231.721,-0.720561821,1.781663947
231.921,-0.569116562,3.090211647
232.121,-1.225030105,0.901216641
232.321,-0.670338154,1.037428523
232.521,-0.307821502,-0.397238835
232.721,-1.242668926,1.451108854
232.921,-0.262986421,1.841849924
233.121,0.317471983,0.551344183
233.321,-1.15891068,1.132450016
233.521,-0.303003796,2.065307392
233.721,-0.727113024,-0.198000795
233.921,0.239397865,0.086450717
234.121,0.572290556,0.418604941
234.321,0.610095552,0.399750653
234.521,-0.481302358,0.077195642
234.721,-0.389393108,0.032587047
234.921,-0.090576363,-0.426531517
235.121,-0.091905461,-1.337768804
235.321,0.901246575,-0.292174824
235.521,-0.50144724,-0.756263826
235.721,0.491938811,-1.041766528
235.921,-0.468902082,-0.423441564
236.121,-1.582235427,1.726964612
236.321,-1.190094395,0.721085745
236.521,-1.441691415,-2.447760979
236.721,-0.854763822,-0.579074657
236.921,0.911051692,-0.989943112
237.121,-0.209148486,-0.038665194
237.321,-0.719102545,-1.069316803
237.521,-0.390711753,-0.537287561
237.721,-1.406354825,-0.270805956
237.921,0.596740715,-1.165421257
238.121,-0.104974808,-0.285423822
238.321,-1.384564552,0.773959829
238.521,0.690109319,-1.177000959
238.721,1.506514665,0.045685685
238.921,-0.583150975,-0.481118482
239.121,0.648664084,0.851095728
239.321,0.689736707,-0.351989001
239.521,0.526394605,-1.034401706
239.721,0.003870449,0.777888891
239.921,0.93416378,-0.07286316
240.121,-0.441504694,-0.793638987
240.321,0.23246065,0.538676781
240.521,-0.152311215,0.771840155
240.721,0.305178493,-1.121620042
240.921,0.506989741,-1.386645961
241.121,-0.009224139,-0.427251174
241.321,-0.763051981,-1.754218105
241.521,0.743660183,-1.302926808
241.721,-0.097211253,-2.474349212
241.921,0.393571397,-0.825632711
242.121,0.687868953,-0.378205854
242.321,0.494643704,-1.165427091
242.521,2.620806697,-2.452201409
242.721,-1.195723409,-1.512454665
242.921,0.452097526,-0.899546275
243.121,0.6593004,0.519048042
243.321,1.280697763,-1.58489587
243.521,0.165775085,-0.656754013
243.721,0.706424309,-0.948272711
243.921,1.023777934,-0.2142972
244.121,-1.022223527,-1.176581486
244.321,1.065717583,-2.360036478
244.521,0.272939735,-1.589003387
244.721,1.397496931,-0.289003051
244.921,1.150936585,0.364806705
245.121,0.588618501,-2.645562494
245.321,0.080285538,-1.274135909
245.521,-0.257894165,-1.697281875
245.721,-0.094212067,-0.069343236
245.921,0.350808703,-0.89504134
246.121,0.389339321,-2.370764567
246.321,0.322543386,-0.941210197
246.521,0.725188167,-1.140096201
246.721,1.992407476,-1.556333709
246.921,1.032376324,-0.293784912
247.121,0.912192321,-3.307765422
247.321,0.322427911,-1.118567294
247.521,1.135034157,-2.940376561
247.721,0.498617711,-1.944741537
247.921,-1.354479439,-1.78188316
248.121,0.875588499,-1.324148129
248.321,1.727023908,-1.790803965
248.521,1.925356119,-1.81530298
248.721,1.271605237,-1.201531927
248.921,0.881955577,-3.016366809
249.121,-0.016290119,-0.780765715
249.321,1.265708893,-2.783293066
249.521,0.626139341,-1.220401023
249.721,0.372297542,-1.071544431
249.921,1.305907435,-1.972340968
250.121,0.843652385,-1.170503819
250.321,1.977813085,-2.567096917
250.521,2.223648333,-2.564702852
250.721,0.428687807,-1.097115942
250.921,1.308166084,-2.340436914
251.121,0.15603367,-1.597602072
251.321,1.438946338,-0.668732494
251.521,1.190475055,-0.777630076
251.721,2.497274757,-2.074278619
251.921,2.789805333,-0.60523842
252.121,2.143135747,-2.042467739
252.321,1.558993444,-1.777797337
252.521,1.470140232,-2.2549312
252.721,2.610791246,-2.05180656
252.921,1.899539483,-1.610715978
253.121,1.992817561,-1.897340305
253.321,1.151529684,-2.003303703
253.521,2.619363452,-3.049287072
253.721,2.345755032,-3.639481813
253.921,2.327441141,-2.97255665
254.121,2.873875841,-1.769110696
254.321,1.975433025,-2.937915206
254.521,0.922602479,-2.745220834
254.721,1.903082383,-3.079366714
254.921,2.16369101,-2.721966028
255.121,3.159334068,-3.838040887
255.321,2.024910938,-1.930558876
255.521,1.292976443,-1.603891638
255.721,2.626792222,-4.614184643
255.921,3.377135753,-0.844517649
256.121,2.70459021,-3.324786651
256.321,1.107450383,-1.648913331
256.521,2.898454651,-4.314146266
256.721,2.886646784,-1.104170956
256.921,1.132179318,-4.012852506
257.121,2.444557231,-2.442971314
257.321,3.039511896,-1.767505742
257.521,2.044817569,-3.225888412
257.721,3.04817881,-1.778128878
257.921,3.178076938,-1.570223722
258.121,3.237520878,-2.27447532
258.321,3.823762356,-2.285634548
258.521,0.947534296,-2.533019135
258.721,0.971034278,-2.253693401
258.921,2.506938552,-2.126071424
259.121,2.279721015,-0.766453068
259.321,2.785360939,-3.075499338
259.521,1.655660065,-2.251370208
259.721,4.596525225,-2.372048166
259.921,2.858114442,-3.256951122
260.121,2.155421837,-4.256059793
260.321,3.246514653,-2.372588418
260.521,1.908280589,-2.93271084
260.721,3.442205677,-3.619574389
260.921,2.777431447,-4.434074242
261.121,2.283974718,-2.622588706
261.321,2.94364411,-4.873369911
261.521,2.944988575,-2.116213219
261.721,3.695767509,-4.805328002
261.921,3.046401406,-3.870305356
262.121,3.268875057,-3.72892172
262.321,4.254661574,-1.976328049
262.521,3.143046079,-5.2452653
262.721,3.029614219,-4.684815247
262.921,3.411104386,-2.056000238
263.121,4.682636545,-4.299161569
263.321,4.934208666,-3.90710051
263.521,3.361182949,-4.159747429
263.721,3.952551635,-2.602349055
263.921,4.605532109,-4.226873708
264.121,3.202236442,-3.525338217
264.321,4.067856986,-3.118909365
264.521,3.173543792,-3.496691475
264.721,3.566988029,-2.910392271
264.921,2.70997318,-3.036708165
265.121,3.611153481,-3.429726449
265.321,3.467939761,-4.3690425
265.521,3.727962606,-2.610648964
265.721,4.360909688,-3.4089987
265.921,3.490720401,-2.029200875
266.121,2.914166107,-3.408132699
266.321,2.466640465,-3.004610609
266.521,3.36101956,-2.514850623
266.721,5.300212794,-4.691788909
266.921,5.447976442,-2.619112906
267.121,3.818534183,-4.564327171
267.321,4.021591621,-1.820333096
267.521,4.29855626,-4.553508743
267.721,5.067100431,-4.478694789
267.921,4.539538355,-4.199538742
268.121,4.453962454,-4.579928376
268.321,5.296601337,-4.174603549
268.521,4.530184453,-3.825053527
268.721,3.121991516,-4.593473857
268.921,4.756366515,-2.565273815
269.121,4.664513449,-5.443484087
269.321,6.251788442,-3.657907524
269.521,3.572249839,-3.217388561
269.721,6.056387698,-5.688095283
269.921,5.507559526,-3.679910776
270.121,5.809730138,-4.70160165
270.321,5.13916509,-3.530778147
270.521,4.073586248,-4.042645163
270.721,4.582544676,-3.634593905
270.921,6.928338834,-4.259983043
271.121,4.765023252,-4.591885198
271.321,6.088191656,-2.223846568
271.521,5.183960323,-3.609182363
271.721,4.103194293,-6.376787782
271.921,5.413617623,-4.322298757
272.121,5.538788949,-4.160003507
272.321,5.75111028,-5.285680116
272.521,5.960765133,-4.131130553
272.721,6.475591175,-4.700631549
272.921,5.509947704,-3.042815151
273.121,4.718542113,-3.969222371
273.321,7.233676915,-4.015346564
273.521,6.146740482,-4.34695258
273.721,6.162823997,-4.575377903
273.921,5.767562421,-4.347102084
274.121,6.739332717,-5.871274447
274.321,5.207621193,-4.537741396
274.521,4.788251969,-3.593279705
274.721,6.367299672,-5.344725475
274.921,5.153284341,-3.246189517
275.121,6.288998505,-3.89497467
275.321,6.013057143,-4.553280438
275.521,6.087110558,-4.159727653
275.721,6.012316461,-4.104272005
275.921,6.365563776,-3.238109716
276.121,6.738685894,-5.311947108
276.321,4.852179526,-4.847889629
276.521,6.312372088,-4.465630675
276.721,5.153903694,-5.00305289
276.921,5.347579976,-4.160338872
277.121,6.144022728,-4.352113645
277.321,6.242487655,-2.511722094
277.521,8.561638167,-4.508070535
277.721,6.982102946,-4.57207476
277.921,6.883277113,-4.267113557
278.121,6.208438954,-3.89639588
278.321,7.039499749,-3.534322034
278.521,7.073517723,-5.230652282
278.721,6.446503186,-3.871172057
278.921,5.574353336,-4.3257588
279.121,7.059263598,-5.287772815
279.321,6.206941241,-3.718461345
279.521,6.441785935,-4.198547024
279.721,5.889326934,-2.92027437
279.921,6.224064602,-3.742363626
280.121,7.185618044,-5.22527991
280.321,7.334807739,-4.153470094
280.521,8.244641924,-4.757916987
280.721,6.821934876,-5.440497303
280.921,5.934587175,-3.968748676
281.121,7.627808158,-4.587798545
281.321,7.93072279,-3.376578961
281.521,7.291981629,-5.578668042
281.721,7.55553326,-5.521172315
281.921,9.04820749,-4.430044886
282.121,7.313341877,-4.861044723
282.321,6.356689451,-5.598941065
282.521,9.048612793,-3.648078468
282.721,7.106553448,-4.64603173
282.921,7.076305887,-4.619491963
283.121,7.718457592,-5.967685713
283.321,6.627608065,-5.202413716
283.521,7.787824103,-4.635979825
283.721,8.864256487,-2.932639093
283.921,9.164304513,-5.957128696
284.121,7.854172802,-5.584022573
284.321,8.9605669,-4.97807751
284.521,8.297696727,-4.963256257
284.721,8.027863222,-4.771516903
284.921,9.473622706,-6.259544998
285.121,7.999088132,-3.235436891
285.321,6.963016283,-5.764610414
285.521,8.290346378,-3.681103265
285.721,8.499591942,-5.004010221
285.921,8.662028191,-3.151655165
286.121,7.921343671,-6.423360158
286.321,8.754786582,-5.680363335
286.521,8.712364755,-5.8709307
286.721,10.474262,-5.195930915
286.921,9.16211652,-5.038219926
287.121,8.98997187,-3.900257437
287.321,8.42484847,-4.848497571
287.521,9.92408433,-5.063779605
287.721,8.681358314,-4.98115245
287.921,9.533385187,-6.488997854
288.121,10.38365842,-5.128457971
288.321,8.760640975,-3.623951334
288.521,8.99049029,-4.621872847
288.721,8.244735192,-2.581085174
288.921,8.61072793,-4.39147974
289.121,9.847411593,-5.846971508
289.321,9.364928345,-5.93187704
289.521,8.832104813,-3.341710535
289.721,9.885250808,-4.076834213
289.921,10.48811441,-6.371248367
290.121,11.4514455,-7.295016415
290.321,10.15922354,-6.022160496
290.521,10.77936023,-3.874199036
290.721,9.864739076,-5.331130754
290.921,9.163506975,-5.561705813
291.121,10.18288613,-4.860469145
291.321,12.13179352,-6.065666987
291.521,9.859779271,-3.98200542
291.721,10.31207061,-5.388372607
291.921,9.898172483,-5.013022334
292.121,8.360618051,-5.821930196
292.321,10.10009295,-4.704777893
292.521,9.983678095,-4.216372862
292.721,10.68819313,-5.272468132
292.921,10.37618889,-6.542381957
293.121,11.37970184,-6.066080894
293.321,10.498839,-4.977166047
293.521,10.56771268,-5.475358361
293.721,9.085309771,-4.128796778
293.921,10.8042855,-6.295208163
294.121,10.81904253,-4.58653526
294.321,12.05645123,-5.00074805
294.521,10.0839083,-4.465435128
294.721,11.11873249,-6.6127272
294.921,11.82149657,-5.985661097
295.121,10.73733186,-4.439333858
295.321,10.71003125,-5.958098939
295.521,12.54687028,-4.131602591
295.721,10.82712477,-5.184157582
295.921,9.970887964,-4.469007106
296.121,12.72254093,-3.879813182
296.321,11.84300823,-4.903837221
296.521,11.26202053,-6.106581861
296.721,11.43063968,-6.097412899
296.921,11.60262523,-4.364211553
297.121,11.32591661,-4.885094321
297.321,12.17705413,-5.834095444
297.521,12.61806175,-5.102907846
297.721,11.84025289,-6.334077133
297.921,11.64312388,-4.717240995
298.121,12.22355103,-6.532797937
298.321,11.59558607,-6.572504373
298.521,12.12643529,-3.273646972
298.721,10.99551819,-4.363649052
298.921,12.48838363,-3.537924809
299.121,12.84939578,-5.398489179
299.321,13.32388228,-5.337124417
299.521,13.57187576,-4.194474552
299.721,12.93695197,-5.6834728
299.921,13.69225098,-6.413439598
300.121,13.1424432,-6.2965432
300.321,13.0273344,-5.397969937
300.521,12.49276413,-4.477832706
300.721,12.72671121,-5.554575174
300.921,12.13418045,-5.515062247
301.121,11.68885714,-4.779314046
301.321,12.97801559,-6.953494079
301.521,13.81774365,-4.530060746
301.721,12.62359614,-4.014226917
301.921,14.28550079,-5.105817364
302.121,12.9492153,-5.761323381
302.321,12.93021505,-3.437575811
302.521,14.21277991,-4.072121927
302.721,13.37283446,-4.738401155
302.921,13.81989932,-5.333384595
303.121,13.0150477,-5.209604358
303.321,13.46402849,-5.987488599
303.521,13.98996855,-5.299351365
303.721,14.4072319,-6.513914539
303.921,13.29505463,-5.958430086
304.121,12.78240737,-6.565423271
304.321,15.12011826,-5.383584482
304.521,14.71425902,-5.32644904
304.721,14.29606076,-3.967097026
304.921,14.83095405,-5.662178942
305.121,13.5965635,-6.998922564
305.321,13.02713805,-4.892596606
305.521,14.26072798,-4.920159988
305.721,14.54394247,-4.617038699
305.921,12.9642613,-6.694571731
306.121,14.24038638,-6.60487003
306.321,14.11526898,-4.551039021
306.521,13.86803776,-4.645101507
306.721,15.21845677,-4.031477869
306.921,13.90571067,-6.88656991
307.121,13.82745827,-4.717234572
307.321,13.66201824,-6.726639093
307.521,14.53163352,-5.403532819
307.721,14.37188424,-5.491232031
307.921,14.50104652,-5.506024304
308.121,16.00829088,-3.951851697
308.321,15.73450197,-4.753696407
308.521,14.90529885,-5.127168419
308.721,16.1987746,-4.81885393
308.921,14.62040105,-5.885493645
309.121,13.01836709,-7.374779114
309.321,16.11640504,-5.899256816
309.521,14.80758996,-6.338279897
309.721,14.84611894,-4.395961788
309.921,16.1792503,-5.750668903
310.121,16.62141836,-6.574552856
310.321,14.02526433,-6.72179612
310.521,15.97719704,-5.041871387
310.721,14.26524615,-5.641662879
310.921,15.17370332,-4.87207643
311.121,16.03507913,-6.043960763
311.321,15.81472922,-4.890320461
311.521,15.97406434,-4.392925643
311.721,16.7547171,-5.704289441
311.921,15.18270432,-3.705295643
312.121,15.52273825,-6.590491438
312.321,16.07981549,-3.844221549
312.521,15.99121755,-4.276554829
312.721,16.76043484,-4.895819612
312.921,16.1034328,-4.145073771
313.121,16.7463621,-5.410788496
313.321,15.68481091,-6.644592399
313.521,17.00388581,-4.730537474
313.721,16.28655181,-6.132834031
313.921,16.40228653,-5.730896526
314.121,15.71401574,-4.943052723
314.321,16.45610183,-5.126537972
314.521,16.00684257,-4.704278471
314.721,15.94641644,-4.142673972
314.921,16.38538891,-3.802875743
315.121,17.04774231,-5.339295151
315.321,15.84095615,-5.959494532
315.521,16.89659425,-4.528946133
315.721,17.68488812,-5.020051985
315.921,16.74042194,-5.815462218
316.121,17.68821628,-4.731326216
316.321,16.76071371,-5.801322589
316.521,17.06315443,-5.425060714
316.721,15.53259243,-4.706334931
316.921,16.04670181,-3.223671174
317.121,16.56252197,-5.492879343
317.321,16.59807944,-2.582124064
317.521,16.22128445,-6.219533148
317.721,15.74120709,-4.144795154
317.921,15.28313549,-7.145971754
318.121,18.06455452,-3.194743699
318.321,17.75254052,-3.864854165
318.521,18.40418858,-3.418839153
318.721,18.37834367,-5.368364886
318.921,16.77128253,-4.059532281
319.121,18.44718159,-4.705216565
319.321,16.80904833,-5.514385743
319.521,18.34904127,-4.042893911
319.721,17.43143653,-5.296758609
319.921,18.18346869,-5.466358541
320.121,17.92078778,-5.072545722
320.321,18.69915075,-4.739812848
320.521,17.90300233,-6.078253484
320.721,16.76220071,-5.817598244
320.921,18.62564492,-3.970844636
321.121,18.68872026,-5.83694703
321.321,18.4507831,-5.314314973
321.521,17.6650021,-5.382313257
321.721,18.26341738,-3.770800654
321.921,17.84509563,-4.354654297
322.121,18.24766977,-5.319137924
322.321,18.81906672,-5.222553864
322.521,18.70949702,-5.710306874
322.721,17.36462871,-5.059434324
322.921,18.83116022,-5.122961939
323.121,19.36424147,-3.700209186
323.321,18.35651395,-5.427532028
323.521,19.1674762,-5.807301203
323.721,18.32235072,-5.325269026
323.921,17.43291414,-6.841880358
324.121,19.35268128,-4.464581991
324.321,18.20596503,-3.670606304
324.521,17.79430283,-5.301645711
324.721,16.81674248,-6.449685826
324.921,19.26474924,-4.817726252
325.121,19.86834429,-3.952841465
325.321,18.43324792,-5.452487757
325.521,18.23506135,-4.885994856
325.721,19.596414,-5.745855788
325.921,18.84182128,-5.239314381
326.121,18.68239675,-4.431481098
326.321,18.4465293,-4.742457811
326.521,20.00975195,-4.781419857
326.721,19.14976892,-4.420077882
326.921,19.40108481,-4.966494482
327.121,19.07347423,-4.359335886
327.321,21.48618414,-5.003543423
327.521,20.23909878,-4.312483493
327.721,19.09296944,-5.474338276
327.921,19.18688178,-2.578170976
328.121,20.40542996,-5.510198236
328.321,19.88370708,-3.517959576
328.521,19.44467726,-5.061668114
328.721,19.0512784,-5.86970074
328.921,20.40281169,-5.254894538
329.121,20.55979523,-4.633707405
329.321,19.57743749,-4.468931603
329.521,19.82711617,-5.197823357
329.721,18.33879574,-5.487124063
329.921,19.53546084,-2.724490142
330.121,19.86168512,-4.122299081
330.321,20.8510211,-3.736834534
330.521,20.4093099,-5.518603247
330.721,20.56344449,-4.982108927
330.921,20.78787633,-5.011821891
331.121,20.45156721,-3.163031274
331.321,19.6170409,-4.714657542
331.521,19.76956472,-2.74662805
331.721,20.50526177,-5.03081408
331.921,20.88747067,-3.895598018
332.121,20.62789679,-3.469024714
332.321,20.67090826,-2.331579197
332.521,21.38518816,-4.827209639
332.721,20.74154426,-3.914990328
332.921,20.48022058,-4.620490773
333.121,20.5542906,-3.825172152
333.321,19.28772939,-4.71101028
333.521,21.47002367,-3.835888378
333.721,23.43137349,-4.750877719
333.921,21.14212092,-4.35688455
334.121,21.58839513,-3.56940514
334.321,20.49561933,-4.538373468
334.521,20.17301827,-4.983136067
334.721,20.89030503,-3.520522584
334.921,21.49962157,-3.764811236
335.121,21.50343404,-6.014595633
335.321,20.69247874,-3.235144156
335.521,21.36939782,-3.496072527
335.721,21.73209627,-3.145075199
335.921,20.9357529,-3.716853113
336.121,21.09591307,-4.356599739
336.321,21.30196529,-4.235890033
336.521,20.85734817,-3.572802013
336.721,21.69375904,-4.554924412
336.921,21.35400329,-3.008337939
337.121,22.47269664,-2.970319371
337.321,21.34740232,-3.68977434
337.521,22.36184849,-3.354220346
337.721,21.90412994,-2.675409705
337.921,22.21613572,-4.376340927
338.121,21.56966905,-4.022589831
338.321,21.61675502,-3.761210096
338.521,21.16549707,-4.483149294
338.721,22.5717926,-4.373165784
338.921,21.49150278,-2.153297414
339.121,20.37713781,-2.0846051
339.321,22.9278297,-3.256226507
339.521,20.98050586,-4.492716984
339.721,22.14610024,-4.856823076
339.921,22.55549894,-2.312208801
340.121,20.95308135,-2.245561438
340.321,22.60728024,-3.273690656
340.521,22.58019801,-1.601131503
340.721,22.79246517,-3.100355777
340.921,21.86488916,-2.555790896
341.121,21.38645891,-2.890753955
341.321,23.55516456,-4.288336719
341.521,22.58795103,-4.444605111
341.721,21.72651703,-3.913159461
341.921,21.89780596,-3.764699925
342.121,23.06067668,-4.620475906
342.321,22.88772835,-3.595534104
342.521,22.23550789,-4.545164036
342.721,22.7605947,-3.505916449
342.921,23.57846697,-3.793302888
343.121,23.30279507,-3.075797702
343.321,23.0040101,-4.89835012
343.521,21.7604845,-4.727623143
343.721,22.66988708,-3.453407735
343.921,23.63184378,-3.383798411
344.121,23.22455355,-5.802534427
344.321,22.87738883,-3.854854054
344.521,24.4615644,-3.37843701
344.721,22.92979157,-2.515004034
344.921,22.76074816,-3.276872457
345.121,23.38571327,-2.411056618
345.321,24.97158371,-3.437650754
345.521,24.3675286,-3.409960079
345.721,22.50815193,-2.657743155
345.921,23.87622859,-2.712502348
346.121,24.28116118,-3.103823737
346.321,23.09881841,-2.38837312
346.521,23.06266704,-1.600927772
346.721,22.84522395,-2.396574351
346.921,22.99435232,-3.164016741
347.121,22.05779812,-3.807998787
347.321,23.15285898,-3.891118802
347.521,24.33792604,-2.473081623
347.721,23.38577859,-2.94808504
347.921,25.07977976,-1.943172462
348.121,22.78177734,-2.679477804
348.321,23.97661559,-3.004635495
348.521,23.48378178,-3.687097652
348.721,23.99290455,-1.852038166
348.921,23.85664024,-0.847544979
349.121,23.33364695,-1.147368456
349.321,23.97260898,-3.065035262
349.521,25.12336175,-2.97929262
349.721,23.62154854,-3.54785603
349.921,24.06975178,-2.67879931
350.121,24.57201046,-3.869528545
350.321,24.65873332,-3.615999392
350.521,24.15931228,-1.905095056
350.721,24.86307498,-1.627171748
350.921,24.65625063,-2.441669527
351.121,25.10425009,-2.026860862
351.321,25.05255397,-1.348958313
351.521,24.94731307,-2.341850815
351.721,25.84577528,-2.151490589
351.921,24.43603386,-1.392673143
352.121,24.75774868,-1.710139737
352.321,24.25082417,-2.073838365
352.521,24.8695571,-2.307497847
352.721,24.42718626,-2.577795703
352.921,23.81303305,-3.695941316
353.121,23.39509832,-1.627964112
353.321,25.18574351,-1.338080233
353.521,25.07204661,-1.827742398
353.721,24.57919858,-2.005123633
353.921,24.55446022,-2.705579661
354.121,25.88911392,-2.757462398
354.321,25.11749267,-1.852369296
354.521,24.42206421,-3.125009503
354.721,24.69676105,-2.758752012
354.921,24.89385034,-0.980824558
355.121,24.24618988,-1.436426696
355.321,24.89386917,-1.456802488
355.521,26.71278544,-1.953584748
355.721,25.10227035,-2.838702514
355.921,25.27488164,-3.415975526
356.121,26.19566653,-2.628127904
356.321,24.9991392,-3.421118925
356.521,24.69400528,-1.524465815
356.721,25.34871235,-2.889035551
356.921,25.82844631,-1.095652361
357.121,25.60383137,-2.917195011
357.321,25.7741998,-1.736420914
357.521,25.17041092,-2.305620014
357.721,24.17793112,-1.055730995
357.921,25.26778622,-0.85287254
358.121,25.51194917,-2.254973752
358.321,25.48322267,-1.692681112
358.521,25.56127804,-0.493568058
358.721,24.71436074,-1.822308204
358.921,25.11225202,-0.756252133
359.121,25.17326497,-1.173775711
359.321,25.23609515,-2.7193441
359.521,25.03180358,-1.654874867
359.721,24.9626725,-2.079284412
359.921,26.5136877,-0.536561519
360.121,26.59731439,-1.625351338
360.321,25.15459067,-0.274429504
360.521,25.31501889,-1.865215623
360.721,24.7571113,-0.973603933
360.921,25.53165122,-1.273038816
361.121,26.68190811,-2.781044138
361.321,26.98381838,-0.903693501
361.521,25.66594144,-2.412684621
361.721,26.18706322,-0.540023164
361.921,24.58173099,-0.965572915
362.121,26.79329719,0.41157967
362.321,26.75830537,-2.338829953
362.521,24.26398924,-1.166830581
362.721,25.55716371,-2.107337769
362.921,26.56273921,0.222913785
363.121,24.64336591,-1.163785882
363.321,25.64456284,-1.449672414
363.521,25.35914684,-0.767348876
363.721,26.47457732,-1.262980596
363.921,26.25754417,0.236437005
364.121,25.47381918,-1.319157308
364.321,25.97544568,-0.856590518
364.521,26.81916644,-0.492387747
364.721,25.67363241,-0.571455183
364.921,25.57241192,-1.286592499
365.121,26.83425618,-0.700439461
365.321,26.27492626,-0.347920021
365.521,25.46830952,-1.689994291
365.721,25.03691036,-1.465813807
365.921,26.1034946,-0.65424227
366.121,26.72290173,0.147173563
366.321,25.98031211,-0.741465534
366.521,26.55730683,0.802811744
366.721,27.67485259,1.301381579
366.921,25.09820227,-1.485433172
367.121,25.13965807,1.113439528
367.321,27.25195246,-1.426717343
367.521,26.42743063,-0.596921089
367.721,26.81012604,-1.668449237
367.921,27.35314907,0.687569055
368.121,26.63372105,0.360822323
368.321,25.50835335,0.843844628
368.521,25.8685277,-0.301065185
368.721,27.16529974,-1.451822686
368.921,25.23924249,-1.083690611
369.121,26.3567411,-0.28417634
369.321,26.88629332,-0.480354806
369.521,26.88585473,1.216801519
369.721,26.0002895,0.054447239
369.921,26.60927046,-0.850521742
370.121,26.54925065,-0.041414351
370.321,25.74314831,-1.216481995
370.521,24.7159686,-1.012275677
370.721,26.61532263,-0.341756578
370.921,25.90319983,0.301890271
371.121,27.31576756,0.017449036
371.321,25.8562202,0.966588677
371.521,26.57478502,0.984146998
371.721,26.90156737,-0.700876804
371.921,26.91383357,0.364097085
372.121,27.31758724,-0.351451715
372.321,26.60460925,0.902859011
372.521,28.04281331,-1.328191565
372.721,25.6410185,0.146833801
372.921,28.21585697,-0.711628221
373.121,27.19428311,1.24205918
373.321,25.49086027,1.318324962
373.521,26.91298515,-0.554637261
373.721,27.1325838,0.659704612
373.921,26.09293107,0.810504875
374.121,25.4189159,0.012634747
374.321,27.09510365,0.418775411
374.521,25.29578986,-0.42036902
374.721,26.24232853,0.474049077
374.921,28.52418696,1.682365684
375.121,26.31207777,-0.326886086
375.321,26.78407729,2.106798761
375.521,27.7398975,0.252779871
375.721,26.53154672,1.5431585
375.921,26.50289044,-0.50124695
376.121,27.23251624,0.384655453
376.321,26.27270908,0.618644798
376.521,26.10574409,0.672911908
376.721,26.57627825,-0.970738008
376.921,28.09753915,0.917458182
377.121,28.61650489,2.559657408
377.321,25.81318008,1.517130173
377.521,25.85151264,2.32814216
377.721,26.77804021,0.830703053
377.921,27.11057121,0.245353754
378.121,26.61479013,0.654921481
378.321,27.17546149,0.300033474
378.521,26.95444691,0.574240389
378.721,27.18240136,-0.679121539
378.921,25.69686431,1.738529664
379.121,26.51494947,3.037466343
379.321,28.06603184,0.995089222
379.521,26.39802536,1.02112689
379.721,26.27203418,2.009480899
379.921,27.20351003,1.183754905
380.121,27.89882596,1.470619181
380.321,27.11604547,0.434815717
380.521,27.01287066,1.024462505
380.721,26.30143391,0.713099818
380.921,27.09757971,0.170261647
381.121,27.68876613,2.648679653
381.321,28.24806846,2.216272539
381.521,26.46915023,-0.37033183
381.721,26.19276884,1.344651498
381.921,27.45285868,0.49139647
382.121,26.40443048,1.495355844
382.321,27.12847055,1.569494533
382.521,27.21207516,2.983471075
382.721,26.23855236,0.905982461
382.921,26.8392555,1.985342725
383.121,26.951889,2.383027828
383.321,28.12172676,1.835075198
383.521,26.20031309,1.26364905
383.721,26.87603783,2.118754576
383.921,26.14308931,2.779473701
384.121,26.38519731,1.039379701
384.321,27.90660782,2.037880234
384.521,26.91442689,2.92845758
384.721,25.56968309,0.71978976
384.921,27.48222676,1.681781907
385.121,25.59323203,2.367081772
385.321,26.11817496,2.166119802
385.521,26.06716331,1.53630753
385.721,26.28407044,1.293000078
385.921,25.7464691,1.658736038
386.121,27.23713304,3.538284596
386.321,25.94748088,2.020963523
386.521,25.41487645,0.939661337
386.721,25.05340693,2.337873576
386.921,27.24402644,3.51194664
387.121,26.95268862,2.812111831
387.321,25.91892672,2.505926185
387.521,26.9530801,2.030368078
387.721,27.64153842,1.600108047
387.921,26.35500781,3.710244391
388.121,26.29772377,2.168938429
388.321,25.77088755,1.929673257
388.521,27.55297253,2.618830751
388.721,25.70284736,2.33740268
388.921,26.47164586,1.839631825
389.121,25.89716121,3.399132426
389.321,26.30912319,2.732922554
389.521,25.35312406,3.349758244
389.721,26.76084201,1.592266089
389.921,26.67645676,2.762849109
390.121,25.07909425,3.501265694
390.321,27.46436006,2.238516158
390.521,27.50220983,3.910916711
390.721,25.30567079,2.239561089
390.921,24.82191463,2.140064026
391.121,26.6070827,2.265030984
391.321,25.92296384,2.400274679
391.521,26.41321675,2.830035536
391.721,25.51672531,2.526025025
391.921,27.56563478,5.131399702
392.121,26.92971549,2.269771916
392.321,27.39437229,3.22106914
392.521,26.69475772,3.588212997
392.721,26.81395292,2.051354073
392.921,25.92425984,1.831580463
393.121,26.75388348,0.702753021
393.321,25.36834096,2.695459836
393.521,27.51909607,3.516180149
393.721,26.04657999,4.421922726
393.921,24.52713206,2.614336068
394.121,25.51187156,3.192779139
394.321,25.4992511,2.311800947
394.521,26.24129932,2.993263514
394.721,25.75721042,3.656216442
394.921,25.35672667,2.456242258
395.121,25.46385748,2.475243291
395.321,26.98496696,1.548357751
395.521,27.031447,3.221564211
395.721,25.89469538,4.38713354
395.921,25.73309804,1.954610788
396.121,26.64824842,4.093709778
396.321,25.22609045,4.187931642
396.521,26.87771073,3.453262277
396.721,25.7459967,3.407452955
396.921,25.64406658,3.625641714
397.121,27.44597279,3.107343734
397.321,26.25293853,3.800607197
397.521,25.66269664,5.453040853
397.721,26.07115898,3.599503036
397.921,25.58611066,3.995787022
398.121,25.98992622,3.406591753
398.321,25.8917668,4.271964314
398.521,26.61436238,5.761043588
398.721,26.13624436,4.426710762
398.921,25.69371141,2.770359241
399.121,24.88593212,3.912950594
399.321,25.20270887,3.230352988
399.521,26.9905673,3.571727878
399.721,27.18712717,5.357261792
399.921,24.98038585,2.85581768
400.121,26.84589182,5.205256777
400.321,24.72155958,4.276351496
400.521,24.57732188,3.644500992
400.721,26.31039824,4.310325178
400.921,25.15374727,4.923346925
401.121,25.86511067,4.750884665
401.321,26.11457935,3.796705556
401.521,24.77748176,4.40012494
401.721,25.04468757,4.469778764
401.921,25.38218385,3.393821295
402.121,24.70008767,3.337527648
402.321,25.52370723,5.372745421
402.521,25.74544449,3.748967422
402.721,24.78320296,3.535929889
402.921,25.62840955,4.309954427
403.121,25.74123204,3.956757491
403.321,25.19590231,4.797082126
403.521,23.74630154,5.346419184
403.721,26.13783373,6.362719197
403.921,25.69021143,4.028935937
404.121,24.95262132,4.51538444
404.321,25.92808353,4.715144115
404.521,25.78319292,6.041955072
404.721,25.50834581,3.960538317
404.921,24.87112578,3.664942021
405.121,25.34274532,4.343929149
405.321,24.65669894,4.858670543
405.521,24.04912324,4.977872705
405.721,25.26163282,4.228259848
405.921,24.32981432,5.297662769
406.121,25.49762821,4.167736805
406.321,25.05196271,2.965270355
406.521,25.21932835,3.942021661
406.721,24.34815765,4.920306595
406.921,24.94707593,4.075578362
407.121,24.83118574,4.107952284
407.321,24.78402434,4.671453364
407.521,25.40209949,3.719591484
407.721,24.30052816,4.210862561
407.921,24.19857717,4.620494989
408.121,23.38191998,7.385666824
408.321,25.00551063,5.284422808
408.521,24.98164593,4.810089026
408.721,24.33196688,4.121033959
408.921,24.33464608,5.936472759
409.121,23.66224472,4.816137865
409.321,25.50746628,4.528065341
409.521,24.43541841,4.619112028
409.721,24.70259142,5.135814609
409.921,24.22079866,6.147050325
410.121,25.21654036,6.566786491
410.321,23.14435714,5.517725926
410.521,25.05074551,6.97590022
410.721,23.29723051,4.078857094
410.921,23.37937059,4.665105574
411.121,24.16916453,6.149367236
411.321,23.31137782,5.96422686
411.521,25.26390396,5.654922708
411.721,23.08806643,4.763232526
411.921,24.85649015,5.492348998
412.121,24.85977705,5.711276712
412.321,23.01044956,6.912154502
412.521,25.46025847,7.116920988
412.721,23.05430548,5.0695134
412.921,23.63620476,5.212661024
413.121,25.8894405,5.518214454
413.321,25.39062185,5.48509913
413.521,22.88551753,3.20185652
413.721,24.3002227,4.434363491
413.921,23.47697811,5.121630945
414.121,24.27729011,3.840019523
414.321,24.9751248,5.859628099
414.521,24.46542153,5.282337449
414.721,23.64735588,5.774757471
414.921,23.7513579,5.2893443
415.121,24.20850246,6.627951744
415.321,24.53293571,5.890121756
415.521,24.33196404,6.079892476
415.721,24.43224159,4.206895211
415.921,23.37311208,5.737789017
416.121,24.51701785,5.38564737
416.321,23.45907802,5.930550153
416.521,23.67696232,4.902140324
416.721,22.50673373,4.34787724
416.921,24.65360301,5.965193583
417.121,24.16987423,5.647773896
417.321,22.54460996,6.230808663
417.521,22.29042303,7.713717194
417.721,24.47237791,5.558944375
417.921,23.42481262,5.530511186
418.121,22.21553304,6.621976574
418.321,24.1441776,6.616968274
418.521,23.33134532,6.647936753
418.721,23.62587906,5.957519009
418.921,22.85336597,6.108316747
419.121,22.4901431,8.696924635
419.321,23.58529154,5.253112177
419.521,23.30172216,5.087532628
419.721,23.97683075,7.085781032
419.921,22.1452374,5.827626503
420.121,24.29543707,6.053305071
420.321,23.53736075,6.352774964
420.521,23.51872826,6.093401045
420.721,21.44553499,5.818404742
420.921,23.55629758,4.924560936
421.121,23.92067545,4.112283925
421.321,21.71454825,5.416052688
421.521,24.28516813,5.511241196
421.721,22.85798774,6.314940165
421.921,21.45259104,6.023347026
422.121,23.28611776,6.081472983
422.321,23.10681322,7.445860862
422.521,23.21441825,8.11869806
422.721,20.68341912,7.020565611
422.921,21.92342571,4.740789349
423.121,22.76129924,7.246943785
423.321,22.87354252,6.082995812
423.521,21.13474242,5.341120598
423.721,22.50861881,6.771901464
423.921,21.9373491,6.844564844
424.121,22.26224761,6.774579915
424.321,21.72187626,5.209722014
424.521,21.00218537,7.408356486
424.721,22.63943618,6.483406983
424.921,20.58355763,5.773510601
425.121,22.15179108,7.26963531
425.321,21.40965827,5.693145202
425.521,22.14482385,6.909887436
425.721,22.22230745,7.045224338
425.921,21.71884843,4.851610132
426.121,22.39273523,4.768426099
426.321,21.62185449,5.938568614
426.521,22.44928725,7.325354942
426.721,21.30349361,8.020830158
426.921,19.96650804,6.702551502
427.121,21.23129163,6.758749694
427.321,20.00760044,6.823317091
427.521,23.38789517,6.501151064
427.721,20.97728619,6.54913096
427.921,21.51934738,6.477458451
428.121,19.64942185,8.189134805
428.321,21.5141618,5.466144613
428.521,23.07610197,7.300202354
428.721,21.5410859,7.104362546
428.921,19.57756032,7.271294124
429.121,20.57394311,6.437091162
429.321,21.63490085,7.023049162
429.521,21.70821741,7.853455529
429.721,20.60334555,6.99923617
429.921,22.09414795,6.246116454
430.121,20.4067535,5.174646123
430.321,20.04933046,7.445351576
430.521,20.04204066,8.150674107
430.721,21.34431036,7.10259265
430.921,19.98314698,6.900335131
431.121,20.49452232,7.768957102
431.321,20.18294262,8.417410003
431.521,21.23937153,7.324698621
431.721,19.74579942,5.311424862
431.921,20.52225409,7.802023187
432.121,20.05550794,7.512943119
432.321,22.53018458,7.120664812
432.521,21.43835747,6.709936976
432.721,21.46531371,7.154251092
432.921,20.12711473,7.906447764
433.121,19.80580777,6.793130783
433.321,20.65623114,8.290801945
433.521,18.91841452,8.192837997
433.721,19.76142119,7.291484921
433.921,18.83207304,7.564420404
434.121,19.97185477,7.48588121
434.321,20.81778641,7.754776335
434.521,20.01988553,6.236258071
434.721,19.82119862,7.000167209
434.921,18.78851979,7.997468702
435.121,18.68927571,6.153201724
435.321,19.53569478,7.048583676
435.521,20.00834245,8.247764754
435.721,20.33735988,7.502070119
435.921,19.84763987,7.311423124
436.121,20.7359858,8.369485192
436.321,19.69682586,5.889487549
436.521,19.11552179,8.349517416
436.721,20.59919787,6.643989285
436.921,19.53489242,8.27650643
437.121,20.95177264,7.31972851
437.321,20.61488145,8.03978633
437.521,17.37362454,7.307806833
437.721,18.68112333,8.652304491
437.921,17.18708818,7.131212689
438.121,18.11590884,6.632228824
438.321,19.54997937,7.746085921
438.521,18.68486798,7.180041822
438.721,19.52288986,6.560963796
438.921,18.09549998,6.718180883
439.121,19.16673982,7.00186792
439.321,18.50361073,7.280051863
439.521,18.41394103,7.811098325
439.721,19.4617256,7.794419195
439.921,17.76440621,7.573232166
440.121,18.09953672,5.968827121
440.321,19.83403981,8.258337891
440.521,20.0853291,7.215519903
440.721,19.2166904,7.450771833
440.921,17.95059939,6.476485986
441.121,16.14909088,8.500270733
441.321,17.24614755,7.804996033
441.521,17.66543095,8.257904625
441.721,18.06357925,6.957075882
441.921,17.82910888,7.150838305
442.121,17.14783092,7.756993483
442.321,19.99888975,7.534598313
442.521,16.6221924,6.240430086
442.721,19.03608322,7.046547673
442.921,19.04899678,6.967833407
443.121,18.46991636,9.809424804
443.321,16.24176923,7.493300174
443.521,17.43174297,6.833977599
443.721,17.25567284,7.57637775
443.921,17.94758835,8.696181001
444.121,18.47762225,7.090191371
444.321,16.51831303,6.91008988
444.521,18.65851926,8.275559175
444.721,18.51066443,7.022570156
444.921,16.03319788,7.933112485
445.121,17.61466955,8.784387546
445.321,16.17086263,7.525211098
445.521,17.99007691,8.899834873
445.721,17.53618393,7.548042429
445.921,16.72118149,6.638555911
446.121,16.77208774,7.537140246
446.321,16.33896682,8.337974843
446.521,15.67947506,6.358654072
446.721,15.96239969,7.289033931
446.921,16.41937738,7.802271109
447.121,18.58153214,7.873042818
447.321,15.53484325,7.729756636
447.521,17.38785585,7.812691507
447.721,15.60603488,6.670417825
447.921,16.41615029,6.34304098
448.121,16.47803635,8.223065714
448.321,15.4574602,9.377692854
448.521,15.13487484,8.012552555
448.721,16.65581599,8.297010821
448.921,17.39133622,7.188109603
449.121,15.92548121,6.867756326
449.321,17.15507974,7.562934138
449.521,16.16669273,7.623681674
449.721,16.38292302,6.68069366
449.921,15.5799642,7.179583372
450.121,13.95629643,8.243980692
450.321,15.77201085,7.58650015
450.521,15.27838831,7.464901178
450.721,15.90621983,8.397116236
450.921,15.97704938,7.792232949
451.121,15.39087837,8.032797489
451.321,15.18149666,7.288038312
451.521,15.96420611,6.009028159
451.721,15.00160774,6.49039563
451.921,15.58190035,8.610911676
452.121,15.9157905,8.81728432
452.321,15.11439567,8.607464705
452.521,15.86005892,6.667517414
452.721,15.07075158,6.337038583
452.921,15.01229577,9.975032693
453.121,16.02381395,7.653726965
453.321,15.4978801,10.75542092
453.521,14.54696576,8.529862183
453.721,15.36399203,9.829253568
453.921,14.96131394,7.881045755
454.121,14.57142977,8.277424419
454.321,14.17120784,8.138774858
454.521,14.46201559,7.889528865
454.721,15.09587204,9.083834092
454.921,13.70292479,7.924349991
455.121,14.90721512,7.855978676
455.321,14.87347972,8.745627468
455.521,14.84347099,7.901434483
455.721,14.98643318,6.35318462
455.921,14.66573255,7.230636105
456.121,12.51879653,8.239955108
456.321,14.77928442,7.145235355
456.521,14.99678685,8.52391087
456.721,15.80739788,6.913292789
456.921,12.89941098,9.131839268
457.121,15.31572032,8.466449699
457.321,13.55566553,8.817808136
457.521,14.00149307,7.352298383
457.721,12.89382065,7.848768608
457.921,13.26913199,8.748878838
458.121,14.08284812,8.40282807
458.321,13.15735534,7.741073784
458.521,12.2786459,8.856099957
458.721,14.41111126,8.604972452
458.921,13.18875361,8.381959158
459.121,14.18398198,6.886451408
459.321,12.46847724,8.397142364
459.521,13.5292858,9.063195922
459.721,14.10273243,8.787740159
459.921,12.28129818,7.562339042
460.121,13.53216877,8.643183929
460.321,12.90903674,9.570701092
460.521,12.12518313,7.606129745
460.721,13.85812646,7.229230647
460.921,15.40329956,7.990931824
461.121,12.42772194,7.764596054
461.321,13.91157065,7.533237368
461.521,12.77995198,7.776384738
461.721,12.97703403,8.2833229
461.921,13.11692053,7.983850122
462.121,12.62452482,8.625415087
462.321,11.64929384,7.967527196
462.521,13.14371881,10.15324036
462.721,12.97033491,8.092682978
462.921,12.6407722,8.843828738
463.121,12.86036227,7.115307726
463.321,11.87785234,7.455425755
463.521,12.74368169,8.731506894
463.721,13.77409295,8.736890346
463.921,13.6681717,8.294786509
464.121,11.89953873,9.364065897
464.321,12.39063926,8.317120805
464.521,11.93827375,7.894028992
464.721,12.31657523,8.576411605
464.921,12.68068581,7.674944854
465.121,12.04028751,7.386450878
465.321,11.68913324,8.430630239
465.521,13.22329411,8.53754594
465.721,10.55409946,7.58417291
465.921,10.94066015,7.858274876
466.121,11.88931898,8.234393019
466.321,12.49330049,9.530420768
466.521,11.29635098,9.246383722
466.721,11.54579908,8.289353216
466.921,10.7528308,7.089804102
467.121,10.82793649,8.185023065
467.321,11.73734513,7.606520295
467.521,11.89317813,8.324284682
467.721,11.09902176,8.788407543
467.921,11.25402129,8.081909288
468.121,11.76435669,7.989194688
468.321,11.86351377,7.137462453
468.521,11.16367508,8.730765833
468.721,11.38116344,8.56811004
468.921,9.825205092,7.801072492
469.121,9.842632247,6.948245908
469.321,10.84026834,8.801697157
469.521,11.54511939,7.272736897
469.721,12.46070832,7.165414232
469.921,10.15833355,8.704447759
470.121,11.05080524,8.506965387
470.321,10.64687546,7.974065237
470.521,11.40302922,7.567430839
470.721,10.64895647,7.945457821
470.921,12.14928113,8.502928249
471.121,11.25398954,7.965102959
471.321,10.09552242,8.81957784
471.521,10.12596714,7.60024812
471.721,9.776933303,7.514600753
471.921,10.181939,5.41756142
472.121,11.14998626,8.535109557
472.321,9.32449929,9.328947949
472.521,10.89313811,7.271201269
472.721,10.64834224,8.563072023
472.921,9.294077462,8.573640341
473.121,10.60831009,8.133740004
473.321,10.56596604,6.408299618
473.521,11.37709549,8.677465637
473.721,9.292457334,9.084752982
473.921,8.444721442,7.637483324
474.121,8.746775765,6.913275846
474.321,10.04719933,9.194753422
474.521,10.44501001,8.890210401
474.721,10.97226469,8.228243087
474.921,8.392561847,7.251465843
475.121,10.31302665,8.093052237
475.321,10.08061378,7.992171815
475.521,8.863814672,6.710488906
475.721,9.165672808,6.942949741
475.921,11.20226481,4.987754687
476.121,8.522768694,7.66043957
476.321,9.567413735,8.448535733
476.521,8.659041024,8.032971288
476.721,8.493115986,6.993169124
476.921,10.45178255,7.065577899
477.121,8.936982181,8.850214143
477.321,9.14919773,8.610146017
477.521,7.997832418,8.864208801
477.721,9.030830795,7.13049571
477.921,7.502257926,8.006795625
478.121,7.519133432,8.423718227
478.321,8.743978331,8.146045101
478.521,8.059469237,6.53138009
478.721,9.264354221,7.56427058
478.921,7.788956104,10.50510796
479.121,9.243911391,7.964766908
479.321,8.182591787,7.417974232
479.521,7.746045295,9.587620291
479.721,7.929835069,6.976919145
479.921,9.61395087,6.909437562
480.121,8.743654859,7.47672723
480.321,9.020003684,8.097921022
480.521,9.24761935,6.319706619
480.721,9.729443857,6.561479421
480.921,8.916027639,7.60855812
481.121,8.200074526,8.040245593
481.321,7.555699608,6.355237384
481.521,8.828593988,8.245758075
481.721,6.525687251,8.163772252
481.921,8.421336153,5.974876381
482.121,8.736901594,6.958569874
482.321,7.603817171,6.098009404
482.521,7.233599718,7.641182794
482.721,6.575182432,7.418308941
482.921,7.104586063,7.870676989
483.121,6.141520749,7.464450407
483.321,7.439936662,7.231651542
483.521,6.646271556,7.990916744
483.721,8.044299469,7.644754454
483.921,6.413482074,7.855848465
484.121,7.00785798,7.539322119
484.321,7.903868924,8.419509575
484.521,6.605247808,6.894482887
484.721,6.551674367,8.087476785
484.921,8.119586217,7.897563827
485.121,6.996427554,6.388841763
485.321,9.646381837,6.912023286
485.521,6.8195363,7.784638711
485.721,6.497193855,7.831164925
485.921,7.311625812,7.160148129
486.121,7.289827983,7.577829861
486.321,7.028648805,6.705282412
486.521,6.799719622,8.641310108
486.721,6.85520598,6.652934176
486.921,6.935246626,8.833311136
487.121,7.130538936,8.215464712
487.321,7.000233645,7.233833607
487.521,7.648827936,7.829335287
487.721,6.386153112,6.226794841
487.921,5.66400016,6.657240866
488.121,5.969990802,6.065736434
488.321,6.070905699,7.641832009
488.521,4.869351297,7.545784315
488.721,5.8290884,6.617183861
488.921,6.79724328,6.74034174
489.121,5.48546737,7.509209853
489.321,7.284489014,6.143402407
489.521,6.227801973,6.797186476
489.721,4.45910885,6.473487951
489.921,6.337478349,6.793091344
490.121,5.697818074,6.83969117
490.321,6.322974369,6.304176776
490.521,4.826625191,6.471696505
490.721,6.408568788,6.423301777
490.921,5.708913615,6.640277156
491.121,5.588759881,6.582337518
491.321,5.132664948,6.558299683
491.521,6.399270234,6.261651121
491.721,4.678770593,5.447355395
491.921,4.881949741,6.86990624
492.121,5.43161795,7.467766016
492.321,6.956081056,5.766487826
492.521,4.819760707,7.003383264
492.721,4.387035863,6.846682346
492.921,4.769664097,6.248209194
493.121,5.862940964,5.308640579
493.321,5.374402684,7.348113736
493.521,4.24809691,5.950790703
493.721,4.425509202,5.688439463
493.921,6.805929338,7.034370949
494.121,5.627481174,6.592528391
494.321,5.217530107,5.717084607
494.521,4.608494145,6.818124186
494.721,5.135728001,5.00188799
494.921,4.407785891,7.199708524
495.121,5.484975375,6.776326325
495.321,4.823761156,6.418619468
495.521,3.678394808,5.845785468
495.721,2.916617391,6.667784673
495.921,5.694816759,7.175953957
496.121,4.642862447,5.678751331
496.321,4.578147379,7.268712754
496.521,4.108757453,5.863611732
496.721,4.449874297,6.780913313
496.921,4.429509919,7.023057574
497.121,3.698622978,5.742761823
497.321,4.818860208,6.389832069
497.521,5.731518189,6.296773451
497.721,3.505933142,6.47529846
497.921,4.185819527,5.647764725
498.121,4.549624629,7.284777859
498.321,3.20738564,5.515786541
498.521,2.76376389,5.967832976
498.721,3.334817286,6.458810612
498.921,3.784608418,5.65416508
499.121,4.379785235,6.894505739
499.321,1.952224754,7.390790114
499.521,4.592837985,6.736329914
499.721,2.65657601,6.214208626
499.921,3.482280356,7.016877958
500.121,3.542526557,6.836890432
500.321,3.107903511,6.062841077
500.521,2.566915961,6.193549497
500.721,4.712945287,7.503007436
500.921,3.766162836,4.427726706
501.121,4.510492998,4.835498365
501.321,4.012579275,5.58752784
501.521,3.450391132,5.898142842
501.721,1.801791648,6.538476399
501.921,3.292470296,6.895100835
502.121,2.618194384,6.222424885
502.321,4.1292409,4.969376038
502.521,3.159790193,5.39108513
502.721,2.928006578,6.756593589
502.921,3.437453695,5.066085317
503.121,2.390291003,6.46814423
503.321,2.519597417,6.854066246
503.521,2.64549472,5.059622745
503.721,2.81417888,6.917811461
503.921,3.604912453,6.146926303
504.121,2.833672459,5.587354379
504.321,3.387430481,6.901782582
504.521,2.49693843,5.399481165
504.721,4.186349711,4.733470087
504.921,2.47457757,5.214462186
505.121,5.0365971,5.892289363
505.321,2.476133293,5.947003662
505.521,2.845422977,4.669832571
505.721,3.184448087,4.704961334
505.921,3.527212622,6.001328239
506.121,2.463281008,5.671275724
506.321,0.941902408,3.795485651
506.521,4.334939764,6.074083872
506.721,3.451856601,5.866104859
506.921,2.151110537,3.915576027
507.121,2.266599493,6.310773693
507.321,1.457197266,6.103959851
507.521,2.690990388,4.786823154
507.721,2.449666183,5.347157386
507.921,2.733689611,6.397972724
508.121,1.910869637,6.078899221
508.321,1.007030267,6.197930238
508.521,2.989162704,4.780666158
508.721,2.100789737,5.244544776
508.921,2.57705061,5.269610594
509.121,2.294104254,6.090044654
509.321,2.614620508,6.191640654
509.521,2.947182814,6.012228452
509.721,1.352802327,4.862936108
509.921,3.587705574,4.985831831
510.121,2.180621038,3.810674222
510.321,0.878255899,4.8443392
510.521,3.342002102,4.274480007
510.721,2.847226116,5.582536795
510.921,2.354111225,4.303965565
511.121,1.933154911,4.828131955
511.321,2.168153754,3.919163839
511.521,0.922348118,3.588560725
511.721,1.309815551,5.23632331
511.921,2.797779947,4.096866591
512.121,2.462217372,5.308092603
512.321,0.365636156,3.813485138
512.521,2.031670843,4.257971085
512.721,1.612999481,4.800242539
512.921,2.090609465,5.043046627
513.121,1.947664102,4.831896312
513.321,2.054391066,3.153976794
513.521,3.511653229,2.640564453
513.721,0.50798714,5.621726971
513.921,2.616173978,3.665271896
514.121,2.752886435,3.672282643
514.321,1.608039423,3.632609689
514.521,0.231718322,4.157128077
514.721,0.69946693,4.947765926
514.921,2.114281742,4.590442798
515.121,0.328426567,5.178899411
515.321,1.816751067,4.38483798
515.521,1.649669417,5.615878515
515.721,1.761734555,5.447531567
515.921,2.940336629,4.347024766
516.121,1.376486826,3.806643477
516.321,2.069864509,4.060480907
516.521,1.484166017,3.910651508
516.721,4.10711019,4.547893844
516.921,2.30322001,4.695718603
517.121,0.555822615,4.790921487
517.321,0.39071445,4.465684769
517.521,2.173319072,5.807279125
517.721,2.896472185,4.33247774
517.921,1.749045082,4.650838479
518.121,1.338128984,3.37236022
518.321,0.035811481,5.786776835
518.521,1.775114669,4.466778592
518.721,0.851326903,4.061107874
518.921,1.230235413,3.860215144
519.121,1.834227832,3.655999883
519.321,-0.468639327,5.121320036
519.521,1.192927376,3.116931819
519.721,-0.353141319,4.626452693
519.921,1.676830677,3.026586094
520.121,0.660974086,2.445225125
520.321,0.80351474,2.271193353
520.521,0.155580662,4.683419408
520.721,0.646286511,4.344579308
520.921,0.252592366,3.827136084
521.121,0.951225936,4.142430191
521.321,0.407830133,3.837619041
521.521,0.17418634,5.183681404
521.721,1.602331925,3.945149939
521.921,0.210634903,4.176866472
522.121,1.101288266,2.684671975
522.321,0.779615565,4.132879725
522.521,-0.627475622,2.070453341
522.721,0.923876086,4.384935117
522.921,1.312083711,4.067966909
523.121,1.257677259,2.955787756
523.321,0.173336493,3.895711383
523.521,0.709463919,2.182813729
523.721,0.846496646,4.73049265
523.921,0.509532488,2.035021009
524.121,1.141506831,3.661085664
524.321,1.705607531,2.038010212
524.521,1.599483662,3.97924399
524.721,-0.597112728,2.83480205
524.921,0.054234236,3.564417044
525.121,0.4537165,4.823128042
525.321,-0.295575249,3.49008699
525.521,0.772267364,1.439551922
525.721,1.624384191,2.314996251
525.921,0.178516341,2.301596859
526.121,0.786917607,2.310568584
526.321,-0.031678808,3.176160175
526.521,1.220876237,4.220979743
526.721,-0.480275431,4.003087258
526.921,0.456410767,2.902359507
527.121,0.808661833,1.146311924
527.321,1.303326647,2.811647818
527.521,0.281230534,2.465228221
527.721,-0.317855583,3.813625633
527.921,-0.068481132,3.151098792
528.121,0.933766892,2.192989299
528.321,2.135680236,3.197549099
528.521,-0.177808006,2.134220619
528.721,0.11182652,3.90496383
528.921,-0.149098555,3.586675392
529.121,0.198014878,3.186211807
529.321,0.034893466,2.878232464
529.521,0.562116198,2.855163869
529.721,1.815631459,0.974099984
529.921,0.28446123,2.25889716
530.121,1.035772521,3.204003877
530.321,1.325937184,2.010988561
530.521,1.096867044,1.285116912
530.721,1.691127146,2.933755403
530.921,0.628751092,2.620709581
531.121,-0.786412701,1.242207214
531.321,1.20148401,3.083665355
531.521,-0.658753396,1.834940304
531.721,0.026905464,3.401992507
531.921,0.075116816,2.722971565
532.121,1.442127709,2.510358446
532.321,-0.35794191,2.17311675
532.521,0.659265672,2.789672167
532.721,1.435884278,1.92662122
532.921,-0.249277327,2.81387339
533.121,-0.282375113,1.408343756
533.321,0.334080269,1.114906532
533.521,0.037408726,1.79477015
533.721,-0.443383841,1.956738668
533.921,0.575025062,2.889547562
534.121,0.565761489,2.79280417
534.321,1.11409077,2.101585304
534.521,1.371747769,0.601437346
534.721,0.070376117,2.326000556
534.921,0.867295191,2.139629485
535.121,-1.079606108,1.063485933
535.321,-0.565093224,1.988323798
535.521,-1.051867562,1.607068286
535.721,-0.200046907,1.746149541
535.921,0.889056402,1.056113866
536.121,1.021459212,2.029983604
536.321,0.975589234,2.304779357
536.521,1.694685935,1.325640287
536.721,-0.193071993,2.209223573
536.921,-0.766993319,1.165194033
537.121,-1.935361418,1.476616482
537.321,0.361740405,5.270858392
537.521,0.498252982,3.517371125
537.721,0.329058773,1.290182089
537.921,-0.239837334,2.230121808
538.121,1.38160309,1.955439857
538.321,-0.6855033,0.722315287
538.521,2.335185641,1.78636342
538.721,0.261156081,1.725180105
538.921,-0.060283179,0.896596768
539.121,1.060484333,1.747317977
539.321,0.183581964,0.749255095
539.521,1.24917383,3.864273377
539.721,1.54491914,2.13878382
539.921,-0.907064922,1.308595802
540.121,0.828985312,0.997511861
540.321,0.396473259,2.524871381
540.521,1.109072745,0.543729957
540.721,-1.273242785,2.604437492
540.921,1.141089846,1.203601945
541.121,0.530747095,1.804210878
541.321,1.608092188,0.739072601
541.521,-1.543226491,0.661519997
541.721,0.189159259,1.133211614
541.921,0.129656084,0.339598643
542.121,0.393988084,1.077201115
542.321,2.340303783,0.817393922
542.521,0.557499222,1.474280279
542.721,1.590268836,2.318397862
542.921,-0.511005182,0.80014824
543.121,-0.869232655,1.65771834
543.321,-0.081992168,0.896639113
543.521,-0.476281521,-0.090608135
543.721,-0.107947012,0.876223333
543.921,0.705523154,-0.323130402
544.121,0.238894276,1.722339087
544.321,-0.531724651,-0.577795644
544.521,1.441122763,0.962109101
544.721,-0.409580143,0.555725957
544.921,1.331887807,0.486839259
545.121,0.80154136,1.583721006
545.321,-0.816637598,1.00261868
545.521,1.070895096,1.606974665
545.721,1.26000429,0.670743614
545.921,0.749079797,0.043905925
546.121,0.149013757,-0.539033222
546.321,0.7299853,0.508401585
546.521,1.692164873,-0.44751831
546.721,0.982309939,0.208609059
546.921,0.610501607,-0.328943821
547.121,-0.432839514,0.770567179
547.321,-0.211924037,-0.337087186
547.521,-0.326520052,1.76246865
547.721,0.315904035,1.367087259
547.921,0.596081819,0.214358793
548.121,0.841876673,0.097085066
548.321,1.105872596,0.378116417
548.521,0.664357786,0.57762865
548.721,1.544452735,0.722382859
548.921,0.727908839,-0.5700864
549.121,-1.228265808,0.815807316
549.321,-0.85723507,-0.202616544
549.521,1.160707189,-0.531715257
549.721,1.372392382,0.346571881
549.921,0.364409395,0.219585285
550.121,1.982101825,0.122403442
550.321,-0.627090981,-0.39687412
550.521,0.12295983,0.792728721
550.721,0.309240303,-0.259292705
550.921,0.076004275,-1.043121834
551.121,0.219329709,-1.179048117
551.321,-0.033062282,-1.802199461
551.521,1.309109588,0.153557591
551.721,0.616547044,0.318826008
551.921,-1.067587795,-1.622630412
552.121,1.138369648,-1.041941716
552.321,1.007445981,0.460358685
552.521,2.028493464,-0.617681787
552.721,0.915933796,-0.684525656
552.921,0.236399063,1.228972682
553.121,1.850936085,0.394116951
553.321,0.113153648,-0.593939522
553.521,0.378810369,-0.866239139
553.721,0.348467973,-1.58938971
553.921,0.229533431,-0.832366106
554.121,1.127585067,-0.458852829
554.321,0.932119826,-0.213773528
554.521,-0.677616215,-1.023442422
554.721,1.239660393,0.899684784
554.921,0.200844451,-1.207448041
555.121,0.908601398,-0.597986831
555.321,0.529210401,-1.138497679
555.521,1.148083762,-0.010465364
555.721,1.35462392,-0.27950367
555.921,0.343905735,-2.313457671
556.121,1.37964367,0.483612226
556.321,0.979805842,-0.027435776
556.521,0.5443219,-0.341229435
556.721,1.000333,-2.158819288
556.921,1.851599869,-0.198940299
557.121,1.788741586,-1.849578378
557.321,0.617310669,-2.156598156
557.521,0.766770977,-1.052763677
557.721,1.862895109,-1.549356254
557.921,1.003963744,0.044803561
558.121,2.203100239,-0.126614196
558.321,0.119743087,-1.100213517
558.521,1.651242131,0.428935107
558.721,1.495551325,-0.42600543
558.921,1.951301021,-0.977802336
559.121,1.688687699,-1.657973526
559.321,2.011749984,-1.034508223
559.521,0.715376001,-2.575335643
559.721,2.599946676,-0.390494396
559.921,1.586402918,-0.353674004
560.121,2.122415897,-1.318164672
560.321,0.842856063,-1.188065901
560.521,2.473551152,-1.833562041
560.721,1.4590175,-2.595486298
560.921,0.253391576,-0.669338103
561.121,1.530723099,-0.640297834
561.321,0.65195654,-0.948386788
561.521,0.220671276,-2.463913174
561.721,1.589519051,-1.022440579
561.921,1.99316479,-1.232449521
562.121,-0.048056841,-2.904509282
562.321,2.946869344,0.001418747
562.521,2.249137473,0.700760686
562.721,2.114362699,-0.898629817
562.921,1.861738942,-1.253295018
563.121,3.612238442,-1.525396026
563.321,1.633008555,-2.531195841
563.521,1.828392821,-0.923843948
563.721,1.803552585,-2.668818337
563.921,1.848987802,-1.718371263
564.121,1.737986781,-2.542146119
564.321,2.067502775,-2.717344488
564.521,0.822342208,-1.411447318
564.721,1.857416107,-2.089805939
564.921,2.150033451,-2.061655951
565.121,0.719297135,-2.425632677
565.321,2.217667334,-0.231305659
565.521,1.722352668,-1.062581597
565.721,2.674219241,-2.383223805
565.921,0.60593933,-0.288342734
566.121,2.656218509,-2.094943014
566.321,1.667230463,-2.554320759
566.521,1.813460847,-2.142941118
566.721,2.222513749,-1.076325392
566.921,2.436287537,-1.932047165
567.121,2.050490058,-1.726279938
567.321,0.920231775,-0.824744085
567.521,3.039423154,-2.452538578
567.721,0.974077601,-2.610173
567.921,2.275740849,-0.616900309
568.121,2.173126325,-1.017001945
568.321,2.556272045,-2.93534395
568.521,2.060821548,-1.513227426
568.721,2.400554839,-1.607256077
568.921,2.148268262,-1.169293846
569.121,2.268079052,-2.429342752
569.321,1.284137237,-2.392352436
569.521,2.74211359,0.105755831
569.721,2.994979122,-1.06456638
569.921,1.993448819,-2.323691714
570.121,3.725026207,-2.579532731
570.321,2.509907427,-2.72523299
570.521,4.254047,-2.401147013
570.721,1.896753476,-3.425868168
570.921,0.888254322,-3.571926438
571.121,2.039208755,-1.909112602
571.321,1.487233852,-3.652453212
571.521,3.263251922,-3.508899285
571.721,3.961944282,-1.915921281
571.921,2.725161014,-3.081757969
572.121,2.934252726,-1.831009571
572.321,2.813921748,-2.274901945
572.521,3.99919016,-4.196425069
572.721,4.645707336,-1.990983836
572.921,2.246836837,-1.889229086
573.121,4.203398355,-1.60980647
573.321,3.166225907,-1.259184206
573.521,3.365566432,-3.089194677
573.721,4.958557712,-2.796420159
573.921,2.553845036,-3.379213174
574.121,3.771336194,-3.570642862
574.321,2.778334165,-2.590418002
574.521,2.72406749,-3.674101587
574.721,3.062810402,-3.036508316
574.921,4.014721102,-3.257000535
575.121,4.421764738,-2.834824585
575.321,4.584536523,-2.210722711
575.521,2.345778953,-5.280792241
575.721,3.542012122,-2.344298705
575.921,5.620467116,-2.269920389
576.121,3.614051594,-3.313972066
576.321,3.043779957,-1.660453542
576.521,3.048643502,-4.287549678
576.721,4.48096013,-3.26052792
576.921,4.796516099,-3.539740749
577.121,3.366981404,-2.303200642
577.321,4.477467475,-3.548251805
577.521,3.178915132,-4.814448844
577.721,5.509274705,-3.689558798
577.921,4.605281203,-2.209727842
578.121,4.571511076,-2.389719291
578.321,4.275498531,-2.394250798
578.521,4.713131214,-3.90623008
578.721,2.629765608,-2.845331693
578.921,4.769230613,-3.906383288
579.121,3.93305082,-3.033387324
579.321,2.905264525,-0.991811289
579.521,4.929199576,-3.783702229
579.721,4.488818369,-1.94693646
579.921,3.565578686,-2.470565995
580.121,4.226504922,-4.023533966
580.321,5.33190504,-4.603626508
580.521,4.316659852,-2.313580832
580.721,4.232547908,-3.957650894
580.921,3.463481892,-2.990185911
581.121,4.263115185,-2.769230549
581.321,4.978645706,-3.376006014
581.521,4.484590734,-3.503126221
581.721,4.288391068,-3.280511854
581.921,4.347545412,-3.785067499
582.121,5.689420783,-3.108376839
582.321,4.983670606,-1.916758487
582.521,5.551832936,-2.202738923
582.721,4.540024818,-2.891770213
582.921,6.659178761,-3.395603973
583.121,6.364553886,-3.293789288
583.321,4.957584952,-3.151592213
583.521,6.480085007,-3.936840201
583.721,5.871692788,-3.428288414
583.921,4.336612304,-4.536145957
584.121,2.98616121,-4.014909727
584.321,4.682879278,-3.953697519
584.521,4.884009132,-2.666133922
584.721,5.67217335,-4.313949986
584.921,4.216296245,-4.456995903
585.121,6.197463701,-2.886193561
585.321,5.069398266,-3.927995627
585.521,5.669680556,-3.04564449
585.721,6.233336093,-3.633816934
585.921,6.642935819,-3.584942424
586.121,6.063179973,-3.01194117
586.321,4.926043274,-4.137167065
586.521,6.632895894,-2.854899372
586.721,5.67836491,-4.248388208
586.921,5.450188737,-3.302851976
587.121,6.239060863,-2.724493566
587.321,5.913712982,-2.90118874
587.521,5.20764561,-3.891672715
587.721,7.040502948,-4.385872113
587.921,6.053942654,-3.803709098
588.121,6.371290941,-3.546633695
588.321,4.744154676,-3.822565919
588.521,5.826439162,-3.070992807
588.721,6.083620382,-2.922404348
588.921,6.033851341,-5.161883016
589.121,8.68175809,-3.730104481
589.321,5.88029818,-5.267322601
589.521,7.799701436,-3.054948004
589.721,9.075040134,-5.024165684
589.921,6.630882231,-3.313660285
590.121,5.789434855,-2.398274425
590.321,5.318002445,-3.34352226
590.521,6.957369029,-4.772467526
590.721,5.90175492,-2.423418548
590.921,7.952532149,-3.224084005
591.121,6.187994256,-4.113601368
591.321,6.686882356,-4.624050814
591.521,6.759330075,-4.630866468
591.721,6.70695594,-3.933983892
591.921,7.659827185,-2.825754833
592.121,7.476295798,-3.768856593
592.321,6.840211498,-4.650996847
592.521,5.963608837,-4.608112729
592.721,6.949431464,-2.231263336
592.921,8.329490398,-5.259448225
593.121,6.944625587,-4.837279631
593.321,6.216766304,-3.35830312
593.521,7.773748731,-4.421716825
593.721,7.634058512,-3.264418487
593.921,6.50354594,-5.14963145
594.121,8.933254797,-5.144737879
594.321,7.80944863,-5.490378253
594.521,7.846824407,-5.788318742
594.721,7.430824894,-4.289010572
594.921,6.558931552,-5.036296226
595.121,8.034646201,-2.494573338
595.321,8.594427767,-6.13856841
595.521,7.370580953,-3.877933581
595.721,8.856135872,-4.066681012
595.921,8.930296049,-3.768772236
596.121,7.206236434,-4.536705383
596.321,8.343837079,-4.360919819
596.521,7.31953917,-4.716142689
596.721,8.469193206,-4.921579942
596.921,8.355220836,-4.175595403
597.121,9.789480919,-5.043149396
597.321,9.232015389,-4.710546949
597.521,7.803238271,-4.216822836
597.721,9.233092199,-3.826473301
597.921,8.649036242,-4.634289471
598.121,7.451626801,-5.129602161
598.321,8.531416609,-4.171579059
598.521,7.963874758,-4.661823372
598.721,8.956633357,-4.996987972
598.921,8.663202881,-5.334345266
599.121,7.815712665,-5.611637769
599.321,9.414876581,-5.252307574
599.521,9.342684199,-5.157143416
599.721,8.915646281,-4.952130359
599.921,9.803317893,-3.587586548
600.121,8.177433881,-5.400028153
600.321,8.484483975,-4.44393584
600.521,9.179644681,-4.311917783
600.721,9.086051904,-5.077468295
600.921,9.542259007,-5.819692077
601.121,9.083883621,-3.427899916
601.321,10.14037301,-3.981744731
601.521,10.93485907,-4.094748571
601.721,9.863031669,-5.21741409
601.921,9.440664926,-3.589944565
602.121,10.73902003,-4.398289045
602.321,8.799964069,-5.651798829
602.521,10.8845522,-5.425112873
602.721,10.16608055,-3.87773985
602.921,11.34604529,-6.423775769
603.121,8.751232931,-5.12798199
603.321,9.882476236,-3.84165777
603.521,10.48080319,-5.192915343
603.721,11.41148232,-6.01689854
603.921,8.52656001,-5.167583628
604.121,9.987732575,-4.239959409
604.321,11.18897251,-4.434552348
604.521,10.96815748,-5.015954769
604.721,9.371439617,-5.121113358
604.921,9.727818603,-2.866764558
605.121,8.262852987,-4.211307987
605.321,8.292492542,-5.509063838
605.521,9.962793169,-4.964494505
605.721,10.69289604,-4.516412508
605.921,10.28617511,-6.539300595
606.121,12.21583405,-4.987855267
606.321,10.61505478,-5.307818588
606.521,10.99721118,-4.779266861
606.721,10.69763124,-5.133938567
606.921,9.798654287,-2.752515333
607.121,10.45673398,-4.296170774
607.321,10.53794465,-4.675536286
607.521,9.15008976,-3.91951879
607.721,11.03529063,-4.045390357
607.921,10.69687417,-4.524261365
608.121,11.41587771,-5.198011009
608.321,9.281550458,-6.474216001
608.521,9.905537429,-3.659040942
608.721,12.42954061,-5.895859028
608.921,11.07179117,-6.412835003
609.121,10.46750519,-5.187297584
609.321,10.68494445,-6.865057952
609.521,12.85295991,-6.374645726
609.721,11.58393595,-6.468532742
609.921,10.79591522,-4.690139304
610.121,11.7744048,-5.508081816
610.321,11.40975577,-4.897224651
610.521,11.98961614,-4.74284009
610.721,12.16798462,-5.481440552
610.921,10.9793343,-5.710687658
611.121,11.74170203,-2.87554564
611.321,11.88638883,-4.364055772
611.521,11.93119692,-3.809774947
611.721,11.60824635,-4.686649715
611.921,12.1327647,-4.958235312
612.121,12.45848427,-5.212771052
612.321,12.06833356,-6.91559853
612.521,12.26743436,-5.19531735
612.721,11.68864165,-4.606991864
612.921,12.10670328,-6.005868831
613.121,10.60104388,-4.903028404
613.321,12.96858676,-4.633893129
613.521,13.58969379,-4.995928664
613.721,13.31201112,-5.696107471
613.921,12.05769458,-4.452301712
614.121,13.42688403,-6.111030877
614.321,12.38677528,-4.183792406
614.521,13.45697064,-4.301552995
614.721,12.52318317,-5.272298828
614.921,13.19401651,-6.994134976
615.121,13.09177358,-4.663720037
615.321,10.96853274,-3.710885974
615.521,13.31957179,-5.67653212
615.721,12.37239331,-3.600842805
615.921,13.09801934,-4.584521669
616.121,12.34250894,-6.514225311
616.321,14.58722415,-4.132160182
616.521,13.54017084,-4.188474474
616.721,12.39153822,-5.09359945
616.921,13.76734013,-6.282134675
617.121,13.55808833,-5.692852776
617.321,14.11288311,-3.956005934
617.521,12.66828736,-6.196027717
617.721,12.80366531,-5.611886338
617.921,12.58772106,-4.25288292
618.121,12.98402573,-5.698842809
618.321,14.29562712,-3.860583404
618.521,15.14106781,-4.925207966
618.721,14.78881985,-2.971221727
618.921,13.01594465,-4.824334753
619.121,13.2268274,-4.207069361
619.321,13.6552585,-4.74034585
619.521,13.46123976,-4.438289488
619.721,14.88646336,-4.688587577
619.921,13.44160334,-4.704725366
620.121,14.37331718,-4.331626375
620.321,13.9350588,-5.117669278
620.521,14.6988985,-4.954307644
620.721,13.91305182,-4.506205849
620.921,14.73821123,-4.841470053
621.121,13.59076096,-4.35497006
621.321,13.70261125,-4.615771737
621.521,14.03415541,-4.313460916
621.721,14.35919119,-4.517146886
621.921,15.38775057,-4.888376108
622.121,14.77086124,-4.718445294
622.321,14.7644835,-4.478768455
622.521,14.96318197,-4.329208094
622.721,13.65211606,-5.80834553
622.921,14.66053606,-5.213844205
623.121,15.32221369,-4.828962496
623.321,14.49786968,-5.156163031
623.521,14.33565692,-4.629635275
623.721,15.47078162,-5.901553
623.921,14.60577158,-6.27511553
624.121,14.98269218,-3.811134763
624.321,14.84336645,-6.127988173
624.521,15.96435435,-5.031448943
624.721,16.07095087,-5.605946025
624.921,15.05569274,-5.814286968
625.121,14.32274994,-3.685027871
625.321,15.75489975,-5.766823198
625.521,15.15385439,-4.940715016
625.721,16.7057927,-4.452259601
625.921,16.15603604,-5.122394155
626.121,14.8720733,-3.955812708
626.321,15.18273212,-4.767276397
626.521,15.02240915,-3.350093326
626.721,16.51921247,-4.770022202
626.921,14.82639472,-5.473958099
627.121,16.50833781,-4.922000663
627.321,14.70440211,-5.785147391
627.521,15.25010554,-5.487281518
627.721,16.2918466,-4.370406512
627.921,15.08159721,-5.705886872
628.121,17.05508101,-6.441576377
628.321,16.9834139,-6.014554169
628.521,15.50807018,-4.675885275
628.721,16.06510185,-3.808540585
628.921,16.40727476,-5.251210226
629.121,16.52047037,-5.242644596
629.321,15.12844808,-4.084087113
629.521,15.13687611,-4.767323239
629.721,16.50256236,-5.744250551
629.921,16.49598469,-5.224975585
630.121,14.55512092,-6.229136734
630.321,16.33179187,-5.342609195
630.521,16.55816934,-3.941886901
630.721,16.37853827,-4.531128826
630.921,17.06436267,-6.404214743
631.121,17.09991126,-5.679761555
631.321,17.64449038,-5.595895576
631.521,16.94240741,-4.689321614
631.721,17.41750213,-5.830882863
631.921,16.64044559,-4.165891461
632.121,15.71543271,-4.36404081
632.321,17.72547967,-5.078837309
632.521,16.33924994,-5.514996921
632.721,17.28010162,-5.343286774
632.921,19.10214125,-5.312877157
633.121,18.70566262,-4.984042092
633.321,18.30807587,-4.71694071
633.521,16.63083646,-3.596012649
633.721,17.95282544,-3.773144666
633.921,17.76385892,-4.376806342
634.121,18.1914692,-5.045145325
634.321,18.32136369,-3.182273917
634.521,16.34464928,-4.299123389
634.721,17.72392197,-3.767939086
634.921,17.63413619,-3.581082566
635.121,19.27972386,-4.072742408
635.321,16.85508696,-5.520875623
635.521,17.09452143,-4.679211908
635.721,17.59180734,-4.441878463
635.921,18.61495908,-4.530627074
636.121,18.3017853,-4.510279979
636.321,18.3402237,-3.985590238
636.521,18.67491548,-5.629471409
636.721,17.87562188,-5.794683768
636.921,18.95897665,-4.042407452
637.121,17.52188492,-4.784929933
637.321,18.64935054,-2.785831323
637.521,18.27710248,-5.695275196
637.721,18.69391839,-5.502694838
637.921,18.58508419,-4.480846596
638.121,18.19638603,-5.639464195
638.321,16.43661712,-3.932775828
638.521,18.22450746,-4.911355882
638.721,18.29677902,-4.472720202
638.921,18.72534253,-5.433815786
639.121,17.95399346,-3.032282802
639.321,18.23694671,-3.900928312
639.521,18.26456158,-7.022372791
639.721,18.93714747,-4.271884108
639.921,19.16352375,-4.690653809
640.121,18.89517564,-3.835629748
640.321,19.83734811,-5.216876836
640.521,19.82515368,-3.241419792
640.721,17.87313551,-3.96044293
640.921,20.30053868,-3.874578595
641.121,19.23667073,-5.566609284
641.321,19.74686582,-3.812004577
641.521,19.58411158,-2.527776212
641.721,18.47856482,-3.041254884
641.921,19.70602019,-4.147140051
642.121,20.10680993,-4.058563201
642.321,18.4295255,-4.266210294
642.521,20.16115928,-3.381884844
642.721,19.85707126,-2.834533385
642.921,19.93954531,-3.378527479
643.121,20.15758498,-4.747626508
643.321,19.88860967,-3.250185428
643.521,21.4240342,-3.218080003
643.721,20.68342574,-4.812308288
643.921,18.33042722,-2.904185357
644.121,20.65007491,-4.587955323
644.321,19.94707849,-2.686002784
644.521,19.01268787,-4.111743064
644.721,18.53829982,-4.264768818
644.921,20.84113977,-5.251644175
645.121,19.41718274,-5.582479929
645.321,20.63097091,-3.436931018
645.521,20.69989228,-4.149417798
645.721,20.46154015,-5.06851889
645.921,21.04043046,-2.747677387
646.121,20.91144276,-3.351462931
646.321,19.19060024,-4.931754499
646.521,21.04758227,-3.948049112
646.721,21.37741319,-5.117054527
646.921,19.58251422,-4.097246405
647.121,20.84986221,-3.574444533
647.321,19.73773947,-1.197301059
647.521,20.0327938,-2.882520338
647.721,20.83883509,-3.690915675
647.921,21.30264085,-3.005704448
648.121,20.86279903,-3.19621396
648.321,20.50684738,-4.078851145
648.521,20.43495061,-4.577255942
648.721,21.20517942,-5.67267786
648.921,21.05302062,-3.387141209
649.121,21.06674108,-3.741570729
649.321,20.14183795,-2.388651218
649.521,21.70992229,-4.842327767
649.721,22.71940964,-4.733217327
649.921,22.12787448,-4.005149835
650.121,21.00506116,-4.659173504
650.321,20.04671632,-4.14068751
650.521,20.70948197,-5.627357314
650.721,21.21359411,-2.705509972
650.921,22.08018728,-3.71079245
651.121,20.91085999,-3.672262629
651.321,21.74390077,-4.223323017
651.521,21.5490274,-3.540393107
651.721,21.41637024,-2.796703146
651.921,21.95006698,-4.262415729
652.121,20.67043712,-3.427499729
652.321,21.57434928,-2.313628234
652.521,21.34139095,-3.887977866
652.721,20.77862514,-3.908653164
652.921,22.51567727,-4.037377085
653.121,22.32391437,-4.024717296
653.321,22.01851103,-3.461569756
653.521,22.81812667,-3.214893573
653.721,23.68833772,-4.395483793
653.921,22.96522583,-2.795843881
654.121,22.68798611,-3.211763061
654.321,22.29173637,-4.627661722
654.521,20.73838725,-2.582484402
654.721,21.89247297,-2.671296303
654.921,20.98809776,-2.954618135
655.121,21.62109148,-2.709413358
655.321,22.70457738,-4.037784447
655.521,23.66682225,-3.482843944
655.721,20.13670383,-3.463846477
655.921,21.29023075,-2.384307166
656.121,22.54866648,-2.807385367
656.321,24.37696586,-3.581038272
656.521,20.60418752,-3.376782399
656.721,22.41134315,-2.674904048
656.921,22.37638469,-5.128170203
657.121,23.76449994,-2.656259506
657.321,22.78493663,-2.723865191
657.521,22.04804877,-2.345373612
657.721,21.40115466,-1.039160759
657.921,22.02281307,-2.79223594
658.121,23.77829768,-3.484019507
658.321,23.31023722,-2.458709613
658.521,22.47493521,-2.328126522
658.721,21.43040227,-3.309506578
658.921,23.93893739,-1.246789142
659.121,22.44234608,-4.539574072
659.321,23.38212798,-3.59595117
659.521,23.45212037,-3.357346651
659.721,23.76444365,-2.926295165
659.921,22.94824937,-2.139556732
660.121,24.74348905,-1.165623323
660.321,23.1155666,-1.80777457
660.521,23.82267718,-2.551604936
660.721,23.12587424,-0.348806286
660.921,21.86211506,-3.477946142
661.121,22.54880937,-2.493534394
661.321,22.89975148,-2.232904447
661.521,23.70423667,-2.148446523
661.721,22.50164748,-2.152222339
661.921,23.34822045,-3.316931586
662.121,24.43823463,-3.41819481
662.321,23.00488818,-3.958050558
662.521,23.22104701,-2.254740335
662.721,23.41627518,-2.313649604
662.921,24.71971519,-1.625880913
663.121,24.72622536,-3.020418387
663.321,23.45540463,-3.040245945
663.521,22.47704974,-1.956054687
663.721,24.11464142,-3.195729592
663.921,24.64738425,-1.272928016
664.121,22.7899165,-2.77564601
664.321,22.67107165,-2.284102253
664.521,23.80502034,-2.817474087
664.721,23.75930309,-3.132763437
664.921,23.94958448,-2.523544926
665.121,23.06885057,-3.062288066
665.321,24.26082219,-2.69611073
665.521,23.76947982,-2.519763881
665.721,23.56408088,-2.621677732
665.921,25.16651084,-2.526136751
666.121,26.11774156,-2.164168057
666.321,24.14626658,-1.64606535
666.521,24.01800307,-2.417380742
666.721,23.65459081,-2.311697952
666.921,23.47785077,-2.320724117
667.121,22.66100318,-2.469489233
667.321,23.98202344,-1.607578602
667.521,24.46048089,-1.944999979
667.721,23.60376517,-1.806902696
667.921,24.18256211,-2.400945457
668.121,23.99225024,-0.212744016
668.321,23.84263707,-1.07368821
668.521,24.78050773,-1.239742205
668.721,22.09390784,-1.906511165
668.921,25.14454283,-1.473869772
669.121,25.58093549,-1.820432497
669.321,24.018361,-1.24811962
669.521,25.20615878,-2.400005136
669.721,23.9197397,-2.855496666
669.921,24.03433417,-0.701080821
670.121,23.8448125,-3.166709239
670.321,23.95338932,-0.652646039
670.521,22.97670113,-1.701355812
670.721,24.70327956,-1.891638687
670.921,26.28651701,-0.734905415
671.121,24.4854698,-2.167553217
671.321,24.65827638,-0.862203672
671.521,25.471839,-0.677130034
671.721,25.54207344,-1.422607909
671.921,24.19192546,-2.198535842
672.121,24.16831331,-1.21040485
672.321,25.98498115,-0.910858283
672.521,24.97213615,-2.014547961
672.721,24.32060692,-2.921705537
672.921,26.24527427,-1.480179488
673.121,25.66395018,-1.16880764
673.321,25.36034851,-1.460805904
673.521,25.22427551,-0.599372151
673.721,24.28155648,-0.952610805
673.921,25.01482882,-2.722130136
674.121,25.16545534,-2.039671419
674.321,25.1050355,-1.102954134
674.521,24.77278152,-0.217568059
674.721,25.55551971,-2.042876244
674.921,25.54534229,-1.00708471
675.121,24.78406706,-1.224363932
675.321,25.88051027,-0.541319299
675.521,24.16114186,-0.609186597
675.721,24.65844022,-0.301089987
675.921,24.92327619,-0.682745018
676.121,25.58285416,-1.719171379
676.321,24.89533598,-2.326113771
676.521,25.68675604,-1.330654451
676.721,25.51352656,-0.284221507
676.921,25.01871043,0.396328549
677.121,25.12285136,0.372253838
677.321,25.80054826,-0.35672183
677.521,24.93651773,-0.708394729
677.721,25.78330985,-1.55889586
677.921,24.93214089,-0.632770317
678.121,27.10899922,-0.835685605
678.321,24.84644576,1.359311568
678.521,25.22354594,-1.754992797
678.721,24.93866902,-1.262013381
678.921,26.22075655,-2.253489316
679.121,24.45241193,-1.177772608
679.321,25.93205924,0.366541636
679.521,24.01365294,-1.39844932
679.721,25.72235035,1.273239717
679.921,24.91294531,-0.829491316
680.121,26.95086265,-1.506710597
680.321,25.12843742,-1.2757714
680.521,25.71176858,-1.466084528
680.721,25.40891709,-1.677289459
680.921,25.01414519,-0.959071466
681.121,24.80569714,0.173340217
681.321,24.98665101,0.08675753
681.521,26.49411977,-0.477515869
681.721,25.34955643,-2.155759453
681.921,25.9976648,-0.228320901
682.121,25.75382775,-0.048180214
682.321,25.94629163,0.640081464
682.521,25.33324808,0.407189127
682.721,25.64507756,-1.91790225
682.921,25.94269418,-0.850502196
683.121,25.729053,0.695786627
683.321,25.70707635,-2.189448192
683.521,24.80239234,-0.393978327
683.721,26.48190618,-0.40031081
683.921,26.39630567,-0.851462285
684.121,24.21545597,-0.539883809
684.321,26.57795862,-1.022009285
684.521,26.11804483,-0.855367034
684.721,26.31675234,-1.106234204
684.921,24.48317073,0.067156879
685.121,25.81831077,0.195674985
685.321,26.40200802,-0.389826338
685.521,24.2339788,0.370920709
685.721,24.87082353,-0.25502422
685.921,26.26563963,1.719998669
686.121,25.55992995,1.701697002
686.321,26.06586331,-0.049467464
686.521,25.19451155,-0.1457549
686.721,26.54711193,-0.031176552
686.921,24.76122864,0.265343684
687.121,25.46084584,-0.192412645
687.321,25.85547332,1.313752321
687.521,26.54233249,-0.565524199
687.721,26.07616399,-0.434664489
687.921,26.37118391,0.711966573
688.121,25.84799946,0.213065495
688.321,28.49327591,0.747257399
688.521,25.21473377,0.47759131
688.721,25.437835,-0.29211395
688.921,26.43727885,0.885264383
689.121,25.85043034,0.532504597
689.321,26.34868083,1.159787922
689.521,27.10820199,0.048022198
689.721,27.14795046,1.280308869
689.921,25.44590043,1.895565229
690.121,25.66177891,0.117645718
690.321,26.31566235,2.066046334
690.521,26.79996252,1.060621746
690.721,26.41568155,1.881980526
690.921,27.02151536,0.554131996
691.121,27.57326366,2.587546626
691.321,25.40675694,1.286819523
691.521,26.86983735,1.222728044
691.721,26.10678753,-0.16872764
691.921,27.17262326,1.819100773
692.121,26.51419553,2.076350422
692.321,26.30756644,0.451153671
692.521,25.63354435,0.409547035
692.721,26.82235556,1.194826019
692.921,26.18171677,2.375154501
693.121,25.94977825,1.711932649
693.321,26.65224801,0.390628006
693.521,27.52119493,2.096613739
693.721,25.41722605,1.393524554
693.921,27.24045515,0.805974859
694.121,25.21562276,2.659805099
694.321,25.70233571,1.462096191
694.521,25.40529228,1.486724349
694.721,26.24002624,0.846048469
694.921,25.86714419,2.51463583
695.121,26.99646129,0.995377754
695.321,26.13852278,-0.118473843
695.521,25.86653186,0.972631874
695.721,25.72055036,0.139662465
695.921,26.19106461,1.244719219
696.121,24.53178032,2.987317073
696.321,26.52130585,1.333869703
696.521,25.10170095,2.079045913
696.721,25.10540716,2.864795836
696.921,26.10728478,1.66396517
697.121,26.08428714,1.446337381
697.321,25.55529363,1.408739113
697.521,26.47024884,1.551557811
697.721,26.83847512,3.745462577
697.921,26.40979042,1.095971727
698.121,26.54855775,0.013103794
698.321,25.81791046,1.836998768
698.521,25.94336903,2.700030778
698.721,26.12209581,1.47235858
698.921,25.02845062,1.050692602
699.121,26.39648705,2.431296639
699.321,25.0867979,2.43479129
699.521,26.20734676,0.354606057
699.721,26.17991871,2.375675549
699.921,26.93403871,1.381344042
700.121,25.09793138,3.57377224
700.321,25.59142853,2.650779573
700.521,26.82159418,2.141683393
700.721,26.75227945,1.520342949
700.921,24.86709616,2.024089294
701.121,26.47686115,0.901562476
701.321,26.87841081,1.802372144
701.521,26.74462429,2.336765691
701.721,26.5568189,3.409561706
701.921,25.72990938,1.785971251
702.121,25.01273458,3.084606248
702.321,25.71423015,1.699111266
702.521,26.24101919,3.035951862
702.721,24.68322841,3.452846965
702.921,26.29958361,2.015523072
703.121,25.72621458,2.672103301
703.321,26.33784675,2.108497877
703.521,24.80347696,2.032245191
703.721,25.59280995,2.787273531
703.921,24.82595309,4.856108753
704.121,25.28094109,3.143964663
704.321,24.33899013,3.053256798
704.521,27.27102607,2.798476814
704.721,24.80983983,2.25293755
704.921,24.45309152,1.34891045
705.121,26.09827485,2.804432245
705.321,25.59790881,3.834699323
705.521,27.26457389,2.137278587
705.721,25.88496594,2.99004333
705.921,26.98129158,2.718875535
706.121,28.41187889,3.989381171
706.321,25.82655593,2.467619493
706.521,25.3806045,3.978382426
706.721,26.95705595,2.928003612
706.921,26.17097989,3.696542444
707.121,24.91220175,2.167491186
707.321,27.12342027,2.472263514
707.521,26.54343773,1.997287019
707.721,25.45129658,2.399880583
707.921,26.32372802,3.167145088
708.121,25.27738031,2.91950065
708.321,25.74313032,2.372788586
708.521,24.2861402,4.221355197
708.721,26.35434704,2.822069905
708.921,25.5397793,3.247515869
709.121,26.62713215,2.090322867
709.321,25.95397922,3.07337256
709.521,25.40283062,3.665022698
709.721,24.98908232,2.4835594
709.921,26.43473439,3.469640352
710.121,24.61579201,3.185973628
710.321,24.92305988,2.556105249
710.521,25.83692141,4.114002605
710.721,26.16357451,3.552895916
710.921,25.06537697,2.658824375
711.121,25.04662339,3.098687676
711.321,25.42953683,3.715934615
711.521,25.48972959,1.888686036
711.721,25.8694471,2.859233227
711.921,25.74531781,3.695919747
712.121,26.05885263,3.70368386
712.321,26.20423966,3.837285673
712.521,25.77433769,3.229715876
712.721,24.79285008,4.022901019
712.921,26.22429461,3.261206862
713.121,26.13837438,4.118365081
713.321,26.16184947,2.585883825
713.521,24.87801321,5.294007707
713.721,24.60586993,3.234285447
713.921,24.99665376,3.328359113
714.121,26.15282768,3.181947294
714.321,25.19797665,2.92275556
714.521,25.82970079,4.78814938
714.721,24.84537109,3.054767318
714.921,25.69529004,3.664960307
715.121,25.13122836,4.030758703
715.321,25.90636018,4.522120917
715.521,24.07662285,5.68600621
715.721,26.35933183,4.037384198
715.921,25.37412545,2.932098722
716.121,24.73375762,6.252047342
716.321,23.71026199,3.631966643
716.521,25.29389411,3.55575938
716.721,25.50300488,3.154263046
716.921,24.60837117,2.431226655
717.121,24.83143659,4.253481734
717.321,25.61317167,4.124986705
717.521,24.74259869,5.571810226
717.721,25.25057523,3.668938129
717.921,25.6375829,4.625484972
718.121,26.15108396,5.691031334
718.321,25.45171474,4.700775219
718.521,25.0354493,4.498431849
718.721,24.02094993,4.526133562
718.921,23.36703737,4.31235235
719.121,24.99643088,4.830751037
719.321,25.49688972,4.23330585
719.521,25.1905116,3.774174036
719.721,25.00414817,4.503522897
719.921,24.51821414,4.41069152
720.121,24.49697999,5.535243762
720.321,25.81425088,2.944015157
720.521,25.19274436,3.817626347
720.721,24.70418974,3.608579596
720.921,24.64160707,4.945438353
721.121,24.43218709,4.160456463
721.321,26.36403814,4.827277399
721.521,25.25764756,6.01753578
721.721,23.85283735,5.242121092
721.921,25.63904003,4.586471175
722.121,23.25937066,3.835448241
722.321,24.36746634,6.44850184
722.521,24.2585509,4.418675354
722.721,24.18753598,4.072462617
722.921,25.12556704,6.140947125
723.121,25.57328976,3.977181725
723.321,25.25661618,4.213466709
723.521,23.93895376,4.420723215
723.721,23.49155602,5.017247075
723.921,22.29661378,5.416945108
724.121,24.65041085,4.322452473
724.321,24.63790927,5.236055475
724.521,22.98203651,4.287168556
724.721,23.69838603,3.272143286
724.921,24.19063116,5.174421385
725.121,24.09141855,5.258702295
725.321,24.04982342,6.451771832
725.521,23.32066328,4.882702389
725.721,23.52866694,6.147681772
725.921,25.3633579,6.469377819
726.121,25.33305209,4.494717591
726.321,23.94871673,5.793495612
726.521,23.84723019,5.749832661
726.721,23.18040673,4.690809054
726.921,23.68566174,5.459262185
727.121,23.86312052,4.233752586
727.321,24.09616971,5.379148835
727.521,24.10534758,5.295902554
727.721,24.32105208,6.272088608
727.921,22.44362258,5.405429428
728.121,23.17674939,6.528947006
728.321,23.16367321,4.561295507
728.521,25.02125155,2.69901622
728.721,23.63235188,6.813038909
728.921,24.04790729,6.207502596
729.121,23.00519464,6.379538899
729.321,23.73603696,4.870164934
729.521,23.9501103,4.47379274
729.721,24.75985025,4.864873016
729.921,24.15516692,5.371669603
730.121,22.42643661,5.668552761
730.321,23.81183948,5.219189503
730.521,22.37245413,6.484501287
730.721,22.34318617,5.290866986
730.921,23.03040326,5.759099963
731.121,22.8803402,3.87684513
731.321,22.05744638,5.990216553
731.521,22.02189359,5.939108184
731.721,21.18642852,5.313962535
731.921,22.65658994,5.153667593
732.121,23.3404112,5.452345082
732.321,22.40835571,4.577169278
732.521,22.74565418,5.952569355
732.721,23.60146808,3.33125198
732.921,22.09964114,6.432448858
733.121,22.33633989,6.218748544
733.321,20.82861871,5.730692233
733.521,22.9492163,6.236915455
733.721,21.46513648,5.369716709
733.921,22.60985995,5.605787047
734.121,21.80797544,6.802851949
734.321,21.98782691,5.450397465
734.521,23.13692278,6.367501732
734.721,21.55245637,5.480983137
734.921,22.74683532,5.288176843
735.121,22.14162831,6.523343029
735.321,22.50809597,7.002856748
735.521,21.27605182,6.933791159
735.721,20.14496678,5.341771682
735.921,21.72456559,7.874726512
736.121,22.44394226,6.520852181
736.321,22.02790196,6.696660485
736.521,24.21266977,6.44440375
736.721,21.4784925,5.747133817
736.921,21.44146911,5.219604377
737.121,21.96875903,7.114526458
737.321,22.25906398,6.497723938
737.521,21.84219016,5.850285236
737.721,20.47332585,6.216935606
737.921,22.50870285,4.866560906
738.121,21.62333949,5.976672988
738.321,21.24670399,6.004811101
738.521,20.31324832,5.765906398
738.721,21.63023961,6.644236659
738.921,22.9153372,5.667086077
739.121,22.79208878,6.957163012
739.321,21.42657678,6.864331313
739.521,21.37953323,5.95365328
739.721,22.71345647,5.775435263
739.921,20.33821307,6.128931317
740.121,20.17064457,7.335694743
740.321,21.50899908,7.027804752
740.521,22.47304988,7.137588666
740.721,22.10714412,5.883692672
740.921,21.38530679,6.33232828
741.121,20.84857409,3.528829924
741.321,20.83023496,7.175366325
741.521,19.96183817,7.823022586
741.721,20.56091051,6.050975137
741.921,21.2418227,5.73163983
742.121,22.33324163,7.042355906
742.321,21.19595986,5.581246872
742.521,20.41374953,6.56529452
742.721,20.9412424,7.244781828
742.921,21.48330452,5.384248569
743.121,20.27624498,7.678525878
743.321,20.9185312,6.472595265
743.521,20.63456941,6.628397434
743.721,20.27022201,7.393600843
743.921,19.66728758,5.758277728
744.121,21.21625716,6.336756626
744.321,19.9973345,7.374418769
744.521,20.03236188,7.27046173
744.721,20.15513608,7.372491611
744.921,19.52029722,6.980314846
745.121,20.73771308,6.888948834
745.321,18.87562435,5.722385804
745.521,20.1926737,8.159638149
745.721,20.66587099,6.303636093
745.921,20.21752588,6.305895133
746.121,20.78946001,8.487317718
746.321,20.33933493,8.055208578
746.521,20.75086113,5.592425011
746.721,19.80873709,8.699544902
746.921,20.75365301,8.109903092
747.121,20.03334626,5.845760646
747.321,19.5866337,6.821307011
747.521,20.13127162,6.434483111
747.721,20.28851208,7.559955077
747.921,19.50055241,6.273587425
748.121,19.89159974,7.603218264
748.321,18.49128312,7.397729076
748.521,20.20999595,6.290963425
748.721,18.70512313,7.145019745
748.921,19.67214884,6.31064964
749.121,20.69255329,5.931148183
749.321,21.11676938,6.051654882
749.521,19.6759209,8.336158772
749.721,19.97332029,6.326951697
749.921,19.23256598,7.710266268
750.121,17.89698767,6.316507247
750.321,19.72436869,6.843980527
750.521,19.87617994,6.480165706
750.721,18.4248344,7.318790103
750.921,18.71021713,7.098270963
751.121,18.41963972,7.198232004
751.321,19.19072963,9.066258544
751.521,18.18819819,5.325765391
751.721,20.20262217,6.893695847
751.921,20.0224247,6.980811921
752.121,19.05600162,6.261480276
752.321,18.52458267,6.316948038
752.521,19.31233578,7.141969997
752.721,17.8724495,7.012025224
752.921,18.02765738,7.814744521
753.121,20.09803085,8.102549511
753.321,18.40427172,7.534344766
753.521,18.04978537,6.504392305
753.721,18.44003297,7.710252365
753.921,19.39004227,6.015821594
754.121,18.39353188,6.805950169
754.321,17.78308074,8.10249325
754.521,18.76302556,7.396118801
754.721,17.61552247,5.624707412
754.921,19.07242231,6.979399122
755.121,19.61717068,7.327788454
755.321,18.913697,7.586331629
755.521,18.61729231,7.412950207
755.721,16.49813625,8.100614281
755.921,18.23033126,7.48524158
756.121,18.45659348,7.858545174
756.321,18.43812523,9.453618594
756.521,19.16049493,8.365163842
756.721,18.16325801,7.016437269
756.921,16.96322036,7.160430762
757.121,17.0938783,7.044361375
757.321,16.47127631,7.556410824
757.521,15.89167711,8.250002857
757.721,16.27881271,8.627470572
757.921,17.33438507,6.810042
758.121,17.19155082,7.025489465
758.321,17.215309,6.855120169
758.521,17.57291995,8.782225824
758.721,16.89039164,8.683167766
758.921,16.44828712,7.728210976
759.121,17.20246777,7.299187886
759.321,18.31568728,6.71344117
759.521,17.45437487,5.769932346
759.721,18.2083502,7.842002733
759.921,16.43223395,8.267745795
760.121,16.05734415,8.345983767
760.321,17.34382111,7.644420518
760.521,16.41252204,7.859119829
760.721,16.45865596,8.592374238
760.921,16.08839534,7.127515109
761.121,16.21338062,8.429873641
761.321,17.35172242,8.04964714
761.521,16.90842952,7.033906129
761.721,16.69211913,6.791085597
761.921,17.25724327,6.350605567
762.121,15.760908,7.739163523
762.321,17.35860064,7.509796164
762.521,16.80697059,7.009491558
762.721,15.71252324,8.641273132
762.921,17.06147472,7.741020667
763.121,15.09644979,8.173309544
763.321,16.47671418,7.282223034
763.521,15.61481051,8.749383043
763.721,16.3314353,9.754114747
763.921,16.15084753,7.183061429
764.121,15.54095021,7.56397549
764.321,16.66298466,8.323027811
764.521,16.39432023,8.193117399
764.721,15.2422911,5.626564443
764.921,16.70204668,6.986711225
765.121,14.44900943,7.782334272
765.321,16.64882619,7.782004911
765.521,16.19012101,6.713828649
765.721,16.63939008,7.463140235
765.921,15.25993003,7.917930678
766.121,15.43861016,6.054237676
766.321,14.92764638,7.701991088
766.521,15.53678678,6.208157608
766.721,16.82583006,5.827230373
766.921,13.882314,6.518151013
767.121,15.18745028,7.977548776
767.321,14.87669952,8.103080163
767.521,14.84918984,7.947236757
767.721,14.84680026,5.149133779
767.921,15.70606667,7.910067744
768.121,14.04870695,7.935378318
768.321,15.00271578,7.875729092
768.521,14.51053081,8.711979142
768.721,14.39198587,8.156918805
768.921,14.83032896,9.492015883
769.121,14.43306786,8.31100652
769.321,13.22105805,7.083500528
769.521,14.82498667,8.650306951
769.721,12.19455733,8.904072739
769.921,13.62186402,7.37049784
770.121,14.29920045,8.872315238
770.321,13.28788467,9.017471242
770.521,13.90157997,7.230122157
770.721,14.40167514,9.017137607
770.921,13.86380621,7.813509977
771.121,13.43017794,7.583077743
771.321,14.10700726,6.6265489
771.521,13.68157928,7.172840304
771.721,14.40212134,6.298513037
771.921,13.4215587,7.61850023
772.121,13.70988219,9.373275062
772.321,13.6598019,7.901358464
772.521,13.25318955,7.347185028
772.721,13.76682976,8.099701814
772.921,11.90771621,8.165364183
773.121,13.84748852,7.93139855
773.321,14.67813802,7.834257474
773.521,14.18425479,6.87400063
773.721,14.42035772,7.27973949
773.921,13.2824473,8.858366613
774.121,11.95318825,7.791715027
774.321,13.24769684,8.113876961
774.521,13.9163601,7.809025798
774.721,12.60265442,7.406037737
774.921,15.37463519,8.130838581
775.121,13.2919324,7.108806064
775.321,11.8418096,6.726489939
775.521,12.46110854,8.372291768
775.721,11.95457578,7.563076402
775.921,13.61030659,7.346945143
776.121,12.31727755,8.719180522
776.321,13.05676031,8.78166019
776.521,11.19617031,7.315348227
776.721,12.29402624,7.744599532
776.921,12.22913997,6.872634034
777.121,11.28775969,6.708650236
777.321,12.86260052,7.468363366
777.521,13.49259048,6.767009774
777.721,13.95773393,8.711704325
777.921,12.70820068,5.241150438
778.121,13.57280614,8.57363628
778.321,11.47887032,7.872344122
778.521,10.79647201,8.496090415
778.721,12.13633218,8.709278282
778.921,11.79096373,9.617960521
779.121,12.3848523,7.923145274
779.321,12.97364701,6.518584866
779.521,12.34872517,7.783030862
779.721,9.306367064,7.824587164
779.921,11.99416086,7.828129114
780.121,12.36789174,7.560793104
780.321,11.84378806,8.057796857
780.521,13.36911358,7.022605714
780.721,11.79550234,7.777564008
780.921,13.19328903,7.427186747
781.121,12.2257217,7.737797317
781.321,12.23646874,6.6919181
781.521,11.62681109,7.53474071
781.721,12.56940967,7.04057324
781.921,11.29117739,6.665824873
782.121,10.7697278,6.29409057
782.321,10.60264101,7.427453477
782.521,11.70403219,6.636467943
782.721,11.60865168,8.591491938
782.921,10.2902999,6.382471074
783.121,11.61514561,8.549664
783.321,12.18238616,7.957012996
783.521,12.06009309,7.603976145
783.721,10.64442609,7.482462751
783.921,10.12352245,10.05734132
784.121,9.891665234,7.247872407
784.321,11.51308491,7.592681279
784.521,10.6763696,8.641560433
784.721,10.65289625,6.687150914
784.921,9.928324147,7.539563326
785.121,10.952489,7.108905305
785.321,10.59214563,8.8617876
785.521,10.78913123,6.536215277
785.721,10.41192788,7.715006096
785.921,10.16539517,7.653576886
786.121,11.2896026,7.820020796
786.321,10.15389646,7.603396767
786.521,10.36371063,7.784784667
786.721,9.56976733,6.706500873
786.921,11.21036147,7.360156339
787.121,10.7199983,6.093972082
787.321,9.190788107,7.259978717
787.521,10.06131546,8.013695183
787.721,8.667684754,7.640833275
787.921,9.676686867,6.758985882
788.121,9.292827575,8.221555139
788.321,9.325459197,6.637657637
788.521,8.351851598,6.092524606
788.721,9.323443567,8.328958485
788.921,8.982526791,6.502219683
789.121,8.634894718,7.001103354
789.321,10.33640336,8.085153893
789.521,8.679516541,6.065068816
789.721,9.013849865,7.072552372
789.921,9.082773522,6.968156432
790.121,9.468196687,7.074133323
790.321,9.529265898,7.276355333
790.521,8.84915065,3.899791045
790.721,8.741175782,6.758794345
790.921,9.842613013,7.840071048
791.121,8.62866312,8.230253088
791.321,9.245278879,8.999607246
791.521,9.445234413,6.205063962
791.721,9.838415351,6.202676133
791.921,9.63936957,6.305855149
792.121,9.336011477,6.916088143
792.321,9.6404513,8.423864815
792.521,9.278998683,7.653299895
792.721,9.487179377,7.713357037
792.921,9.177574307,7.366051905
793.121,8.725698665,7.351345617
793.321,8.858275794,6.599125476
793.521,7.764300337,7.604620304
793.721,8.899670257,6.18572003
793.921,7.887065931,8.096033509
794.121,9.023078631,6.376905172
794.321,8.298335413,6.183392779
794.521,8.968516366,6.073145621
794.721,8.766679395,6.28942497
794.921,8.947625531,6.772575882
795.121,8.871151472,6.960158647
795.321,8.348457642,6.423599322
795.521,6.417225985,5.670469221
795.721,8.608025791,6.120128615
795.921,8.627763121,5.931452896
796.121,8.273431698,7.869430473
796.321,6.49825295,6.244135404
796.521,7.682226334,8.204522721
796.721,7.702201037,7.006604132
796.921,7.47942906,6.917862968
797.121,8.082174969,7.662115882
797.321,7.357463604,6.626692888
797.521,8.562841481,6.87271633
797.721,6.433550066,8.124667436
797.921,6.771388184,6.415361856
798.121,7.047701947,7.97082811
798.321,7.992549775,8.069696516
798.521,7.059258797,5.95599762
798.721,6.978803829,8.547459694
798.921,7.455835829,7.999779133
799.121,6.331576425,7.655075099
799.321,7.82708198,6.813288032
799.521,8.586801607,6.929922814
799.721,6.902280939,7.380978171
799.921,6.372740773,7.356111261
800.121,6.948401004,8.928452041
800.321,7.735694833,6.310909387
800.521,8.16343755,6.685339135
800.721,6.26126369,7.570936448
800.921,6.612710539,7.351305471
801.121,7.223052967,6.011507635
801.321,6.443593778,6.383135703
801.521,7.308145332,6.961347702
801.721,6.767554938,7.851897658
801.921,6.62833234,7.027309409
802.121,7.419821393,8.714532407
802.321,6.509432291,6.560507579
802.521,6.881921407,6.902440783
802.721,6.666761891,6.469914467
802.921,7.400582625,6.373976158
803.121,7.351593483,7.391472654
803.321,7.38878261,6.803589867
803.521,8.448412274,5.829023467
803.721,3.721093599,7.51275892
803.921,5.970337397,6.411131814
804.121,6.637153093,5.704484558
804.321,6.156765856,7.258131571
804.521,6.552528475,5.424941988
804.721,5.923319499,5.676329394
804.921,4.855367305,6.561998055
805.121,5.661834579,6.078702149
805.321,5.539039649,7.0443853
805.521,5.489861498,4.544307727
805.721,6.318374684,6.696116671
805.921,5.915211105,5.921806363
806.121,4.978482685,8.600604837
806.321,7.626545646,7.084528156
806.521,5.819122744,5.819829322
806.721,5.28171338,6.164766572
806.921,5.655874763,6.340666078
807.121,6.562716042,7.888092158
807.321,4.124992623,5.949279227
807.521,4.675418414,6.988848581
807.721,4.322798542,6.448890341
807.921,6.287196675,6.505446927
808.121,5.502780705,5.624472005
808.321,6.211638375,6.394309295
808.521,4.64989463,6.369406685
808.721,6.894165185,7.057463175
808.921,5.834206865,7.596354358
809.121,5.564439523,7.377174581
809.321,5.391138926,6.654081091
809.521,4.683311675,6.708923191
809.721,5.094923128,6.088052355
809.921,4.722135242,6.126140263
810.121,4.141830105,6.198764893
810.321,3.884176675,6.106921906
810.521,5.372575149,6.489382646
810.721,4.888093939,6.787963301
810.921,4.84464472,6.580596855
811.121,4.203296696,7.142206552
811.321,3.654639843,6.495111298
811.521,5.321466104,5.165614871
811.721,3.740901079,6.0855709
811.921,3.736417704,5.746560447
812.121,5.087722418,7.061913954
812.321,2.445793005,6.7823715
812.521,5.055446,4.541108747
812.721,4.638861944,5.239157498
812.921,3.267715259,5.08245805
813.121,2.914221344,6.108123211
813.321,3.248900984,6.145960339
813.521,3.541300606,6.57013599
813.721,5.185157755,6.912080447
813.921,3.116984755,5.986004426
814.121,4.207285597,6.162469602
814.321,5.085172111,4.558662113
814.521,4.707467668,5.402572904
814.721,5.306476771,5.72953222
814.921,3.881705889,6.403941103
815.121,4.833388814,6.404826074
815.321,5.379502009,5.305417146
815.521,3.280161942,4.284591383
815.721,2.512352141,5.43063919
815.921,4.786703148,5.640647537
816.121,5.367409424,5.145689539
816.321,3.096109715,6.049435319
816.521,4.569191813,5.434954146
816.721,4.437312225,4.923882725
816.921,3.668942468,6.15801482
817.121,4.37511187,5.325292742
817.321,3.441669445,7.605588831
817.521,3.645047754,6.962383323
817.721,4.428977958,4.884935398
817.921,4.239762346,6.085814972
818.121,3.077118409,5.750369805
818.321,2.841410809,4.496877787
818.521,2.95412943,5.654839497
818.721,5.012867656,5.347363544
818.921,4.893306254,5.413851484
819.121,5.389995427,5.04945219
819.321,3.338627184,6.004502866
819.521,2.757379508,5.531362944
819.721,3.147368886,5.102667939
819.921,3.150747176,4.91473255
820.121,3.185525174,6.195976442
820.321,4.65337639,5.564191317
820.521,3.023570694,4.903426587
820.721,3.130511047,7.697666807
820.921,2.395922593,7.269214964
821.121,2.242576033,5.901877763
821.321,2.342430594,5.1316719
821.521,3.980374139,3.51657761
821.721,3.255427099,6.563502024
821.921,2.073110913,5.085581307
822.121,3.455163014,5.368124336
822.321,1.866682027,4.103702157
822.521,2.429317081,5.720530604
822.721,3.219911765,5.581926443
822.921,3.435292934,5.005331156
823.121,3.31096522,5.672664437
823.321,3.667454144,4.587744949
823.521,3.880499404,5.02372779
823.721,2.348045453,4.939668946
823.921,2.828284676,6.449651488
824.121,2.590105477,5.227349858
824.321,3.916100761,5.62581299
824.521,3.952455497,6.015689164
824.721,3.020743766,3.762858766
824.921,3.191832354,5.716971437
825.121,1.901675284,5.134719609
825.321,1.478289638,5.388959193
825.521,3.181328663,4.234533526
825.721,3.531124581,5.474139433
825.921,2.080910192,5.720082449
826.121,3.572653571,4.914118711
826.321,1.498044338,5.418149707
826.521,2.578466985,3.850290233
826.721,4.147557978,5.074951122
826.921,3.682535597,5.081679598
827.121,2.661832874,2.678079731
827.321,2.660332308,6.426722027
827.521,0.988264366,5.362167889
827.721,3.042383357,4.424431331
827.921,1.469668326,4.700974509
828.121,1.931321686,3.942459895
828.321,3.052650716,5.089137585
828.521,2.26150877,3.759040222
828.721,3.515464304,3.90719171
828.921,1.045214662,4.090375347
829.121,3.259647042,2.711663074
829.321,1.405407225,4.523081045
829.521,3.868865214,3.555168746
829.721,2.378762136,3.452004475
829.921,1.995196908,4.664177559
830.121,2.605006777,5.020200976
830.321,0.555208327,5.179343996
830.521,1.663256437,3.704074662
830.721,2.786089488,5.370256348
830.921,2.108703112,3.963517488
831.121,2.14043739,4.32209512
831.321,1.959021547,3.006560327
831.521,0.927776236,6.093922433
831.721,2.04353213,6.107437214
831.921,1.423061837,3.435737851
832.121,2.632598617,4.676534598
832.321,1.766113504,1.94702926
832.521,2.357804676,4.14251977
832.721,0.632146298,4.739683371
832.921,1.034780377,3.983320184
833.121,2.081332529,3.858534089
833.321,1.306327992,3.063419074
833.521,1.292203007,3.428204428
833.721,1.745575853,3.386285104
833.921,3.459646799,3.951810095
834.121,1.67720797,6.198837885
834.321,1.162217998,2.787512263
834.521,0.749010022,2.125572564
834.721,1.550904478,4.363532792
834.921,2.090386496,3.576527474
835.121,1.581033785,5.009051807
835.321,2.229814746,4.186051185
835.521,2.032261642,2.806431498
835.721,2.187771699,2.44418342
835.921,3.021800055,4.17550805
836.121,2.161132688,4.371641172
836.321,1.042647746,2.973427304
836.521,1.282764817,3.927695677
836.721,-0.561905107,4.221717648
836.921,1.73744645,2.717690567
837.121,2.120429147,3.134638772
837.321,2.463320641,4.036270314
837.521,1.422788316,3.742295704
837.721,0.891176062,2.625196158
837.921,0.96267995,3.859989813
838.121,2.967021773,4.109626756
838.321,1.586110075,3.957518704
838.521,2.052586877,2.154096523
838.721,2.179496616,2.898532763
838.921,1.102973745,3.168925979
839.121,0.674612954,3.782417093
839.321,3.181075921,3.714697419
839.521,0.89882775,3.091514137
839.721,0.133332927,3.147921862
839.921,0.541427252,3.264439695
840.121,1.670419197,3.487537618
840.321,1.840610839,3.59207233
840.521,0.448325685,1.758734005
840.721,1.758211267,1.907009855
840.921,1.445349688,3.353314436
841.121,1.737315869,2.972543335
841.321,2.211017194,4.246702953
841.521,1.245522864,3.012445629
841.721,2.297064321,2.043037542
841.921,1.293177407,2.941751666
842.121,0.398721879,2.327282082
842.321,1.283644759,2.037307058
842.521,-1.256467741,1.107934777
842.721,0.011220932,3.110035442
842.921,1.262156446,2.83920452
843.121,1.164532855,2.850651795
843.321,2.174393441,1.944089725
843.521,-0.024406202,2.562627384
843.721,1.520167156,1.852157427
843.921,2.003029119,2.509068316
844.121,0.014455989,3.392854959
844.321,2.115433608,1.623780527
844.521,0.421473523,2.775666917
844.721,1.0402232,3.016740656
844.921,0.913419796,4.180444715
845.121,1.621724504,0.942683032
845.321,0.79271172,3.56764948
845.521,1.075617482,3.584152169
845.721,-0.386180653,1.781420655
845.921,0.581939515,3.718674447
846.121,1.523068584,2.348498706
846.321,0.987533149,1.511496519
846.521,1.860032971,1.6657124
846.721,1.329090807,2.140709723
846.921,1.129586805,4.173247342
847.121,0.498636603,0.95756551
847.321,0.74619509,1.435866931
847.521,0.749852374,1.511508764
847.721,2.326863982,3.205975578
847.921,-0.962946382,1.75886624
848.121,1.607874596,1.448040667
848.321,-0.015757563,1.712492829
848.521,1.655021092,0.307963636
848.721,1.668100182,2.227008231
848.921,0.26701268,1.166846319
849.121,3.559564518,1.844752675
849.321,0.516995907,1.93287247
849.521,1.151464415,0.087575866
849.721,1.534754448,1.992058341
849.921,0.33753479,1.654775048
850.121,2.406239844,1.958801058
850.321,1.819990699,1.959911887
850.521,2.767857948,0.94256014
850.721,0.644425208,2.562551939
850.921,0.261892182,0.810459462
851.121,1.320643506,1.342846176
851.321,2.03441457,2.42606886
851.521,1.75153604,1.889392876
851.721,1.132220729,0.930119353
851.921,0.880035057,1.290238086
852.121,0.518739027,2.889624537
852.321,0.863502564,1.669185877
852.521,1.479952545,0.342618159
852.721,0.942555852,2.098662887
852.921,1.288143228,0.500459647
853.121,0.190848937,1.614531184
853.321,-0.461813823,1.069027756
853.521,0.556833958,1.090767763
853.721,2.010810221,1.440352623
853.921,1.784440862,1.262212346
854.121,0.990820242,2.697579486
854.321,1.220554035,-0.597828866
854.521,1.534741702,0.937723287
854.721,0.772979221,0.502104397
854.921,0.404622391,-0.15479393
855.121,0.833049556,0.494054374
855.321,1.989726509,0.544240961
855.521,1.477892386,0.794749064
855.721,1.535712325,1.512608679
855.921,0.446916729,0.082255066
856.121,1.971570273,0.906329148
856.321,0.242068573,0.493198787
856.521,0.132767724,1.531039505
856.721,0.750788221,2.399929229
856.921,-0.349402866,-0.082387371
857.121,0.727344523,0.7802566
857.321,0.70644388,1.721769482
857.521,-0.695735188,-0.419986531
857.721,0.569821412,2.46859653
857.921,1.922324382,1.055708726
858.121,0.243298122,1.214875562
858.321,2.282888421,0.438569833
858.521,0.176828944,0.983696376
858.721,0.700073579,0.858002913
858.921,0.75929472,0.303153316
859.121,1.277224442,0.766942195
859.321,0.246166993,2.275245327
859.521,0.751544377,1.610456843
859.721,0.854244591,1.582401354
859.921,1.784255802,0.246741332
860.121,-0.458788814,-0.296230378
860.321,1.706554304,1.363466866
860.521,0.858482027,0.380374699
860.721,1.805140781,0.220527448
860.921,0.805534694,0.684515034
861.121,0.669224871,1.001105871
861.321,-0.443968334,0.117436448
861.521,3.095426746,0.318489434
861.721,0.473882076,-0.558450167
861.921,2.648069662,1.160043656
862.121,1.158534494,1.821039285
862.321,1.009723184,0.214243548
862.521,1.788072373,-0.621162145
862.721,0.988812391,0.112654928
862.921,0.871420312,0.48333392
863.121,0.544962651,0.835886753
863.321,2.348863997,-1.100350468
863.521,0.887128158,0.0520597
863.721,-0.795052249,-1.579517699
863.921,1.660899824,-0.15756144
864.121,1.157480461,1.213458904
864.321,0.407013678,-0.932558633
864.521,1.632407031,-0.070742926
864.721,1.086147327,-0.24238468
864.921,-0.164285729,-0.17553869
865.121,1.038815796,-0.084802218
865.321,1.012347343,0.740934672
865.521,1.03898724,-1.347406397
865.721,0.539787759,-0.949850379
865.921,1.927705824,0.539408329
866.121,1.550420638,-0.934189206
866.321,0.890274668,-0.727605581
866.521,2.052131984,-0.688724321
866.721,0.964642922,-0.45269058
866.921,0.862710093,1.316289997
867.121,1.671041806,-1.426684779
867.321,-0.434365224,-2.021383795
867.521,0.737129944,1.285389926
867.721,0.364995503,0.268708668
867.921,1.323415376,-1.175689678
868.121,1.872513473,0.126843699
868.321,1.126593913,-3.248796763
868.521,0.18142466,0.359362931
868.721,1.639225303,1.146218787
868.921,1.673844092,0.249640019
869.121,0.855900372,0.688438909
869.321,0.399110434,0.943048518
869.521,2.554022229,-1.248441612
869.721,1.075695405,-1.825635364
869.921,1.67918864,-0.502385051
870.121,1.404765802,0.989833353
870.321,1.762587343,-0.391508606
870.521,2.005536467,-1.076980047
870.721,1.291746582,-0.625260868
870.921,0.798475445,-0.496592694
871.121,2.058680488,-1.416631202
871.321,3.31844298,-0.869581122
871.521,1.487687061,-0.049776179
871.721,1.387243729,-1.245844499
871.921,2.330510205,-1.18683186
872.121,2.177421815,-1.935434478
872.321,0.198106043,0.156584738
872.521,2.030672703,-0.360345392
872.721,1.424253955,-2.661191708
872.921,1.686874296,0.103012347
873.121,1.355309337,-1.974118722
873.321,2.170024092,-0.08564512
873.521,0.668935243,-0.693961057
873.721,2.241697489,-0.048114473
873.921,2.088155559,-1.967796168
874.121,2.518704676,-1.018918438
874.321,1.806142442,-1.438893442
874.521,3.086812467,-1.225737837
874.721,1.684897186,-2.136897418
874.921,0.967049479,-1.157776017
875.121,2.733881776,-0.30088389
875.321,1.808465818,-1.333686708
875.521,0.017563713,-0.560032033
875.721,3.324481218,-1.372648887
875.921,1.815967126,-1.47186369
876.121,1.156577085,-1.28086264
876.321,3.280293683,-1.393661442
876.521,1.323598882,-0.825329347
876.721,1.816247576,-1.384771169
876.921,3.607758933,-1.360784942
877.121,2.143658654,-1.233803362
877.321,2.502287629,-1.272770683
877.521,2.084298468,-1.467707884
877.721,1.000856242,-0.48386133
877.921,1.616787937,-1.393529925
878.121,3.928345883,-0.118636894
878.321,2.344813335,-1.229706137
878.521,2.754760561,-1.470292757
878.721,3.231973285,-0.510551265
878.921,1.45415075,-1.848882953
879.121,2.487046362,-3.284447111
879.321,2.547394244,0.233477249
879.521,2.894682986,0.013073216
879.721,3.162801476,0.10917249
879.921,2.321759978,-1.387404599
880.121,2.341176014,-2.888159521
880.321,1.546665217,-2.522151717
880.521,2.090153297,-3.246186333
880.721,4.110968809,-3.529388181
880.921,3.242950464,-1.043595982
881.121,3.377333712,-2.599827333
881.321,1.59499688,-0.916100167
881.521,2.222674393,-2.333225166
881.721,1.808253149,-1.385776558
881.921,3.69120469,-1.0013099
882.121,2.624306848,-1.676321799
882.321,2.995037893,-1.118035654
882.521,3.037961625,-1.534131364
882.721,2.075765907,-3.178062916
882.921,3.521354799,-1.142062026
883.121,3.119961679,-1.564425701
883.321,3.437083143,-2.209393529
883.521,4.136024629,-2.214118875
883.721,2.92708507,-1.167095123
883.921,4.433195609,-2.378485553
884.121,1.234138376,-3.131715167
884.321,3.64910456,-1.003704888
884.521,1.810759098,-3.136626358
884.721,2.434562562,-1.231437114
884.921,1.624378851,-2.105864084
885.121,3.696746413,-1.630055018
885.321,2.523745767,-0.934582486
885.521,3.275733595,-0.553010635
885.721,3.456508019,-2.667897144
885.921,2.314387381,-2.205456293
886.121,3.08978322,-2.057031438
886.321,5.319689173,-2.960653958
886.521,2.517456409,-2.697885596
886.721,4.305379347,-3.018004157
886.921,3.161816139,-2.517716408
887.121,4.51461528,-3.000813129
887.321,4.267443993,-0.691154639
887.521,4.57988135,-3.722958625
887.721,4.300904563,-2.566791255
887.921,2.572949162,-2.875416187
888.121,3.505288584,-2.583591166
888.321,3.844169308,-3.028348347
888.521,4.157996397,-1.536105331
888.721,3.633806809,-1.82563935
888.921,3.459495246,-2.340877152
889.121,3.634366898,-2.673325948
889.321,3.232332152,-0.641745999
889.521,3.887797399,-3.298940056
889.721,2.125856567,-2.515245072
889.921,4.858210965,-2.844571549
890.121,3.691259977,-3.058437417
890.321,3.008155036,-2.986017514
890.521,5.861120544,-3.306294672
890.721,4.756685309,-2.571580444
890.921,5.60426207,-2.941172842
891.121,5.157081424,-3.340480394
891.321,3.577411968,-1.81518742
891.521,4.278619198,-2.045418107
891.721,4.306363688,-1.087680888
891.921,4.507511058,-2.674170021
892.121,4.985737951,-3.129243202
892.321,5.23561666,-4.471821732
892.521,4.756060431,-3.728268221
892.721,5.709025244,-2.782354362
892.921,5.090541885,-3.786773972
893.121,4.439473519,-1.169522797
893.321,3.858177211,-3.213285908
893.521,4.124016002,-1.448123354
893.721,2.975504722,-3.821600189
893.921,4.882233664,-1.398275214
894.121,4.889575995,-2.051576121
894.321,4.628166237,-3.428653082
894.521,5.797478728,-2.99854896
894.721,6.150815709,-3.636179555
894.921,4.262705009,-3.930618069
895.121,5.06560218,-4.227826657
895.321,4.761188619,-2.247902767
895.521,5.085214223,-1.983739592
895.721,5.259114583,-3.685937718
895.921,5.646171046,-3.938451075
896.121,5.105282818,-1.76895853
896.321,5.703428153,-3.170520127
896.521,5.121610709,-3.640725201
896.721,5.227453248,-2.684363121
896.921,4.341497371,-3.637241014
897.121,6.009833503,-2.239661514
897.321,5.559484901,-3.190049801
897.521,5.082016066,-3.433077534
897.721,5.618560643,-3.6690611
897.921,4.53417159,-4.18976311
898.121,5.947672747,-2.440896334
898.321,5.906678216,-1.733156492
898.521,5.399882695,-3.394472677
898.721,4.992564374,-3.420649368
898.921,5.464810492,-4.61313959
899.121,4.310082099,-5.448098227
899.321,4.558989176,-4.197977932
899.521,5.075605263,-3.565523244
899.721,6.189090596,-1.978763246
899.921,6.528689589,-3.154940655
900.121,6.829134565,-4.97002533
900.321,6.331957857,-3.740073386
900.521,5.362121323,-3.240969853
900.721,5.188042345,-4.178005891
900.921,6.032873472,-2.567103993
901.121,5.005477573,-3.867661829
901.321,6.175437097,-2.919152466
901.521,5.842008189,-2.065350795
901.721,6.895991221,-3.271966354
901.921,6.280946338,-3.25107463
902.121,6.187526392,-4.040092203
902.321,6.133543957,-4.491381332
902.521,7.563236088,-4.32692778
902.721,7.202236215,-3.216386288
902.921,7.498106468,-3.869177679
903.121,6.552276853,-4.675236264
903.321,6.390813527,-3.474945277
903.521,5.354537196,-3.878302409
903.721,5.192693683,-3.045083888
903.921,7.126088973,-3.157063014
904.121,6.569974075,-2.816521994
904.321,6.154829181,-2.854046041
904.521,7.369945461,-4.177531176
904.721,6.714349594,-4.738928309
904.921,7.126989806,-4.563690955
905.121,6.477603467,-2.84718113
905.321,7.77828948,-3.390518515
905.521,5.76705151,-4.625140109
905.721,7.180487425,-2.837827438
905.921,6.468102141,-2.539009923
906.121,7.913259351,-4.934625962
906.321,7.480284124,-3.209195779
906.521,8.493840482,-2.545677904
906.721,7.909602233,-4.26125998
906.921,6.995440703,-3.468297675
907.121,7.483099235,-5.282949973
907.321,7.962228748,-4.212218671
907.521,8.020168474,-5.163457564
907.721,6.638489986,-5.253355767
907.921,8.360228311,-1.881031413
908.121,9.155431544,-4.28094917
908.321,8.2799618,-3.784785779
908.521,8.342403464,-3.771885853
908.721,5.828682708,-4.321595472
908.921,7.776889601,-2.776976184
909.121,6.838147431,-2.464077371
909.321,8.505256137,-4.729282752
909.521,7.432771253,-4.157609347
909.721,7.798099278,-3.514648502
909.921,7.445183796,-5.311692884
910.121,8.774355806,-5.292179562
910.321,7.468527343,-4.760012749
910.521,8.881017611,-3.681443986
910.721,8.789707148,-3.890564319
910.921,8.083413764,-4.934969871
911.121,8.804370689,-5.405143897
911.321,7.104811843,-4.047375265
911.521,10.18981367,-4.045505435
911.721,8.568468146,-2.493740647
911.921,7.788555717,-4.461147308
912.121,9.121194458,-4.792448046
912.321,9.017679836,-4.898558347
912.521,8.928549002,-2.932330064
912.721,9.547165664,-5.506449429
912.921,8.264275084,-4.004923542
913.121,9.895884897,-4.373165567
913.321,8.895818242,-5.205205673
913.521,8.769749844,-4.924345777
913.721,9.040314441,-2.470688332
913.921,7.933755601,-5.108828451
914.121,8.761737517,-4.705463092
914.321,8.722803268,-4.422606531
914.521,7.990007373,-2.561450397
914.721,9.307523278,-5.223686051
914.921,9.827242485,-4.574134635
915.121,8.562743415,-2.959871618
915.321,8.79512546,-4.637930246
915.521,10.161029,-3.840476085
915.721,9.512420987,-4.374751072
915.921,9.182029347,-4.328609886
916.121,9.131653493,-5.303882343
916.321,8.837977567,-6.269496113
916.521,10.53124551,-3.881404661
916.721,8.990973494,-3.276588175
916.921,10.55570353,-3.981248304
917.121,10.26337989,-4.330006092
917.321,9.457135497,-4.42532733
917.521,9.875235963,-5.538065532
917.721,9.937688426,-3.776330144
917.921,9.699548052,-3.920672682
918.121,10.89979354,-5.406322138
918.321,10.97697102,-4.372956316
918.521,9.855239855,-4.32065554
918.721,10.29367133,-5.382114312
918.921,10.84150082,-2.948952253
919.121,11.14426528,-5.813368024
919.321,9.632957883,-6.508940169
919.521,9.20206189,-6.069092635
919.721,9.59718755,-3.798426294
919.921,12.36479069,-4.234991802
920.121,10.3859646,-4.009120993
920.321,9.850192404,-6.009974235
920.521,10.30900035,-4.356851361
920.721,11.10584642,-4.48002229
920.921,11.34978928,-3.556112019
921.121,9.832254675,-4.476024782
921.321,11.306625,-4.237200037
921.521,10.45878963,-3.600799866
921.721,12.42336535,-3.87151837
921.921,11.09992615,-5.155161603
922.121,10.86349803,-4.318398102
922.321,11.0318884,-3.638943626
922.521,11.55320986,-4.145965203
922.721,11.32972033,-4.272351877
922.921,11.7236881,-3.920741743
923.121,10.95073437,-4.327887019
923.321,12.10737046,-4.589609486
923.521,12.69019192,-4.796967212
923.721,11.65077347,-2.857695349
923.921,11.1645203,-4.796290785
924.121,10.64560629,-4.888097207
924.321,11.36894406,-5.408037062
924.521,12.4592644,-5.079364584
924.721,11.71605787,-3.269777858
924.921,12.49955432,-4.908959455
925.121,10.92586475,-3.69263534
925.321,9.842917185,-5.401822545
925.521,13.0326438,-4.785829372
925.721,12.71961932,-5.438744923
925.921,11.57552767,-4.644519924
926.121,12.57909213,-5.329055082
926.321,12.62849581,-4.768577725
926.521,13.88726937,-4.969981263
926.721,13.65599293,-4.142396809
926.921,12.35590466,-4.870948299
927.121,12.24835019,-5.907846219
927.321,12.46092765,-4.983669818
927.521,11.00076268,-4.956010358
927.721,13.59433171,-4.903016012
927.921,11.71845775,-5.633834653
928.121,13.12066246,-3.97807055
928.321,13.31640797,-5.305951745
928.521,13.101101,-4.851616032
928.721,12.06033912,-5.009453173
928.921,12.10332864,-3.700326829
929.121,11.33343771,-4.445479589
929.321,13.36746664,-5.301769919
929.521,12.86156695,-4.047267753
929.721,12.72799647,-4.10853982
929.921,13.19615099,-5.662748553
930.121,12.4295053,-5.089878974
930.321,11.99200423,-4.535379087
930.521,13.3246396,-3.571431142
930.721,13.07720081,-3.758773585
930.921,11.52253919,-5.055130522
931.121,12.07282174,-3.806902984
931.321,13.68581015,-4.91460765
931.521,13.13882139,-5.674969414
931.721,13.62556292,-4.209128999
931.921,13.55039788,-4.167980676
932.121,15.23634549,-4.790779834
932.321,13.90172321,-3.888949985
932.521,13.7425322,-5.48802287
932.721,13.04279592,-4.873546846
932.921,13.39608493,-3.812081208
933.121,14.99784823,-4.530361723
933.321,13.96375633,-3.955225785
933.521,12.26380706,-3.945609869
933.721,14.3131942,-6.184909255
933.921,13.76902868,-3.791562586
934.121,13.87669395,-3.966146198
934.321,13.51428639,-5.276367224
934.521,13.51812768,-5.345252213
934.721,13.67117345,-5.067277175
934.921,14.52277057,-4.148520372
935.121,14.40402068,-5.523716369
935.321,13.77819781,-5.251868313
935.521,14.03425513,-3.778137435
935.721,12.40966225,-5.553264114
935.921,13.44226303,-6.931232388
936.121,13.89621805,-6.283528177
936.321,14.81056928,-4.813733028
936.521,15.14360184,-4.060713476
936.721,14.40787648,-4.771762496
936.921,13.95366024,-4.949472974
937.121,14.7872089,-4.597791958
937.321,15.6968163,-6.510036592
937.521,14.58551024,-4.934519492
937.721,14.77747715,-5.15865951
937.921,14.83990264,-3.201286228
938.121,15.8046813,-4.171187455
938.321,15.69750574,-4.277678651
938.521,13.91681562,-3.875543744
938.721,14.43321992,-4.516061325
938.921,15.87605509,-4.354105546
939.121,15.92269511,-3.940635611
939.321,15.07869633,-5.525406553
939.521,14.72818769,-4.183256872
939.721,14.58313778,-4.13865791
939.921,16.3666956,-5.307764917
940.121,15.55660975,-3.95120137
940.321,15.53876828,-4.972786365
940.521,14.62602262,-4.006063696
940.721,16.4566195,-4.791054919
940.921,14.66020432,-6.145984723
941.121,16.97967167,-4.107279025
941.321,14.11441323,-4.027681822
941.521,16.67275122,-4.403091746
941.721,15.59236268,-4.254121211
941.921,17.17265044,-5.163920987
942.121,17.36648383,-4.441256799
942.321,16.43952882,-3.986192678
942.521,17.77327861,-4.35269896
942.721,16.74013197,-4.359868354
942.921,15.96274738,-5.931773031
943.121,17.1858199,-5.350123683
943.321,15.52303837,-2.821988261
943.521,15.92828284,-5.662783779
943.721,17.0374627,-5.450308538
943.921,17.09151438,-4.777603746
944.121,15.39848382,-3.819750097
944.321,16.71548927,-5.225011367
944.521,14.83607889,-4.687787227
944.721,16.98934349,-5.135638684
944.921,15.17981514,-4.428832534
945.121,16.25005858,-4.596086856
945.321,17.530186,-5.359742736
945.521,16.75023737,-5.222148449
945.721,16.7799854,-3.118446583
945.921,17.74857342,-4.301402424
946.121,15.9938506,-4.8148679
946.321,16.63118241,-4.645944034
946.521,18.03648332,-4.784222078
946.721,16.97178918,-4.259719979
946.921,15.73492005,-4.444213149
947.121,16.84803993,-4.143086597
947.321,18.38154593,-5.347174163
947.521,16.73126112,-3.92443551
947.721,18.39517807,-5.002603475
947.921,18.35273216,-3.966682028
948.121,16.06552952,-3.105685185
948.321,18.69410753,-3.829022941
948.521,17.14899584,-4.149093872
948.721,17.58283497,-4.677314851
948.921,16.9966055,-4.677005232
949.121,17.00609632,-3.878717319
949.321,18.09809945,-2.522094417
949.521,17.49547334,-4.428142677
949.721,16.16879675,-4.687014329
949.921,17.7810321,-4.958925508
950.121,17.44393076,-6.316214416
950.321,18.73615296,-3.491407806
950.521,20.15923981,-5.054873129
950.721,18.39184107,-3.541526081
950.921,18.34583018,-3.953844183
951.121,17.99429408,-4.69809194
951.321,18.72996963,-3.600234918
951.521,17.75867807,-3.360619878
951.721,18.32021546,-4.487398208
951.921,15.93180327,-4.594628515
952.121,18.51756497,-4.648197445
952.321,17.97163456,-5.0953955
952.521,17.30702618,-3.486299568
952.721,17.786217,-3.469155349
952.921,18.67238967,-3.082698455
953.121,16.4185523,-4.520720257
953.321,16.69875897,-4.547543148
953.521,19.83109601,-6.136593098
953.721,18.12644335,-4.626522951
953.921,18.17321569,-4.121073411
954.121,17.06939625,-5.169831801
954.321,19.01367255,-2.82404152
954.521,20.28604116,-3.329560481
954.721,17.34036422,-3.222656574
954.921,19.43302643,-4.43722584
955.121,19.31851906,-4.054833033
955.321,17.95593085,-3.967578049
955.521,18.91886465,-4.274961995
955.721,19.44138335,-5.046107838
955.921,20.83646725,-3.643924338
956.121,18.47081974,-3.761377071
956.321,18.56020106,-3.638818365
956.521,20.33255373,-2.922024367
956.721,18.72173129,-3.738839599
956.921,18.04828342,-4.217504625
957.121,19.90802564,-4.00685517
957.321,19.27227182,-1.336762224
957.521,19.44443627,-3.521797613
957.721,21.33518038,-4.501479794
957.921,18.83794186,-2.873834109
958.121,19.84653815,-3.373412663
958.321,17.93537792,-2.29652944
958.521,20.4414005,-3.470818959
958.721,20.80930558,-4.014870888
958.921,19.70897035,-3.685785386
959.121,19.36552637,-2.801444244
959.321,20.3572393,-4.438259401
959.521,19.62354238,-3.477785316
959.721,20.48721795,-2.842461258
959.921,18.91457958,-4.276654782
960.121,18.86292511,-3.985062979
960.321,18.56659844,-4.502779452
960.521,20.06725194,-3.579013347
960.721,19.99258557,-2.279127174
960.921,20.22262147,-4.334713295
961.121,20.5444609,-1.036536363
961.321,20.67366656,-3.961872236
961.521,19.7813834,-3.380630759
961.721,20.44911176,-4.852607533
961.921,20.33787552,-4.349838766
962.121,20.13354152,-4.389674758
962.321,21.05262415,-3.875985918
962.521,20.90304357,-5.245451356
962.721,20.53501092,-2.38326278
962.921,17.85684578,-2.297505138
963.121,19.82216442,-3.228619264
963.321,20.08034476,-2.86379352
963.521,21.54250788,-4.975003889
963.721,20.87803605,-4.160173691
963.921,21.17631256,-3.082709939
964.121,20.47730127,-2.989905945
964.321,22.17848079,-2.216334136
964.521,21.88242689,-2.535284318
964.721,20.5360884,-3.634584904
964.921,21.47502002,-2.796267992
965.121,20.80339758,-4.144758923
965.321,19.88466365,-3.081115973
965.521,20.29472409,-3.758020436
965.721,20.42674635,-2.681706846
965.921,21.45091591,-3.555836322
966.121,20.81618838,-3.045209588
966.321,19.21218095,-2.850260408
966.521,21.28658894,-3.473896489
966.721,21.33102589,-4.66580176
966.921,21.39047518,-2.435626544
967.121,21.21737977,-4.041971451
967.321,22.62183877,-2.236322186
967.521,20.57093733,-2.925599981
967.721,20.77033098,-3.745896289
967.921,20.73290232,-3.301147125
968.121,21.82237141,-3.887316417
968.321,20.9370657,-4.010180443
968.521,22.45365436,-2.583792002
968.721,22.40405532,-3.273398515
968.921,21.5822254,-4.089006766
969.121,22.71134257,-3.247082829
969.321,22.65733954,-2.757261845
969.521,21.92885699,-2.805017315
969.721,22.01255605,-3.03240591
969.921,23.12146488,-3.093168996
970.121,23.93175499,-3.707720534
970.321,22.1893845,-1.678833512
970.521,21.13096504,-2.408428625
970.721,20.49955423,-2.091424805
970.921,21.70521075,-3.431869908
971.121,21.57910489,-3.800360063
971.321,22.2163982,-3.385107624
971.521,21.66398205,-2.919151063
971.721,21.38555021,-3.614418613
971.921,22.10714239,-1.715092922
972.121,22.02943099,-2.1875059
972.321,21.35318727,-4.047899977
972.521,22.98352191,-3.895768088
972.721,22.31096299,-5.094120177
972.921,21.94666966,-2.738019863
973.121,21.62999841,-3.42515763
973.321,22.10656152,-2.34168847
973.521,22.29852309,-2.187754999
973.721,22.22465282,-1.083268313
973.921,21.76882911,-2.532953499
974.121,22.94003267,-2.096933773
974.321,21.9401582,-2.474561484
974.521,21.9566868,-2.765382817
974.721,22.69105864,-3.063704436
974.921,22.80079495,-3.510909191
975.121,23.90631808,-1.162336673
975.321,22.60014957,-2.661704863
975.521,22.5973144,-2.378544759
975.721,22.71135646,-1.422962127
975.921,23.85821813,-3.364803006
976.121,22.31179839,-2.929097091
976.321,23.60404034,-0.803466277
976.521,23.64910243,-2.507648956
976.721,21.01924522,-2.172758823
976.921,22.3634137,-2.661444324
977.121,23.75681291,-2.097699056
977.321,24.70692753,-2.3040688
977.521,22.75906635,-1.446275094
977.721,23.76653575,-1.547382378
977.921,24.07637477,-1.983095751
978.121,23.80484172,-1.53409076
978.321,23.12219515,-3.587713166
978.521,23.52627364,-2.851432738
978.721,22.99371202,-0.619534455
978.921,22.0923454,-1.206413347
979.121,22.17196306,-1.276720499
979.321,22.37924549,-1.093720709
979.521,25.20277408,-1.31519368
979.721,23.22158956,-1.071900619
979.921,24.19880705,-1.342258444
980.121,23.82145347,-2.301430095
980.321,23.2620686,-0.519973592
980.521,23.30057176,-0.935088488
980.721,23.95081421,-0.741699346
980.921,23.54712978,-0.520661253
981.121,23.24538816,-1.965391507
981.321,22.93375883,-1.808307238
981.521,22.78913203,-1.890222151
981.721,24.66007674,-3.466404959
981.921,23.92197352,-0.220230589
982.121,23.72473423,-1.099089867
982.321,25.05241248,-0.140677313
982.521,22.80541335,-1.624967932
982.721,24.16704407,-0.262519972
982.921,24.30827122,-1.154899493
983.121,22.71980164,-2.387416089
983.321,24.36303889,-1.353870443
983.521,24.74481146,-0.681687575
983.721,23.21035181,-0.623292184
983.921,23.93012332,-1.778045334
984.121,23.33089125,0.320337092
984.321,23.2895676,-1.25580481
984.521,23.94033267,-2.213093679
984.721,24.26285962,-0.396288702
984.921,23.88992977,-1.562263288
985.121,25.81620676,-2.180696583
985.321,23.7513485,-1.679822445
985.521,25.32604663,-0.227807473
985.721,22.72915806,-2.108322623
985.921,25.09685472,-1.399538445
986.121,23.34706129,-1.158017721
986.321,23.69540574,-0.367249949
986.521,24.4831104,-0.546053383
986.721,24.78871194,-1.168269485
986.921,24.51260265,-2.00907517
987.121,24.92761042,-0.977805407
987.321,24.21453359,-1.431825501
987.521,23.97556564,-0.237461023
987.721,24.34519192,-0.448514565
987.921,23.57771363,-2.052439085
988.121,24.74752216,-0.921210798
988.321,23.9702667,-1.382235195
988.521,23.31655843,-1.308443601
988.721,24.55254421,-1.930941235
988.921,24.01577536,-2.373171466
989.121,25.87190987,-0.98225794
989.321,24.04325666,-1.548795143
989.521,24.95677172,-1.433116217
989.721,25.50810508,0.210286856
989.921,22.74493787,-0.342055456
990.121,23.77237032,0.412197344
990.321,24.74908016,-0.859666083
990.521,25.34218177,0.464154635
990.721,24.80657512,-0.28954285
990.921,23.21816043,-0.797329938
991.121,24.93269825,-1.687767781
991.321,25.80556335,-0.124300201
991.521,23.30591818,-0.987458144
991.721,23.04967107,-1.496720442
991.921,24.41930691,0.043322902
992.121,26.26026178,-0.48331634
992.321,25.41662619,0.303624802
992.521,25.85151893,-1.192385997
992.721,25.43112243,-0.123837585
992.921,25.05846742,-0.342738265
993.121,24.87725839,-2.061178414
993.321,24.60183008,-0.119545224
993.521,24.57120769,-1.232307848
993.721,22.7933985,-0.107862066
993.921,23.37800944,0.688957227
994.121,25.58304417,-1.01715832
994.321,25.60897381,0.682699681
994.521,24.25469483,0.239782765
994.721,24.44521186,-1.748057451
994.921,24.49643796,-0.811955803
995.121,25.18555346,-0.833808398
995.321,24.03185398,-0.976690829
995.521,23.59120022,-0.259902512
995.721,24.68465681,0.757159519
995.921,24.36874923,0.619997973
996.121,25.37580921,-0.38894423
996.321,24.74306154,-0.556369611
996.521,26.46562585,0.799312074
996.721,25.00845133,-0.177948983
996.921,25.94875071,-0.067111653
997.121,25.02832634,-0.156298929
997.321,24.75536917,-0.032867082
997.521,23.74359527,-1.491389201
997.721,25.42417414,0.926046674
997.921,24.69979531,-0.111000431
998.121,25.1783981,-0.566228155
998.321,25.56138251,-0.348451187
998.521,26.04073505,1.769564993
998.721,25.04837805,-0.178724115
998.921,23.67746728,0.400858165
999.121,24.00062135,-1.027809481
999.321,24.63187357,-0.167279086
999.521,25.15716133,0.79087573
999.721,24.77379464,0.349401413
999.921,25.7981798,0.722112647
1000.121,26.15698868,-0.190796053
1000.321,25.47943069,0.02263045
1000.521,24.982204,0.539187054
1000.721,24.2952888,0.502044898
1000.921,25.73190404,-0.552706852
1001.121,24.0357786,1.189991537
1001.321,25.77884124,3.21234164
1001.521,25.59142497,-0.033059029
1001.721,24.88321873,1.137961079
